{"type":"FeatureCollection","features":[{"type":"Feature","id":"Komunat.1","geometry":{"type":"MultiPolygon","coordinates":[[[[21.4128747,42.40502924],[21.4150949,42.40202464],[21.4249486,42.40426614],[21.4240332,42.40572124],[21.4286192,42.40767294],[21.4280588,42.40879704],[21.4304498,42.40672124],[21.4353933,42.40918604],[21.4448684,42.40717614],[21.4479798,42.40811884],[21.4496365,42.41484294],[21.4456017,42.41578754],[21.4475724,42.41820094],[21.4355342,42.42620584],[21.4424111,42.42712464],[21.4524979,42.42419434],[21.4550664,42.41807854],[21.4591574,42.41672714],[21.4650416,42.41918864],[21.4692539,42.42296704],[21.4823978,42.41454434],[21.485183,42.41731944],[21.4840061,42.41879334],[21.4875185,42.42172744],[21.4897059,42.42093944],[21.4919885,42.42241594],[21.4988131,42.42261524],[21.501503,42.42538684],[21.5092646,42.42685534],[21.51579,42.41733144],[21.522472,42.41554424],[21.522648,42.41274254],[21.525062,42.41068294],[21.5337583,42.41331744],[21.5392409,42.41209004],[21.5372048,42.40736624],[21.5352434,42.40732484],[21.5348417,42.40555244],[21.531526,42.40551104],[21.5349912,42.40340754],[21.5351406,42.39764154],[21.5386992,42.39842094],[21.5392315,42.39677944],[21.5344401,42.39626204],[21.5358318,42.39294424],[21.5331419,42.39204064],[21.5335513,42.39058284],[21.5395162,42.38777924],[21.5335636,42.38422004],[21.5279438,42.38504844],[21.5178667,42.39259284],[21.5140656,42.39173544],[21.5103778,42.39309464],[21.5052177,42.39177204],[21.4950177,42.39637754],[21.4867988,42.39684294],[21.4743512,42.40365014],[21.4756749,42.40193584],[21.4741955,42.40002274],[21.4761633,42.39866894],[21.4732612,42.39760254],[21.4714633,42.39992344],[21.4674286,42.40021094],[21.4640664,42.39453404],[21.4598901,42.39156474],[21.4533214,42.39438774],[21.4517146,42.39285074],[21.4489894,42.39304944],[21.4456201,42.38950494],[21.4469154,42.38695374],[21.443808,42.38516044],[21.4437089,42.38258804],[21.4398994,42.38114204],[21.4323975,42.37967254],[21.4301514,42.38313414],[21.4208455,42.38241994],[21.4130288,42.39182854],[21.4128747,42.40502924]]]]},"geometry_name":"geom","properties":{"shapeName":"Municipality of Partesh","shapeISO":null,"shapeID":"46174442B23291947139751","shapeGroup":"XKX","shapeType":"ADM2","Rajoni":"Rajoni i Gjilanit"}},{"type":"Feature","id":"Komunat.2","geometry":{"type":"MultiPolygon","coordinates":[[[[20.5629444,42.10594614],[20.5770848,42.12034234],[20.5987479,42.12542664],[20.6078355,42.13494114],[20.6217252,42.14324264],[20.63724,42.14733684],[20.6410329,42.15148164],[20.6571189,42.15028614],[20.6669587,42.15516784],[20.6746355,42.15364644],[20.6753664,42.15488264],[20.6797035,42.15481174],[20.6834552,42.15168764],[20.6919518,42.15015914],[20.7030015,42.15095744],[20.7065864,42.15328204],[20.7077612,42.15141434],[20.7100034,42.15204084],[20.7129952,42.14460144],[20.723115,42.14407984],[20.7298975,42.14649084],[20.7382168,42.14354664],[20.7387659,42.14026004],[20.7477035,42.14155484],[20.7494007,42.14539944],[20.7576495,42.14838864],[20.7633297,42.15392504],[20.7662989,42.15392534],[20.770453,42.14414544],[20.7742504,42.13873344],[20.779233,42.13518474],[20.7800068,42.12844444],[20.783016,42.12540194],[20.7898009,42.08125544],[20.7844082,42.07833624],[20.7834793,42.07571544],[20.7859824,42.07113974],[20.7599285,42.05271004],[20.7650189,42.04184354],[20.7510021,42.00897494],[20.7498004,41.98575644],[20.7661111,41.96333334],[20.7671382,41.95678514],[20.762675,41.95282764],[20.7589865,41.94437114],[20.756633,41.94445284],[20.7685446,41.92901984],[20.7729008,41.92683424],[20.770449,41.92453884],[20.7721702,41.92107194],[20.7764794,41.91873904],[20.7556713,41.90614044],[20.7501197,41.89491174],[20.740869,41.89326214],[20.7376433,41.88858044],[20.7358139,41.87706754],[20.7277048,41.86432584],[20.7059181,41.86477794],[20.6933413,41.85981804],[20.6834745,41.85773204],[20.6779663,41.86851894],[20.6706881,41.87345164],[20.6630735,41.87516704],[20.6485435,41.87452764],[20.6321583,41.86107714],[20.6188675,41.85776344],[20.6040872,41.86769344],[20.5943514,41.87720284],[20.5934892,41.88433744],[20.5879569,41.89112754],[20.5757245,41.91796444],[20.5854008,41.91845644],[20.5891448,41.92216364],[20.5905141,41.92685784],[20.5981966,41.92945024],[20.6052566,41.92882584],[20.6068189,41.93168324],[20.6171194,41.93912204],[20.6203884,41.94312374],[20.6241057,41.95721104],[20.6248903,41.97183684],[20.621883,41.97818364],[20.6173951,41.98019024],[20.611908,41.98544124],[20.6118305,41.98961304],[20.601867,42.01625274],[20.5973677,42.01973134],[20.5949811,42.04311474],[20.5910637,42.04482284],[20.5762071,42.05793954],[20.5701265,42.05889794],[20.5579235,42.07528394],[20.5594859,42.07867064],[20.5545676,42.08284494],[20.5678519,42.09832064],[20.5629444,42.10594614]]]]},"geometry_name":"geom","properties":{"shapeName":"Municipality of Dragash","shapeISO":null,"shapeID":"46174442B18151583601453","shapeGroup":"XKX","shapeType":"ADM2","Rajoni":"Rajoni i Prizrenit"}},{"type":"Feature","id":"Komunat.3","geometry":{"type":"MultiPolygon","coordinates":[[[[20.5388797,42.51973314],[20.5513349,42.52043104],[20.5554427,42.52294224],[20.5552754,42.52708274],[20.5577143,42.52696764],[20.5615988,42.52372984],[20.5613343,42.52253834],[20.5566203,42.52403394],[20.5580013,42.52234514],[20.5549662,42.51799654],[20.5587033,42.51256824],[20.5574782,42.51110314],[20.5613023,42.51064414],[20.563717,42.50425364],[20.5665555,42.50228384],[20.5733455,42.50167764],[20.5835237,42.49476924],[20.5883136,42.48944954],[20.597147,42.48733314],[20.5970945,42.48565564],[20.604279,42.48139634],[20.6096766,42.48800164],[20.6134169,42.48720934],[20.6164097,42.48829194],[20.6344488,42.48275134],[20.6459002,42.48757974],[20.6509768,42.49327334],[20.6584471,42.49003064],[20.6644925,42.48957864],[20.6623636,42.48790014],[20.6655533,42.48008134],[20.6642284,42.47508744],[20.670087,42.47195924],[20.6710647,42.46573074],[20.6641526,42.45819764],[20.6646052,42.45140404],[20.6692923,42.44789774],[20.6696885,42.44423814],[20.6724519,42.44225544],[20.68209,42.43626804],[20.6924207,42.43430574],[20.6954102,42.43149364],[20.6909927,42.43001794],[20.6914996,42.42469734],[20.6878641,42.42242734],[20.6867009,42.41574604],[20.6963432,42.41376714],[20.7090293,42.41751434],[20.7119696,42.41274604],[20.7104796,42.40801904],[20.7124682,42.40341174],[20.7179244,42.40371134],[20.7252644,42.40731754],[20.7299692,42.40396644],[20.7234372,42.39810924],[20.7257181,42.39214014],[20.7261014,42.37582594],[20.7241548,42.36737794],[20.7203275,42.36175664],[20.7223063,42.35657624],[20.7172688,42.35044234],[20.7104709,42.34944624],[20.703252,42.34227394],[20.7054266,42.33854624],[20.7051848,42.33447034],[20.7025602,42.33320444],[20.7095437,42.32932514],[20.7024756,42.31855194],[20.6997384,42.31943884],[20.6955024,42.31335334],[20.6948258,42.31643734],[20.6821515,42.32289144],[20.6865628,42.32727954],[20.6838819,42.32901524],[20.6868756,42.33137844],[20.686759,42.33536194],[20.6792694,42.34146074],[20.6724688,42.34113614],[20.6714108,42.34427404],[20.6569457,42.33612824],[20.6596977,42.33188274],[20.6557838,42.33079044],[20.6521489,42.32620344],[20.6472781,42.32456924],[20.6458914,42.32077454],[20.643791,42.32132114],[20.6404368,42.31855114],[20.6375052,42.31321284],[20.6325456,42.31588744],[20.6284839,42.31306124],[20.6244739,42.30554004],[20.6253362,42.29973414],[20.6215391,42.30212454],[20.6129773,42.30256544],[20.6090124,42.30615614],[20.6046762,42.30705824],[20.6023265,42.31013944],[20.6030193,42.31416384],[20.5974724,42.31945374],[20.5924609,42.31945384],[20.5967068,42.32118224],[20.6001413,42.32584094],[20.5984143,42.33022394],[20.6017518,42.33021604],[20.6047291,42.33273254],[20.5902764,42.33682554],[20.5858387,42.33656664],[20.5809608,42.33928044],[20.5701604,42.33868794],[20.5659465,42.34352964],[20.5552794,42.34581914],[20.551859,42.35188664],[20.5485576,42.35182904],[20.5433057,42.34916804],[20.5397438,42.34973934],[20.5393543,42.35418564],[20.5274967,42.36357334],[20.526811,42.36915294],[20.5207744,42.36946764],[20.5223479,42.37347094],[20.5195207,42.37573164],[20.5146443,42.37432004],[20.5126352,42.37596644],[20.5139515,42.37906574],[20.5111974,42.38487154],[20.5170422,42.38953564],[20.5167075,42.39497644],[20.5186334,42.39821534],[20.5126535,42.39708064],[20.509252,42.40165214],[20.5052357,42.40279294],[20.5033559,42.40527184],[20.5033467,42.40805984],[20.5063555,42.41173694],[20.5115641,42.41260564],[20.5098882,42.41664764],[20.5139049,42.41735784],[20.5175008,42.42083954],[20.5150558,42.42383894],[20.5181544,42.42707274],[20.5157779,42.43439904],[20.5075074,42.44056964],[20.5128219,42.44537364],[20.5097176,42.45004024],[20.5096502,42.45409404],[20.5031457,42.45953344],[20.5028885,42.46248664],[20.5059835,42.46393314],[20.5060537,42.46573794],[20.5009962,42.46787684],[20.4998699,42.47079874],[20.5040149,42.47459364],[20.5093519,42.47466144],[20.5092168,42.48006134],[20.5160845,42.48092234],[20.5149274,42.48347314],[20.5058844,42.48803174],[20.5085263,42.49516854],[20.5142357,42.50137554],[20.5155514,42.50802624],[20.5216351,42.51133514],[20.5367474,42.51016644],[20.5347222,42.51534754],[20.5388797,42.51973314]]]]},"geometry_name":"geom","properties":{"shapeName":"Municipality of Rahovec","shapeISO":null,"shapeID":"46174442B52143291436714","shapeGroup":"XKX","shapeType":"ADM2","Rajoni":"Rajoni i Gjakovës"}},{"type":"Feature","id":"Komunat.4","geometry":{"type":"MultiPolygon","coordinates":[[[[20.8788151,42.24505924],[20.889012,42.24017274],[20.9003243,42.24045904],[20.9066046,42.24224774],[20.9112777,42.24631614],[20.9187432,42.24977054],[20.9208353,42.25406984],[20.942159,42.26568054],[20.9457377,42.27216154],[20.9596395,42.27327144],[20.9671676,42.27658784],[20.9811194,42.27954874],[20.9791518,42.29158394],[20.9762473,42.29591844],[20.9838275,42.30898644],[21.0061601,42.31242194],[21.0166348,42.30883774],[21.0357182,42.29841514],[21.0374498,42.30383684],[21.0401004,42.30589884],[21.0400054,42.30967104],[21.0442415,42.31431404],[21.0410391,42.32035634],[21.0472844,42.33261014],[21.0531908,42.33152724],[21.0601608,42.32801404],[21.0633556,42.32816764],[21.0683333,42.31771114],[21.0737277,42.31624114],[21.0758239,42.31170674],[21.0859057,42.30898664],[21.0888756,42.30625974],[21.0952653,42.30560634],[21.0987037,42.29982594],[21.1013457,42.29917784],[21.1016591,42.29415304],[21.1062141,42.28874424],[21.1118968,42.28733174],[21.1258635,42.28126374],[21.1318195,42.28015404],[21.1335344,42.28196764],[21.1382046,42.27750984],[21.1381405,42.27544574],[21.1427209,42.27557694],[21.1401316,42.27327714],[21.141028,42.27117174],[21.1445086,42.26750234],[21.14673,42.26791644],[21.1443835,42.26110614],[21.1447873,42.25350874],[21.1470829,42.25167514],[21.1458349,42.24530184],[21.1408532,42.24083264],[21.1306973,42.23894404],[21.1233869,42.22514324],[21.1181027,42.20932534],[21.1191426,42.20677454],[21.1035945,42.20484624],[21.0829952,42.18933114],[21.0737255,42.18691444],[21.0697773,42.18780484],[21.0591342,42.17877354],[21.0515678,42.16537964],[21.0404232,42.16490614],[21.0278919,42.15498074],[20.9815216,42.13928124],[20.9802351,42.14201234],[20.9825546,42.16046154],[20.9684671,42.18229594],[20.9607242,42.18494504],[20.9593048,42.18728984],[20.9390874,42.19284884],[20.9344649,42.19357904],[20.9325183,42.19258254],[20.9159679,42.19595204],[20.9118989,42.19563074],[20.9050398,42.19794044],[20.896127,42.19728054],[20.8756961,42.20007784],[20.8642005,42.20421364],[20.864543,42.20797494],[20.8603961,42.21428464],[20.8609664,42.21724054],[20.8719237,42.22010924],[20.8695261,42.23379794],[20.8788151,42.24505924]]]]},"geometry_name":"geom","properties":{"shapeName":"Municipality of Shtërpcë","shapeISO":null,"shapeID":"46174442B24119781461305","shapeGroup":"XKX","shapeType":"ADM2","Rajoni":"Rajoni i Ferizajit"}},{"type":"Feature","id":"Komunat.5","geometry":{"type":"MultiPolygon","coordinates":[[[[21.5063733,42.73240984],[21.5114415,42.73227954],[21.5132389,42.72968484],[21.5210766,42.72846304],[21.5260858,42.72552954],[21.5400772,42.72369074],[21.5418873,42.72845654],[21.5525303,42.73109634],[21.5581333,42.73822994],[21.5600044,42.73834844],[21.561739,42.73356064],[21.5679103,42.73133394],[21.5714512,42.72783094],[21.5783109,42.72865104],[21.5813863,42.72529054],[21.5830746,42.72739664],[21.5901893,42.72671724],[21.5922978,42.72531264],[21.5945214,42.71025124],[21.5910506,42.70696614],[21.5913834,42.70351324],[21.5991721,42.70384914],[21.6045329,42.70219014],[21.6088781,42.69774254],[21.6170036,42.69608904],[21.6196324,42.69681144],[21.6232073,42.69481284],[21.624534,42.69629054],[21.6302115,42.69694714],[21.630083,42.69907814],[21.6324817,42.70016364],[21.6361698,42.69655654],[21.638099,42.69777774],[21.6396642,42.69235544],[21.6487222,42.68549324],[21.6487059,42.67949294],[21.6536453,42.67602714],[21.6584851,42.66926854],[21.6647385,42.66637514],[21.6675206,42.66897134],[21.6739333,42.67095484],[21.6748586,42.67522764],[21.6775661,42.67628184],[21.6760368,42.68247764],[21.6784751,42.68680414],[21.6908001,42.69123444],[21.6993379,42.69076924],[21.7039901,42.69251714],[21.7080497,42.68975984],[21.7171436,42.68978864],[21.7202121,42.69228054],[21.7227697,42.69174714],[21.7245936,42.69494874],[21.7292499,42.69523264],[21.7325502,42.69376314],[21.737554,42.69469634],[21.7459077,42.69981204],[21.7523495,42.70055144],[21.752817,42.69476954],[21.7559553,42.69271974],[21.761285,42.68267654],[21.7695976,42.67883144],[21.771615,42.67596114],[21.7727732,42.66685524],[21.7806748,42.66255584],[21.7894228,42.65130114],[21.7832509,42.64659954],[21.7785898,42.64673284],[21.7789982,42.64345564],[21.7704334,42.63462304],[21.7679898,42.63381094],[21.7608672,42.63799264],[21.7579776,42.63669364],[21.7539884,42.62847184],[21.7539587,42.62448074],[21.7567014,42.62227474],[21.7570234,42.61905004],[21.7514103,42.61254994],[21.7517147,42.60892684],[21.7508411,42.60745434],[21.7455716,42.60895294],[21.7447476,42.60392634],[21.7419648,42.60456564],[21.7384166,42.60116854],[21.7401273,42.59095874],[21.7475477,42.58104324],[21.7481217,42.57025504],[21.744769,42.56520594],[21.7488835,42.56167764],[21.747816,42.55890784],[21.7414296,42.55332144],[21.7283163,42.54703294],[21.7144184,42.55005844],[21.7066746,42.54972274],[21.7019695,42.54534824],[21.7030943,42.54410544],[21.7013226,42.54087644],[21.6935241,42.53935454],[21.6970997,42.53576854],[21.6967258,42.53133584],[21.6984997,42.52857784],[21.7075672,42.52212334],[21.7105732,42.51658444],[21.7069569,42.51340294],[21.6946867,42.51558704],[21.6920588,42.51759104],[21.6622112,42.52755414],[21.6446373,42.52832904],[21.6182444,42.54459854],[21.6145751,42.54319154],[21.6107557,42.53866994],[21.5809724,42.53541284],[21.5732048,42.53702564],[21.5700934,42.53911264],[21.5580127,42.54007704],[21.5497515,42.54388714],[21.5449021,42.55160154],[21.5411899,42.55353004],[21.5347741,42.55414644],[21.5112565,42.54965724],[21.5191326,42.54567434],[21.5198339,42.54027074],[21.5230925,42.53733644],[21.5265368,42.53874744],[21.5371848,42.53086554],[21.5352117,42.52863264],[21.5382683,42.52648344],[21.53658,42.52382964],[21.5379073,42.52198054],[21.5408593,42.52180574],[21.5422978,42.52422364],[21.545934,42.52352114],[21.5465962,42.52669774],[21.549686,42.52548314],[21.5498904,42.52366294],[21.5459685,42.51982514],[21.5436619,42.51977544],[21.5485551,42.51500614],[21.5402733,42.51179074],[21.5413282,42.51441634],[21.5381402,42.51750474],[21.5365406,42.51708194],[21.5368987,42.51902654],[21.5342883,42.52042014],[21.5335778,42.52375284],[21.5294547,42.52626644],[21.5284512,42.53039544],[21.525235,42.52991034],[21.5231027,42.52765924],[21.5203216,42.52865504],[21.5136998,42.53529884],[21.5109882,42.54284564],[21.5054832,42.54453414],[21.5046894,42.55055994],[21.5029211,42.55040754],[21.5021318,42.54756134],[21.4988385,42.55020154],[21.4969187,42.54874804],[21.4950792,42.54927114],[21.498171,42.55336354],[21.497371,42.55733364],[21.492756,42.56209264],[21.4947296,42.56580344],[21.4964265,42.57246004],[21.4999988,42.57497404],[21.5067838,42.57616394],[21.5055677,42.58361474],[21.5033293,42.58541694],[21.5061734,42.59078934],[21.5017837,42.59230764],[21.5013724,42.59438164],[21.4972464,42.59419934],[21.4936875,42.59602054],[21.4908051,42.59368204],[21.4891087,42.59431204],[21.4881896,42.59607564],[21.4897806,42.59797434],[21.4839407,42.60734964],[21.487004,42.60909544],[21.4866066,42.61588714],[21.4836762,42.61515094],[21.4828949,42.61646184],[21.471598,42.61860064],[21.4676297,42.62411004],[21.4616749,42.62451694],[21.459804,42.62870954],[21.461812,42.63076394],[21.46084,42.63476464],[21.4628758,42.63783564],[21.4597423,42.63837124],[21.4599651,42.63950894],[21.4616668,42.64192864],[21.4710048,42.64364354],[21.4673228,42.65695764],[21.4747128,42.65649434],[21.4738392,42.65828814],[21.4691431,42.66384354],[21.4609232,42.66579794],[21.4508507,42.67417414],[21.4331336,42.67753374],[21.4308187,42.68631544],[21.4333236,42.68979194],[21.4295283,42.69212604],[21.4192647,42.69383134],[21.4156043,42.70050824],[21.4169975,42.70270794],[21.4234259,42.70466374],[21.4320944,42.70321244],[21.4336284,42.70738184],[21.4366917,42.70838564],[21.4386419,42.70555424],[21.4431834,42.70459894],[21.4479238,42.69816394],[21.4528156,42.69889744],[21.4717306,42.69511544],[21.4782132,42.69511474],[21.4809234,42.69637534],[21.4804405,42.70215074],[21.484586,42.70394274],[21.484591,42.70819454],[21.4886916,42.70856734],[21.4846731,42.71341744],[21.4873709,42.71622524],[21.4899554,42.71543994],[21.4947209,42.71792844],[21.4951837,42.72095474],[21.4998213,42.72287544],[21.4983806,42.72538594],[21.5063733,42.73240984]]],[[[21.5524687,42.48271224],[21.558824,42.48425894],[21.5618352,42.49124674],[21.5646676,42.49363594],[21.5762548,42.49782854],[21.5799992,42.49703754],[21.5827028,42.49820034],[21.5869622,42.49662624],[21.5840868,42.49434004],[21.5842049,42.49185594],[21.5893332,42.48924524],[21.5847621,42.48366844],[21.5786287,42.48388504],[21.5788904,42.48192584],[21.5759731,42.48153014],[21.565805,42.48249774],[21.5598206,42.48065084],[21.5515271,42.47704074],[21.5530251,42.47304364],[21.5499155,42.47296244],[21.5469375,42.47586554],[21.5524687,42.48271224]]]]},"geometry_name":"geom","properties":{"shapeName":"Municipality of Kamenica","shapeISO":null,"shapeID":"46174442B30806718241347","shapeGroup":"XKX","shapeType":"ADM2","Rajoni":"Rajoni i Gjilanit"}},{"type":"Feature","id":"Komunat.6","geometry":{"type":"MultiPolygon","coordinates":[[[[20.9702891,42.64862554],[20.9762828,42.65008214],[20.9787669,42.64904954],[20.9829902,42.64972964],[20.9847562,42.65118284],[20.9934652,42.65121784],[20.9963725,42.65388784],[21.0018805,42.65173614],[20.9976551,42.65705554],[21.0048111,42.66034884],[21.0062816,42.66613384],[21.0091674,42.66675114],[21.0106568,42.66612244],[21.0112105,42.66085584],[21.0195561,42.66023684],[21.019266,42.65617724],[21.022638,42.65111394],[21.0249796,42.65175604],[21.0270055,42.64994564],[21.0289444,42.65260164],[21.0337894,42.64926874],[21.0365185,42.65139484],[21.0365763,42.64909594],[21.0461171,42.65018184],[21.049367,42.64945104],[21.0474961,42.64752714],[21.0491369,42.64693294],[21.054215,42.64784654],[21.0577851,42.65248334],[21.0575899,42.65513844],[21.0656487,42.65659734],[21.0659647,42.65820754],[21.0727282,42.65741374],[21.0712134,42.65630474],[21.0729697,42.64748494],[21.0757523,42.64842474],[21.0745861,42.65104194],[21.0774294,42.65189534],[21.0766429,42.65519234],[21.0820608,42.65476994],[21.0820404,42.65330324],[21.0845666,42.65384784],[21.0875216,42.65242824],[21.0879026,42.65578984],[21.0911899,42.65615394],[21.0903339,42.65969464],[21.1018669,42.66131904],[21.1166202,42.66062714],[21.1208951,42.66042874],[21.1234359,42.65236124],[21.1152799,42.64825014],[21.1088551,42.64682554],[21.1096664,42.64400854],[21.1118609,42.64420204],[21.1137833,42.63863254],[21.1095074,42.63711654],[21.1067821,42.64104514],[21.1038915,42.64051944],[21.1059549,42.63615584],[21.0982253,42.63283604],[21.1000919,42.63000444],[21.0977502,42.62839934],[21.0996341,42.61935304],[21.1046552,42.61478164],[21.1126908,42.61781104],[21.1155302,42.61033944],[21.1092854,42.60108674],[21.1038138,42.59718414],[21.1045228,42.59452954],[21.1012385,42.59512164],[21.0995944,42.58410564],[21.1012448,42.58066794],[21.1071459,42.58002104],[21.1078584,42.57850624],[21.104954,42.57631004],[21.1073962,42.57146144],[21.1006966,42.56972224],[21.0903971,42.59078554],[21.0891845,42.58997544],[21.0879516,42.59144694],[21.0725116,42.59410814],[21.0723734,42.59581744],[21.0669159,42.59654694],[21.0554843,42.59520264],[21.0587333,42.58901184],[21.0490847,42.58320294],[21.0484261,42.58775314],[21.041207,42.58620394],[21.0404014,42.58820384],[21.0299793,42.58919654],[21.0281573,42.58682874],[21.0213589,42.58528324],[21.0231095,42.58157204],[21.0060616,42.57768384],[20.9951233,42.57731294],[20.9893191,42.57275454],[20.9771115,42.57017104],[20.9805699,42.57960244],[20.9792285,42.59668114],[20.9652905,42.59950004],[20.9736135,42.60545704],[20.9710878,42.61352934],[20.9793609,42.61954454],[20.9863422,42.63077764],[20.985248,42.63289624],[20.9786031,42.63522594],[20.9696769,42.64434424],[20.9702891,42.64862554]]]]},"geometry_name":"geom","properties":{"shapeName":"Municipality of Fushë Kosovë","shapeISO":null,"shapeID":"46174442B39074565189275","shapeGroup":"XKX","shapeType":"ADM2","Rajoni":"Rajoni i Prishtinës"}},{"type":"Feature","id":"Komunat.7","geometry":{"type":"MultiPolygon","coordinates":[[[[21.4616749,42.62451694],[21.4676297,42.62411004],[21.471598,42.61860064],[21.4828949,42.61646184],[21.4836762,42.61515094],[21.4866066,42.61588714],[21.487004,42.60909544],[21.4839407,42.60734964],[21.4897806,42.59797434],[21.4881896,42.59607564],[21.4891087,42.59431204],[21.4908051,42.59368204],[21.4936875,42.59602054],[21.4972464,42.59419934],[21.5013724,42.59438164],[21.5017837,42.59230764],[21.5061734,42.59078934],[21.5033293,42.58541694],[21.5055677,42.58361474],[21.5067838,42.57616394],[21.4999988,42.57497404],[21.4964265,42.57246004],[21.4947296,42.56580344],[21.4917959,42.56943154],[21.4856748,42.57174194],[21.482157,42.57508304],[21.4786165,42.57558994],[21.4726593,42.57263174],[21.4728227,42.57115184],[21.4661973,42.56615134],[21.4599394,42.56933514],[21.4595453,42.57269324],[21.455147,42.57640394],[21.4528192,42.57468964],[21.4452398,42.57695174],[21.431826,42.57735074],[21.4265289,42.57334344],[21.4291585,42.56563304],[21.42672,42.55958184],[21.4340103,42.54666824],[21.4310801,42.54269884],[21.4217245,42.54066694],[21.4144266,42.53622754],[21.3982748,42.53657414],[21.4011287,42.53966894],[21.3960647,42.54470334],[21.3953111,42.54866554],[21.3916089,42.55080444],[21.3921775,42.55366194],[21.380195,42.55902074],[21.3779957,42.56547504],[21.3734601,42.56783694],[21.3655212,42.56575324],[21.362601,42.56652504],[21.3602482,42.56253684],[21.3538092,42.56129554],[21.3513332,42.55893334],[21.3462189,42.55979074],[21.3415957,42.55863454],[21.3326078,42.56028114],[21.3295517,42.55789484],[21.3289616,42.56058244],[21.3223549,42.56292014],[21.3249079,42.56577664],[21.3243943,42.56950454],[21.3324147,42.57202644],[21.3340239,42.57615194],[21.3382337,42.57941374],[21.3363588,42.58107974],[21.3378537,42.58552964],[21.3422397,42.58581494],[21.3457213,42.58128074],[21.3571203,42.59222464],[21.360778,42.59958664],[21.3617829,42.61269414],[21.3664152,42.61716534],[21.3774796,42.62153994],[21.3861106,42.62042914],[21.3887069,42.62626934],[21.3931755,42.62738544],[21.392833,42.63044864],[21.3983699,42.63326224],[21.4023192,42.63275804],[21.4059362,42.63010144],[21.4080396,42.62596424],[21.4072723,42.62316064],[21.4104648,42.62693044],[21.4148409,42.61875524],[21.4168246,42.62025324],[21.4181039,42.62959204],[21.4297747,42.62997264],[21.4308438,42.62466234],[21.4334277,42.62255374],[21.4349507,42.62317324],[21.4365921,42.61516244],[21.442192,42.61591094],[21.4460495,42.62080384],[21.4528673,42.62121324],[21.4546616,42.62294254],[21.4616749,42.62451694]]]]},"geometry_name":"geom","properties":{"shapeName":"Municipality of Novobërdë","shapeISO":null,"shapeID":"46174442B8169694097975","shapeGroup":"XKX","shapeType":"ADM2","Rajoni":"Rajoni i Prishtinës"}},{"type":"Feature","id":"Komunat.8","geometry":{"type":"MultiPolygon","coordinates":[[[[20.3200391,42.82605014],[20.3275643,42.83316464],[20.3349007,42.83555014],[20.3392503,42.83618144],[20.3435471,42.83282324],[20.3530267,42.83351024],[20.3645539,42.83223764],[20.3820473,42.84223904],[20.3894245,42.84217454],[20.3937739,42.84447314],[20.3985676,42.84416164],[20.4087857,42.84720744],[20.4161757,42.84588594],[20.4327132,42.83437974],[20.4419215,42.83354674],[20.463874,42.85329544],[20.4777249,42.85965974],[20.4868835,42.86786284],[20.5018841,42.87095834],[20.5149647,42.87783344],[20.5359289,42.88255844],[20.538465,42.88532434],[20.5502786,42.88553284],[20.5519564,42.88724094],[20.562385,42.88965084],[20.5668527,42.89214894],[20.5728523,42.89101614],[20.5937362,42.88218184],[20.6023552,42.88077104],[20.6089267,42.87652214],[20.6159162,42.87554464],[20.6176761,42.87266374],[20.6207535,42.87169014],[20.6205771,42.86840084],[20.6162894,42.86723814],[20.6251972,42.86286224],[20.62462,42.85853634],[20.6278066,42.85210884],[20.628057,42.84618714],[20.6311105,42.84170424],[20.6381731,42.84041914],[20.6508671,42.84259674],[20.6489574,42.82357184],[20.6424414,42.81455184],[20.6448394,42.79429874],[20.6395826,42.78198484],[20.6288214,42.77808584],[20.6308441,42.77450984],[20.6363617,42.77380104],[20.6342654,42.77182724],[20.6349486,42.77005924],[20.640841,42.76390304],[20.6423003,42.75882234],[20.6514037,42.75168884],[20.6513997,42.74819954],[20.6439471,42.73866854],[20.6370424,42.73628144],[20.6375849,42.73306644],[20.6408131,42.73148274],[20.6379543,42.72631814],[20.6328325,42.72393424],[20.6236124,42.72810334],[20.6184112,42.72757554],[20.6198261,42.72562514],[20.6194553,42.71653014],[20.6042115,42.70722034],[20.5976286,42.69871654],[20.5910229,42.70112684],[20.5875703,42.69814934],[20.5849713,42.69865754],[20.581437,42.70055464],[20.5815373,42.70346294],[20.5789905,42.70457644],[20.5780888,42.70875614],[20.5750725,42.70720944],[20.5768116,42.70605614],[20.5753499,42.69786454],[20.5719503,42.69577214],[20.5709733,42.69672784],[20.5708912,42.69400304],[20.5674459,42.69297204],[20.5646614,42.68875234],[20.557475,42.68519394],[20.5564043,42.68643234],[20.5340194,42.68296624],[20.5200226,42.69006224],[20.5148125,42.68320914],[20.5129408,42.68440924],[20.5097742,42.68290154],[20.5088931,42.68468934],[20.5058861,42.68438764],[20.5034196,42.68700444],[20.5003726,42.68606564],[20.4956747,42.68783914],[20.4921271,42.68578854],[20.4816594,42.68916494],[20.4738576,42.68399184],[20.4666622,42.68622134],[20.4593308,42.68639894],[20.4554716,42.68780984],[20.4534431,42.68531784],[20.4481461,42.68417664],[20.4480852,42.68755914],[20.4449137,42.68801874],[20.4445043,42.68991474],[20.4380984,42.68945104],[20.4371808,42.68860864],[20.4403252,42.68716464],[20.4359622,42.68655764],[20.4327165,42.68805064],[20.4318973,42.68651374],[20.427085,42.68627634],[20.4205294,42.68664304],[20.4147997,42.68883194],[20.4101413,42.68776974],[20.395713,42.69027634],[20.3927166,42.69338574],[20.3919239,42.69973264],[20.3887462,42.70090864],[20.3770977,42.71203534],[20.3677683,42.71444934],[20.3617918,42.71914364],[20.3584173,42.71888084],[20.3571208,42.72234174],[20.352506,42.72346514],[20.3497636,42.72266684],[20.3442934,42.72832184],[20.3416446,42.72908894],[20.3417156,42.73210474],[20.3463993,42.73312554],[20.3474042,42.73678284],[20.3443822,42.73978734],[20.3475067,42.74465274],[20.3470081,42.74590554],[20.3448551,42.74577204],[20.3405426,42.75229524],[20.3373687,42.76093354],[20.338502,42.76451804],[20.3343625,42.76928294],[20.3348549,42.77786134],[20.3363627,42.77880514],[20.3343512,42.78319514],[20.3353527,42.79336304],[20.3404838,42.80569824],[20.3409506,42.81236984],[20.3374688,42.81505514],[20.3329663,42.82364224],[20.3200391,42.82605014]]]]},"geometry_name":"geom","properties":{"shapeName":"Municipality of Istog","shapeISO":null,"shapeID":"46174442B18766315017705","shapeGroup":"XKX","shapeType":"ADM2","Rajoni":"Rajoni i Pejës"}},{"type":"Feature","id":"Komunat.9","geometry":{"type":"MultiPolygon","coordinates":[[[[20.7898009,42.08125544],[20.783016,42.12540194],[20.7800068,42.12844444],[20.779233,42.13518474],[20.7742504,42.13873344],[20.770453,42.14414544],[20.7662989,42.15392534],[20.7633297,42.15392504],[20.7576495,42.14838864],[20.7494007,42.14539944],[20.7477035,42.14155484],[20.7387659,42.14026004],[20.7382168,42.14354664],[20.7298975,42.14649084],[20.723115,42.14407984],[20.7129952,42.14460144],[20.7100034,42.15204084],[20.7077612,42.15141434],[20.7065864,42.15328204],[20.7030015,42.15095744],[20.6919518,42.15015914],[20.6834552,42.15168764],[20.6797035,42.15481174],[20.6753664,42.15488264],[20.6746355,42.15364644],[20.6669587,42.15516784],[20.6571189,42.15028614],[20.6410329,42.15148164],[20.63724,42.14733684],[20.6217252,42.14324264],[20.6078355,42.13494114],[20.5987479,42.12542664],[20.5770848,42.12034234],[20.5629444,42.10594614],[20.5610886,42.10878864],[20.5682078,42.12067174],[20.566866,42.12552244],[20.5554355,42.13964684],[20.5583718,42.14648774],[20.5479165,42.15461434],[20.5436293,42.16072184],[20.5470433,42.16422794],[20.5435021,42.16566204],[20.5421313,42.17238874],[20.5379731,42.17520494],[20.5318079,42.18538884],[20.5240482,42.21084024],[20.5145394,42.22411334],[20.5090479,42.22466344],[20.5020616,42.22847524],[20.4977802,42.23999264],[20.4952075,42.24235064],[20.4908602,42.24336274],[20.4874182,42.24794004],[20.4770351,42.25330804],[20.4759701,42.25717784],[20.4860526,42.26028324],[20.4907639,42.26674294],[20.4955305,42.26989654],[20.508329,42.27040174],[20.5123962,42.27685454],[20.5352731,42.28527184],[20.5382719,42.28999894],[20.5444639,42.29484234],[20.5502257,42.29242934],[20.5588874,42.29560734],[20.5591203,42.30011614],[20.5537028,42.30489774],[20.5550344,42.30802004],[20.5583215,42.30999864],[20.555264,42.31457604],[20.5511978,42.31640344],[20.5560433,42.31629574],[20.5593788,42.31045874],[20.5641704,42.30746084],[20.5650851,42.30378554],[20.5685937,42.30752544],[20.5812857,42.31006514],[20.5837326,42.31576714],[20.5924471,42.31826854],[20.5924609,42.31945384],[20.5974724,42.31945374],[20.6030193,42.31416384],[20.6023265,42.31013944],[20.6046762,42.30705824],[20.6090124,42.30615614],[20.6129773,42.30256544],[20.6215391,42.30212454],[20.6253362,42.29973414],[20.6244739,42.30554004],[20.6284839,42.31306124],[20.6325456,42.31588744],[20.6375052,42.31321284],[20.6404368,42.31855114],[20.643791,42.32132114],[20.6458914,42.32077454],[20.6472781,42.32456924],[20.6521489,42.32620344],[20.6557838,42.33079044],[20.6596977,42.33188274],[20.6569457,42.33612824],[20.6714108,42.34427404],[20.6724688,42.34113614],[20.6792694,42.34146074],[20.686759,42.33536194],[20.6868756,42.33137844],[20.6838819,42.32901524],[20.6865628,42.32727954],[20.6821515,42.32289144],[20.6948258,42.31643734],[20.6955024,42.31335334],[20.6997384,42.31943884],[20.7024756,42.31855194],[20.7052697,42.32072724],[20.7099652,42.31401084],[20.7141763,42.31481004],[20.7170298,42.31264744],[20.7155238,42.31148034],[20.7169782,42.31047244],[20.7177132,42.31151834],[20.7248042,42.31048954],[20.7241217,42.30846714],[20.7260916,42.30785694],[20.7231294,42.30625404],[20.7272324,42.30611534],[20.7277245,42.30748014],[20.7325555,42.30680794],[20.7314234,42.31068884],[20.7351954,42.30926224],[20.7363368,42.31123044],[20.731706,42.31677454],[20.7366666,42.31976964],[20.7395803,42.32393294],[20.746992,42.32259054],[20.7514571,42.31991664],[20.755884,42.31189124],[20.7601555,42.31393694],[20.7719897,42.31562784],[20.77101,42.31343554],[20.7659082,42.31158604],[20.769808,42.30661234],[20.7660157,42.30044154],[20.7721043,42.29656854],[20.7761886,42.29187774],[20.7760886,42.28967984],[20.7817001,42.29039984],[20.782692,42.29217234],[20.7849576,42.28938944],[20.7862831,42.29105614],[20.7902769,42.29124974],[20.790139,42.29255524],[20.7938548,42.29204534],[20.7942142,42.28739144],[20.8090519,42.28025894],[20.8116475,42.27346564],[20.8186164,42.27137074],[20.8212173,42.27098204],[20.8234137,42.27272364],[20.8314837,42.27087464],[20.8368841,42.27179344],[20.8450819,42.26819794],[20.8587602,42.26873634],[20.8641461,42.26463694],[20.8684213,42.25717494],[20.8736342,42.25695414],[20.8720661,42.25333274],[20.876178,42.25177104],[20.8788151,42.24505924],[20.8695261,42.23379794],[20.8719237,42.22010924],[20.8609664,42.21724054],[20.8603961,42.21428464],[20.864543,42.20797494],[20.8642005,42.20421364],[20.8756961,42.20007784],[20.896127,42.19728054],[20.9050398,42.19794044],[20.9118989,42.19563074],[20.9159679,42.19595204],[20.9325183,42.19258254],[20.9344649,42.19357904],[20.9390874,42.19284884],[20.9593048,42.18728984],[20.9607242,42.18494504],[20.9684671,42.18229594],[20.9825546,42.16046154],[20.9802351,42.14201234],[20.9815216,42.13928124],[20.9672603,42.13665444],[20.948241,42.13881694],[20.939167,42.13583304],[20.9278133,42.12799634],[20.9188869,42.12685044],[20.9130504,42.11590044],[20.9023038,42.10481864],[20.9092476,42.09750684],[20.8782968,42.09619624],[20.8629595,42.09779394],[20.8606891,42.09981934],[20.8517278,42.09820174],[20.8486133,42.09927314],[20.8422994,42.09759244],[20.8341876,42.08617314],[20.796149,42.08316654],[20.7898009,42.08125544]]]]},"geometry_name":"geom","properties":{"shapeName":"Municipality of Prizren","shapeISO":null,"shapeID":"46174442B10291705743842","shapeGroup":"XKX","shapeType":"ADM2","Rajoni":"Rajoni i Prizrenit"}},{"type":"Feature","id":"Komunat.10","geometry":{"type":"MultiPolygon","coordinates":[[[[21.5063733,42.73240984],[21.4983806,42.72538594],[21.4998213,42.72287544],[21.4951837,42.72095474],[21.4947209,42.71792844],[21.4899554,42.71543994],[21.4873709,42.71622524],[21.4846731,42.71341744],[21.4886916,42.70856734],[21.484591,42.70819454],[21.484586,42.70394274],[21.4804405,42.70215074],[21.4809234,42.69637534],[21.4782132,42.69511474],[21.4717306,42.69511544],[21.4528156,42.69889744],[21.4479238,42.69816394],[21.4431834,42.70459894],[21.4386419,42.70555424],[21.4366917,42.70838564],[21.4336284,42.70738184],[21.4320944,42.70321244],[21.4234259,42.70466374],[21.4169975,42.70270794],[21.4156043,42.70050824],[21.4192647,42.69383134],[21.4295283,42.69212604],[21.4333236,42.68979194],[21.4308187,42.68631544],[21.4331336,42.67753374],[21.4508507,42.67417414],[21.4609232,42.66579794],[21.4691431,42.66384354],[21.4738392,42.65828814],[21.4747128,42.65649434],[21.4673228,42.65695764],[21.4710048,42.64364354],[21.4616668,42.64192864],[21.4599651,42.63950894],[21.4597423,42.63837124],[21.4628758,42.63783564],[21.46084,42.63476464],[21.461812,42.63076394],[21.459804,42.62870954],[21.4616749,42.62451694],[21.4546616,42.62294254],[21.4528673,42.62121324],[21.4460495,42.62080384],[21.442192,42.61591094],[21.4365921,42.61516244],[21.4349507,42.62317324],[21.4334277,42.62255374],[21.4308438,42.62466234],[21.4297747,42.62997264],[21.4181039,42.62959204],[21.4168246,42.62025324],[21.4148409,42.61875524],[21.4104648,42.62693044],[21.4072723,42.62316064],[21.4080396,42.62596424],[21.4059362,42.63010144],[21.4023192,42.63275804],[21.3983699,42.63326224],[21.392833,42.63044864],[21.3931755,42.62738544],[21.3887069,42.62626934],[21.3861106,42.62042914],[21.3774796,42.62153994],[21.3664152,42.61716534],[21.3617829,42.61269414],[21.360778,42.59958664],[21.3571203,42.59222464],[21.3457213,42.58128074],[21.3422397,42.58581494],[21.3348024,42.59586034],[21.3314392,42.59707094],[21.3258395,42.59219574],[21.3257524,42.58905984],[21.3234293,42.58720464],[21.3218237,42.58794194],[21.3198761,42.59184914],[21.3210216,42.59503434],[21.3172368,42.59655894],[21.3158984,42.60310124],[21.3111547,42.60418694],[21.3114925,42.60958784],[21.3042248,42.61066024],[21.2930831,42.61532634],[21.2863589,42.62282224],[21.2707365,42.62215044],[21.2561038,42.61843584],[21.2541565,42.61478644],[21.2510691,42.61711734],[21.2447828,42.61299374],[21.2395057,42.61338554],[21.2361714,42.61518644],[21.2293477,42.62340084],[21.2273233,42.62247894],[21.2254617,42.62418204],[21.2248034,42.62290604],[21.2209386,42.62394244],[21.2008355,42.61446064],[21.1995587,42.61530544],[21.1890713,42.60845174],[21.1856703,42.60868074],[21.1830342,42.60529454],[21.1735942,42.60490554],[21.1724802,42.60272714],[21.166813,42.60152414],[21.1677041,42.61807544],[21.1634287,42.61493704],[21.1605655,42.61781504],[21.1586189,42.61755974],[21.1585916,42.62305014],[21.1522725,42.62458044],[21.1504085,42.62380964],[21.1491034,42.62525254],[21.1377804,42.60870084],[21.1329751,42.60943694],[21.1333735,42.61166304],[21.1309098,42.61100474],[21.1296983,42.61380524],[21.1267712,42.61384114],[21.1296576,42.62698624],[21.123717,42.63050274],[21.122549,42.63352324],[21.1353186,42.63826114],[21.1336585,42.63969834],[21.1355629,42.64208574],[21.1262874,42.64021784],[21.1188746,42.64073274],[21.1137833,42.63863254],[21.1118609,42.64420204],[21.1096664,42.64400854],[21.1088551,42.64682554],[21.1152799,42.64825014],[21.1234359,42.65236124],[21.1208951,42.66042874],[21.1166202,42.66062714],[21.1179066,42.67134124],[21.1213442,42.67000764],[21.1233655,42.67117584],[21.1336631,42.68552764],[21.1316305,42.68869834],[21.1220012,42.68994724],[21.1155519,42.69647564],[21.1168593,42.69734604],[21.1155974,42.70190024],[21.1195592,42.70176884],[21.1252044,42.69757064],[21.1308589,42.69858294],[21.1269864,42.70135074],[21.1227177,42.70832364],[21.1171211,42.70654154],[21.1160929,42.70239124],[21.1124655,42.70708924],[21.1085469,42.70874484],[21.1175376,42.71902364],[21.1176005,42.72332324],[21.1087429,42.72700444],[21.1115785,42.72931044],[21.1089683,42.72748294],[21.1041443,42.73023684],[21.1017588,42.72964784],[21.0984672,42.73260544],[21.0924457,42.74928974],[21.1007655,42.75987094],[21.0979526,42.76063014],[21.0985532,42.76198524],[21.1022508,42.76346754],[21.1052738,42.76271034],[21.109355,42.76560594],[21.1116474,42.77281844],[21.1156407,42.77810104],[21.1263206,42.78660804],[21.12841,42.78208304],[21.1331978,42.78045044],[21.1349216,42.77500854],[21.1446804,42.77356164],[21.1473805,42.77427054],[21.1467224,42.77708684],[21.1515372,42.77825274],[21.1544162,42.78105044],[21.1536161,42.78449034],[21.1630569,42.78823144],[21.161753,42.79047874],[21.1658388,42.79181534],[21.1648269,42.79587694],[21.1661919,42.79790114],[21.1683963,42.79807814],[21.1677639,42.79485444],[21.1741011,42.79647374],[21.1766271,42.79513364],[21.1801848,42.79593954],[21.1826357,42.79110134],[21.1819134,42.78250624],[21.1837446,42.77892604],[21.1867348,42.77832874],[21.1911586,42.78045704],[21.1978102,42.78107984],[21.2033267,42.77847064],[21.204267,42.77561864],[21.2098046,42.77726894],[21.2115464,42.77266584],[21.2151602,42.77301804],[21.2157308,42.77151354],[21.2142738,42.76256924],[21.2196577,42.76429774],[21.218893,42.76847754],[21.222157,42.77326854],[21.2222462,42.77948074],[21.2244156,42.78078094],[21.2296517,42.78222274],[21.2509918,42.77310804],[21.2534929,42.77725774],[21.2478754,42.78239854],[21.2522427,42.78807644],[21.2494994,42.79246774],[21.2629441,42.79192314],[21.2690355,42.79032214],[21.267935,42.79430434],[21.271582,42.79787874],[21.2746687,42.79760294],[21.2768159,42.79977954],[21.2820606,42.79888754],[21.2808786,42.80120974],[21.2869417,42.80167674],[21.2910778,42.80932214],[21.2947539,42.80985784],[21.29711,42.80700424],[21.3025404,42.80491844],[21.3080875,42.80546394],[21.3093048,42.80775374],[21.3209964,42.81074714],[21.3214189,42.81462604],[21.3240478,42.81458304],[21.3314594,42.80616154],[21.3359562,42.80820144],[21.3409269,42.80449164],[21.344293,42.80446334],[21.3435091,42.79962114],[21.3453108,42.79804024],[21.3454886,42.79239994],[21.3430678,42.78872874],[21.3540942,42.78833614],[21.3544774,42.78659954],[21.3620032,42.78238804],[21.3691131,42.78301084],[21.382152,42.77705214],[21.3854463,42.77290034],[21.3849854,42.76447284],[21.3902476,42.76174844],[21.3903563,42.75883154],[21.3882036,42.75860294],[21.3867811,42.75543884],[21.3880084,42.75131204],[21.3910068,42.74786074],[21.3948252,42.74710594],[21.3974344,42.74306394],[21.4126458,42.74136094],[21.4197523,42.74396944],[21.4226012,42.74197154],[21.4259533,42.74425364],[21.4310697,42.74343604],[21.4367695,42.74589804],[21.4460631,42.74667334],[21.4475771,42.74498404],[21.4498907,42.74580844],[21.449954,42.74975684],[21.4517618,42.74476634],[21.4672583,42.73615134],[21.474577,42.74622924],[21.4791407,42.74748384],[21.4852287,42.74225974],[21.4978333,42.73767644],[21.5015262,42.73323554],[21.5063733,42.73240984]]],[[[21.233715,42.59749854],[21.240038,42.59471964],[21.2396951,42.58488194],[21.2410284,42.58314374],[21.2451715,42.58250964],[21.2454518,42.57762464],[21.2411686,42.57599114],[21.2389307,42.57780674],[21.2333748,42.57545874],[21.2310271,42.57266064],[21.2284678,42.57302854],[21.2249917,42.57478244],[21.2270838,42.58717734],[21.2260002,42.58959444],[21.2297174,42.59159914],[21.2298856,42.59640534],[21.233715,42.59749854]]]]},"geometry_name":"geom","properties":{"shapeName":"Municipality of Pristina","shapeISO":null,"shapeID":"46174442B58319520988808","shapeGroup":"XKX","shapeType":"ADM2","Rajoni":"Rajoni i Prishtinës"}},{"type":"Feature","id":"Komunat.11","geometry":{"type":"MultiPolygon","coordinates":[[[[21.1974349,42.14844914],[21.2057352,42.16261694],[21.2065335,42.16629954],[21.2047111,42.16890254],[21.210063,42.16860454],[21.2120118,42.16542844],[21.2205856,42.16164554],[21.2250391,42.16176974],[21.2264927,42.15891404],[21.2362352,42.16039574],[21.2377843,42.16442074],[21.24241,42.16801754],[21.2411451,42.17409194],[21.2440908,42.17650284],[21.2474527,42.18404814],[21.2537461,42.18894604],[21.2654316,42.19054494],[21.2665756,42.18681804],[21.2621436,42.18354694],[21.2640053,42.17844184],[21.2615966,42.17548104],[21.2668259,42.17543464],[21.2670338,42.17381574],[21.27058,42.17372954],[21.271758,42.17674884],[21.2774498,42.17948724],[21.2776229,42.18143844],[21.2806208,42.18152794],[21.2830437,42.18750964],[21.2905269,42.18961384],[21.2909631,42.19365924],[21.2960888,42.19502854],[21.2987392,42.20091954],[21.3088037,42.19991774],[21.309347,42.20373034],[21.3160487,42.20834554],[21.317325,42.21384984],[21.3376787,42.20862404],[21.3358374,42.20678714],[21.3342689,42.20868484],[21.3322089,42.20777884],[21.3341079,42.20584774],[21.3291083,42.20028444],[21.3352666,42.19292424],[21.3344298,42.18844884],[21.3297735,42.18369494],[21.3284538,42.17907574],[21.3155814,42.17244584],[21.3189363,42.17166274],[21.3158153,42.16771334],[21.3207098,42.16078794],[21.3161157,42.15759754],[21.3094584,42.14835134],[21.3074865,42.14812964],[21.3077924,42.14454664],[21.305357,42.14347274],[21.3038308,42.14530874],[21.3044745,42.14213514],[21.2981997,42.13899954],[21.3044653,42.13650144],[21.3033483,42.13234134],[21.3103006,42.12777414],[21.3118455,42.12136834],[21.3159786,42.11810144],[21.3146699,42.11543674],[21.3214409,42.10801494],[21.3034969,42.10474184],[21.2993728,42.10921524],[21.2920787,42.11144354],[21.2694194,42.09756134],[21.2572874,42.09443544],[21.256891,42.09320634],[21.2455514,42.09247104],[21.2371848,42.09366854],[21.2330102,42.09534324],[21.2326438,42.09805714],[21.2277562,42.09713604],[21.2227158,42.09368574],[21.2213211,42.10012334],[21.2127418,42.11091404],[21.2149305,42.11375504],[21.2162683,42.12940334],[21.209028,42.13721564],[21.2086648,42.14063774],[21.2058903,42.14216204],[21.2051323,42.14503224],[21.2030504,42.14544074],[21.203089,42.14748104],[21.1974349,42.14844914]]]]},"geometry_name":"geom","properties":{"shapeName":"Municipality of Han i Elezit","shapeISO":null,"shapeID":"46174442B95232969697987","shapeGroup":"XKX","shapeType":"ADM2","Rajoni":"Rajoni i Ferizajit"}},{"type":"Feature","id":"Komunat.12","geometry":{"type":"MultiPolygon","coordinates":[[[[20.8182008,42.89930684],[20.8274222,42.90156294],[20.8316172,42.89948024],[20.8313705,42.89815984],[20.8393313,42.89834854],[20.8469487,42.89613204],[20.8505984,42.89262004],[20.8529917,42.89331084],[20.8517585,42.90284374],[20.8448833,42.90703554],[20.843708,42.90969144],[20.8499734,42.90832354],[20.8531489,42.90556614],[20.859698,42.90192234],[20.8689955,42.90304984],[20.8729196,42.90096004],[20.871365,42.89275984],[20.8617093,42.89032024],[20.8511148,42.88456744],[20.8503616,42.88590674],[20.855154,42.88834234],[20.854698,42.88995864],[20.8513851,42.88846314],[20.8458433,42.88842944],[20.8432519,42.88983354],[20.8407232,42.88789734],[20.841791,42.88638564],[20.8366197,42.88430244],[20.833283,42.88610264],[20.8264488,42.88656644],[20.8220768,42.89568594],[20.8182008,42.89930684]]]]},"geometry_name":"geom","properties":{"shapeName":"Municipality of North Mitrovica","shapeISO":null,"shapeID":"46174442B17373685864447","shapeGroup":"XKX","shapeType":"ADM2","Rajoni":"Rajoni i Mitrovicës"}},{"type":"Feature","id":"Komunat.13","geometry":{"type":"MultiPolygon","coordinates":[[[[21.3552053,42.37072174],[21.359293,42.37356724],[21.3589067,42.37611934],[21.360795,42.37622244],[21.358896,42.37920244],[21.3613529,42.38081924],[21.3629622,42.38037534],[21.3641856,42.38205844],[21.3695697,42.37846294],[21.3723673,42.38044754],[21.3716772,42.38222734],[21.3756702,42.38358824],[21.3836008,42.37773914],[21.3886362,42.36718734],[21.3913968,42.36569404],[21.3916803,42.36820714],[21.4001439,42.37148404],[21.3997052,42.36644454],[21.3937876,42.36252204],[21.3964066,42.35733344],[21.3948919,42.35329524],[21.3999317,42.35473904],[21.4009085,42.35358824],[21.4043344,42.35609904],[21.4084257,42.35297094],[21.4105351,42.34690274],[21.409261,42.34323014],[21.4070809,42.34248714],[21.4152493,42.34008044],[21.4171746,42.33722374],[21.4262916,42.33530864],[21.4293138,42.32933144],[21.4374999,42.32628554],[21.4354592,42.32108564],[21.4407466,42.31994194],[21.4454167,42.31098554],[21.4410349,42.30980964],[21.4364905,42.31073084],[21.4355586,42.31233334],[21.428897,42.31097944],[21.4219018,42.31219334],[21.4117409,42.32003744],[21.4120585,42.32141174],[21.4079115,42.32097664],[21.4081637,42.32268924],[21.4041101,42.32348344],[21.4038673,42.32199874],[21.4013874,42.32419734],[21.4004035,42.32163634],[21.3963624,42.32392684],[21.3912156,42.32224954],[21.3888413,42.32376454],[21.388451,42.32646964],[21.3800458,42.32782504],[21.3721591,42.33528584],[21.3721107,42.34821644],[21.3599167,42.35018934],[21.3634005,42.35324024],[21.3614111,42.35629794],[21.3639049,42.35717444],[21.3649568,42.35976504],[21.3631902,42.35953834],[21.3612997,42.36226884],[21.3585301,42.36975154],[21.3552053,42.37072174]]]]},"geometry_name":"geom","properties":{"shapeName":"Municipality of Kllokot","shapeISO":null,"shapeID":"46174442B65389559568884","shapeGroup":"XKX","shapeType":"ADM2","Rajoni":"Rajoni i Gjilanit"}},{"type":"Feature","id":"Komunat.14","geometry":{"type":"MultiPolygon","coordinates":[[[[21.1118968,42.28733174],[21.1062141,42.28874424],[21.1016591,42.29415304],[21.1013457,42.29917784],[21.0987037,42.29982594],[21.0952653,42.30560634],[21.0888756,42.30625974],[21.0859057,42.30898664],[21.0758239,42.31170674],[21.0737277,42.31624114],[21.0683333,42.31771114],[21.0633556,42.32816764],[21.0601608,42.32801404],[21.0531908,42.33152724],[21.0472844,42.33261014],[21.0410391,42.32035634],[21.0442415,42.31431404],[21.0400054,42.30967104],[21.0401004,42.30589884],[21.0374498,42.30383684],[21.0357182,42.29841514],[21.0166348,42.30883774],[21.0061601,42.31242194],[20.9838275,42.30898644],[20.9801427,42.31278274],[20.9782499,42.31842924],[20.9774138,42.32539974],[20.9795692,42.32862134],[20.9746963,42.33369234],[20.9768404,42.33934834],[20.9719722,42.34897444],[20.9727617,42.35639104],[20.9705099,42.35865014],[20.9709381,42.36421854],[20.9601003,42.37568434],[20.9686199,42.37334344],[20.9736233,42.37434504],[20.9768399,42.37646374],[20.9760463,42.38125794],[20.9812495,42.38612094],[20.9906518,42.38583384],[20.9946222,42.38918234],[21.0061889,42.38318144],[21.0119883,42.38586854],[21.0225179,42.38231894],[21.0338464,42.38343874],[21.03812,42.38060324],[21.0420032,42.38273104],[21.0434726,42.38851874],[21.0539823,42.38995004],[21.0604867,42.39405374],[21.076691,42.39723294],[21.0672866,42.40501244],[21.0690264,42.40794584],[21.0667305,42.41260144],[21.067993,42.41620844],[21.0705673,42.41817144],[21.0790107,42.41724004],[21.0791428,42.41615824],[21.0795849,42.41765624],[21.0826514,42.41717074],[21.0859141,42.42074724],[21.0855773,42.42278044],[21.0831086,42.42258624],[21.0830313,42.42360134],[21.0900729,42.42342684],[21.0954958,42.43107704],[21.1000869,42.43084794],[21.1026668,42.43444884],[21.1069352,42.43352414],[21.1124317,42.43527244],[21.11177,42.43669214],[21.1146617,42.43736984],[21.1139203,42.44150484],[21.1163539,42.44227754],[21.1146326,42.44635864],[21.1102968,42.44928914],[21.1159248,42.45152674],[21.1201315,42.45113844],[21.1248023,42.45631094],[21.1327348,42.45745284],[21.1381613,42.46089424],[21.1390929,42.45647004],[21.1454466,42.45256294],[21.1489852,42.45611924],[21.1538699,42.45573144],[21.1544585,42.45432904],[21.1574151,42.45590664],[21.1614084,42.45531704],[21.1603955,42.46023854],[21.1617352,42.46135364],[21.1651707,42.46007204],[21.1676582,42.46141254],[21.1764632,42.46044894],[21.1791719,42.45882074],[21.1800236,42.45586934],[21.1924413,42.46337944],[21.213681,42.46578114],[21.2250581,42.46460034],[21.2374478,42.45884224],[21.2428821,42.45998354],[21.2471527,42.45826314],[21.2493883,42.45220184],[21.2544086,42.44962014],[21.2592234,42.44439384],[21.2744569,42.45225634],[21.2862636,42.43902124],[21.284694,42.43654684],[21.2863344,42.43283144],[21.2885578,42.43069534],[21.292765,42.43070174],[21.3081546,42.41923004],[21.3092733,42.41792914],[21.3055869,42.41434334],[21.3050911,42.40732564],[21.2981345,42.39223714],[21.3103248,42.38073164],[21.3106607,42.37311054],[21.30769,42.36895004],[21.2960071,42.36948604],[21.2959603,42.37087114],[21.2944102,42.36976354],[21.2925936,42.37290184],[21.2870234,42.37311084],[21.2662698,42.36707194],[21.2623167,42.36796804],[21.2625686,42.36540264],[21.2603787,42.36494144],[21.2570807,42.36432714],[21.2562211,42.36632734],[21.251068,42.36606154],[21.2489747,42.36313184],[21.2516276,42.36027054],[21.250012,42.35324224],[21.2445949,42.34371524],[21.2477688,42.33949074],[21.251153,42.33994664],[21.2573102,42.33549094],[21.2532858,42.33302014],[21.2543197,42.33126804],[21.2525683,42.32882184],[21.2329762,42.31656924],[21.2173208,42.31488494],[21.2114754,42.31240804],[21.2126995,42.31026654],[21.2081431,42.31131544],[21.2057915,42.31018984],[21.2077602,42.30803284],[21.2060432,42.30409264],[21.2091459,42.30138844],[21.2073597,42.29978224],[21.2029902,42.29985644],[21.2037179,42.29476334],[21.1974033,42.29474444],[21.1982065,42.29196554],[21.1955023,42.29043734],[21.1896017,42.29095484],[21.1893089,42.29491894],[21.1818725,42.29943574],[21.1796315,42.30332524],[21.1776969,42.30314044],[21.1758418,42.30035054],[21.1677432,42.29933284],[21.1663871,42.29547244],[21.1620486,42.29330914],[21.1591082,42.28861094],[21.1530484,42.28669874],[21.1520757,42.28767174],[21.1432845,42.28667744],[21.1366168,42.29379674],[21.1325335,42.29569094],[21.128622,42.29225684],[21.1187457,42.29108064],[21.1118968,42.28733174]]]]},"geometry_name":"geom","properties":{"shapeName":"Municipality of Ferizaj","shapeISO":null,"shapeID":"46174442B50504664179898","shapeGroup":"XKX","shapeType":"ADM2","Rajoni":"Rajoni i Ferizajit"}},{"type":"Feature","id":"Komunat.15","geometry":{"type":"MultiPolygon","coordinates":[[[[20.9702891,42.64862554],[20.9696769,42.64434424],[20.9786031,42.63522594],[20.985248,42.63289624],[20.9863422,42.63077764],[20.9793609,42.61954454],[20.9710878,42.61352934],[20.9736135,42.60545704],[20.9652905,42.59950004],[20.9792285,42.59668114],[20.9805699,42.57960244],[20.9771115,42.57017104],[20.9716774,42.57109744],[20.9546258,42.56140774],[20.9570069,42.55853794],[20.9525009,42.55340714],[20.958542,42.55083184],[20.9618553,42.54395224],[20.9496558,42.53760514],[20.9488822,42.53408964],[20.9349371,42.53541224],[20.9306893,42.53991064],[20.9197317,42.54023534],[20.9183302,42.53754434],[20.9190266,42.52938554],[20.9142086,42.52877734],[20.9135416,42.52738294],[20.9113339,42.52942814],[20.904194,42.52682564],[20.893651,42.51763144],[20.8823867,42.51127004],[20.8793083,42.51290404],[20.8800508,42.51447084],[20.8840842,42.51717424],[20.8835725,42.51822314],[20.8772783,42.51989424],[20.8757626,42.51873544],[20.8731136,42.52024464],[20.8621098,42.53732774],[20.8559763,42.53951484],[20.8523582,42.54682924],[20.8478831,42.54531384],[20.8484961,42.53178734],[20.8372475,42.53471384],[20.8227474,42.53251474],[20.8117132,42.53406974],[20.8042227,42.52979394],[20.8004684,42.54312864],[20.8030376,42.55119344],[20.8026678,42.56172924],[20.805704,42.56659764],[20.7989722,42.57229924],[20.7907496,42.57360294],[20.7895999,42.57761594],[20.7870956,42.57930624],[20.7897609,42.58704214],[20.7961977,42.58825714],[20.7997932,42.59860224],[20.7934508,42.60480834],[20.7855249,42.60834374],[20.7802079,42.60900274],[20.7720103,42.60758334],[20.7703236,42.60948064],[20.764702,42.60739754],[20.7585347,42.60663334],[20.7650663,42.60972924],[20.7673981,42.61339234],[20.7669798,42.62108744],[20.7634629,42.62782014],[20.7639992,42.63249384],[20.7688258,42.64052164],[20.7670135,42.64183364],[20.7708747,42.64395564],[20.7740101,42.64873404],[20.7735504,42.65112584],[20.7702166,42.65352224],[20.7694527,42.65976054],[20.7858335,42.65948474],[20.7997488,42.66513014],[20.7990937,42.66188804],[20.8009125,42.66027664],[20.8041008,42.66451224],[20.8085754,42.66303634],[20.8120716,42.66540714],[20.8135178,42.66417494],[20.8161901,42.66632234],[20.8193736,42.66657654],[20.8233614,42.66947514],[20.8188752,42.67291594],[20.8143747,42.68408474],[20.8154458,42.68690444],[20.8125609,42.68864104],[20.8153513,42.69238044],[20.8217605,42.69235144],[20.8254331,42.69510084],[20.8357864,42.69551014],[20.8356098,42.70130134],[20.8373671,42.70078744],[20.8466627,42.70661274],[20.8567861,42.70045344],[20.8602938,42.70303404],[20.8658454,42.70206014],[20.8687429,42.69857394],[20.8682843,42.69662234],[20.8700558,42.69676704],[20.8708696,42.69163544],[20.8752066,42.69116504],[20.8795161,42.68481524],[20.8854121,42.68948674],[20.8917499,42.70100704],[20.8939239,42.70290514],[20.895973,42.70249914],[20.8969882,42.70485854],[20.9030874,42.70829984],[20.9102894,42.71677974],[20.914391,42.71400964],[20.923701,42.71228554],[20.9380985,42.71893244],[20.9431052,42.72365954],[20.9452639,42.72281304],[20.9487496,42.71140204],[20.9637903,42.70278414],[20.9676636,42.69863094],[20.968452,42.69491534],[20.9713197,42.69382864],[20.9619077,42.68888574],[20.9621357,42.68334154],[20.9603071,42.68012664],[20.9627469,42.66947194],[20.968079,42.66012454],[20.9702891,42.64862554]]]]},"geometry_name":"geom","properties":{"shapeName":"Municipality of Drenas","shapeISO":null,"shapeID":"46174442B74420704895761","shapeGroup":"XKX","shapeType":"ADM2","Rajoni":"Rajoni i Prishtinës"}},{"type":"Feature","id":"Komunat.16","geometry":{"type":"MultiPolygon","coordinates":[[[[20.1119623,42.65538774],[20.1189471,42.66308514],[20.1347452,42.65483894],[20.1546803,42.65167934],[20.1588523,42.65351634],[20.1624442,42.65241314],[20.1644311,42.65322784],[20.173678,42.64830234],[20.1861761,42.65193134],[20.1921237,42.65066224],[20.1985402,42.65202424],[20.1904315,42.64281834],[20.1898021,42.63235244],[20.1872089,42.62843044],[20.1927474,42.62609834],[20.1991263,42.62614564],[20.2034777,42.62373814],[20.2073544,42.61620094],[20.2046728,42.61402134],[20.208805,42.60870164],[20.225513,42.60573954],[20.2537364,42.60494484],[20.2538912,42.60319564],[20.2575497,42.60137114],[20.2608849,42.60268304],[20.2635752,42.60178814],[20.284044,42.59210004],[20.2879817,42.59361204],[20.2863797,42.59446634],[20.2872648,42.59548304],[20.2912163,42.59617694],[20.2928024,42.59976074],[20.2969973,42.59865914],[20.2981815,42.60095174],[20.3008091,42.60119574],[20.3008352,42.60292244],[20.3050932,42.60263654],[20.3076069,42.60408054],[20.3080677,42.60684044],[20.3051862,42.60487094],[20.3064142,42.61021374],[20.3085952,42.61248644],[20.3121992,42.61216384],[20.3213244,42.60109924],[20.3242898,42.60337814],[20.3278662,42.60283224],[20.3383054,42.59357054],[20.344393,42.59082204],[20.3376813,42.58799764],[20.3364257,42.58164934],[20.3395511,42.58210044],[20.3409243,42.58083784],[20.3381964,42.57852234],[20.3418722,42.57084404],[20.3562898,42.57242204],[20.3608627,42.56746144],[20.3502442,42.56301694],[20.3521122,42.55594164],[20.3551971,42.55614314],[20.3594078,42.55334554],[20.3714636,42.55126714],[20.3988161,42.56186704],[20.408264,42.56199184],[20.4111812,42.56362494],[20.4215438,42.56015344],[20.4298375,42.56176744],[20.4450333,42.55789304],[20.4465847,42.55678904],[20.446932,42.55094854],[20.4508515,42.54773804],[20.4470482,42.54530624],[20.4451992,42.54143574],[20.4315915,42.53971454],[20.4224909,42.53660044],[20.4081009,42.53420314],[20.4032909,42.52653054],[20.407734,42.52360614],[20.4082229,42.52063414],[20.4003641,42.51503084],[20.3972888,42.51610904],[20.388304,42.50962044],[20.3875468,42.50631134],[20.395291,42.50004474],[20.3941926,42.49585714],[20.3960273,42.49632274],[20.398546,42.49431574],[20.3961709,42.49215234],[20.3964764,42.48848484],[20.3858158,42.48874364],[20.3829644,42.48773064],[20.3852327,42.48465824],[20.3814845,42.48368654],[20.3755943,42.48463084],[20.3767853,42.48001464],[20.3747939,42.47934764],[20.3710072,42.48080654],[20.3691962,42.47947464],[20.3703175,42.47805204],[20.3683039,42.47652044],[20.3648938,42.47709444],[20.3653253,42.47514744],[20.3628992,42.47590184],[20.364237,42.47336874],[20.3592548,42.47114924],[20.3577666,42.47918294],[20.3536959,42.48472414],[20.3506251,42.48361824],[20.3504547,42.48152754],[20.3415901,42.48039024],[20.3356798,42.47590764],[20.3228273,42.47486824],[20.3157495,42.48710224],[20.3084647,42.48473334],[20.3058229,42.48579794],[20.303465,42.48857874],[20.3029524,42.49461564],[20.2993398,42.49937094],[20.2959564,42.49668494],[20.2943552,42.49803164],[20.2891479,42.49479724],[20.2836913,42.50105264],[20.2758209,42.50389834],[20.2714455,42.50230904],[20.2691914,42.50335574],[20.2669959,42.50187004],[20.2636344,42.50326204],[20.258111,42.50189474],[20.2498023,42.50915174],[20.2460792,42.50921684],[20.2422028,42.51202174],[20.2374674,42.51202404],[20.2399634,42.51411034],[20.2382981,42.51798144],[20.2346842,42.52014324],[20.2284356,42.51896694],[20.22606,42.52149614],[20.2103346,42.52102834],[20.2012673,42.52545924],[20.1932607,42.52580784],[20.1836822,42.53060184],[20.1618168,42.52571444],[20.1538504,42.53373124],[20.1734869,42.54677334],[20.1677536,42.55175824],[20.1563695,42.55676554],[20.14702,42.55752064],[20.1439234,42.55415594],[20.138399,42.55238074],[20.1326511,42.54722224],[20.1212193,42.54110784],[20.1108226,42.54022314],[20.1120842,42.54277904],[20.1152356,42.54380634],[20.1115064,42.54559874],[20.1109866,42.54954664],[20.1060435,42.55353484],[20.1112907,42.55884914],[20.1117513,42.56559614],[20.1173797,42.56948254],[20.1077847,42.57666814],[20.1004396,42.57983494],[20.0881971,42.58174274],[20.0864204,42.58503034],[20.0868528,42.58742024],[20.0756242,42.60089734],[20.0726151,42.60710084],[20.075768,42.61437454],[20.0754193,42.62071934],[20.0779449,42.62381994],[20.0914139,42.63142064],[20.0907567,42.63337954],[20.0935087,42.63462274],[20.0950724,42.64084554],[20.10183,42.64553274],[20.1102113,42.64823914],[20.1119623,42.65538774]]]]},"geometry_name":"geom","properties":{"shapeName":"Municipality of Deçan","shapeISO":null,"shapeID":"46174442B68032008118658","shapeGroup":"XKX","shapeType":"ADM2","Rajoni":"Rajoni i Gjakovës"}},{"type":"Feature","id":"Komunat.17","geometry":{"type":"MultiPolygon","coordinates":[[[[20.8182008,42.89930684],[20.8220768,42.89568594],[20.8264488,42.88656644],[20.833283,42.88610264],[20.8366197,42.88430244],[20.841791,42.88638564],[20.8407232,42.88789734],[20.8432519,42.88983354],[20.8458433,42.88842944],[20.8513851,42.88846314],[20.854698,42.88995864],[20.855154,42.88834234],[20.8503616,42.88590674],[20.8511148,42.88456744],[20.8617093,42.89032024],[20.871365,42.89275984],[20.8729196,42.90096004],[20.8689955,42.90304984],[20.859698,42.90192234],[20.8531489,42.90556614],[20.8700249,42.90753054],[20.8804962,42.91471734],[20.8910019,42.92700834],[20.8991,42.95080704],[20.8226084,42.98366204],[20.8280814,42.98758394],[20.8290439,42.98623724],[20.8272785,42.98439324],[20.8333941,42.98429804],[20.8368136,42.98706654],[20.8334958,42.98924454],[20.8380599,42.99033894],[20.8362181,42.99310574],[20.8400481,42.99261904],[20.843324,42.99586014],[20.8460304,42.99548354],[20.8578589,43.00262024],[20.8632076,43.00089934],[20.8679459,43.00132744],[20.8891561,43.00622764],[20.8937373,43.01371174],[20.8926035,43.01614934],[20.8867305,43.01970684],[20.8865594,43.02124034],[20.8889118,43.02234794],[20.886048,43.02600984],[20.8892715,43.02694224],[20.8907674,43.02972024],[20.8968027,43.02862894],[20.8976473,43.02565304],[20.9028134,43.02303554],[20.9028898,43.02014144],[20.9102383,43.01835974],[20.9161902,43.01201214],[20.9217081,43.01293224],[20.9233286,43.01511754],[20.9278624,43.01638004],[20.9269368,43.01788624],[20.9329005,43.01829674],[20.9357382,43.02226114],[20.9345561,43.02479274],[20.9362678,43.02497684],[20.9379852,43.03111274],[20.9413093,43.03475764],[20.9481879,43.03716584],[20.9509698,43.03609604],[20.9539588,43.03882214],[20.9606667,43.04078854],[20.9746998,43.04052664],[20.9784918,43.04616634],[20.9787946,43.05462684],[20.9831711,43.05622234],[20.9886815,43.06194554],[20.9931564,43.06338884],[20.996463,43.07248624],[21.0027179,43.07106874],[21.0127904,43.06787374],[21.0122055,43.06217684],[21.0148701,43.05804374],[21.0205052,43.05734774],[21.0309907,43.04587794],[21.0308292,43.04009794],[21.0328449,43.03698804],[21.0291218,43.03096844],[21.0337658,43.03141064],[21.0358087,43.02946584],[21.0417127,43.02856924],[21.0452517,43.02393174],[21.0479632,43.02444584],[21.0518557,43.02294944],[21.0585519,43.01705164],[21.0725637,42.99315644],[21.0736162,42.98751314],[21.0804472,42.97821034],[21.0794411,42.97513024],[21.0863773,42.97083374],[21.086681,42.96639224],[21.0832264,42.96458514],[21.0822569,42.96191534],[21.0850752,42.95781964],[21.0808037,42.94555004],[21.0762907,42.94430774],[21.0728882,42.94135274],[21.0708112,42.94338844],[21.0661839,42.94301714],[21.0667856,42.93734184],[21.069634,42.93392364],[21.0687424,42.93104634],[21.0577763,42.93194734],[21.0515938,42.93910814],[21.0488191,42.93679644],[21.0365065,42.93573734],[21.0338165,42.93661104],[21.0209264,42.93049814],[21.0175651,42.92639674],[21.0141246,42.92870774],[21.0129986,42.93269654],[21.0067111,42.93364544],[21.0052823,42.93611554],[21.0024706,42.93565684],[20.9901408,42.94381524],[20.9874619,42.94326314],[20.9847628,42.93787674],[20.973447,42.93718084],[20.9745684,42.93380764],[20.979538,42.93088474],[20.9817148,42.92400564],[20.9844793,42.92177124],[20.9816034,42.91713144],[20.9818155,42.91026774],[20.980304,42.90862184],[20.9814433,42.90090934],[20.9778132,42.90204044],[20.9762478,42.89946784],[20.9722642,42.89800464],[20.9732844,42.89542224],[20.9658246,42.89304564],[20.9578896,42.89423274],[20.9543054,42.90340414],[20.9515807,42.90087974],[20.9475241,42.90126944],[20.9438337,42.89888364],[20.9452375,42.89023854],[20.9394521,42.88860524],[20.9368539,42.89182284],[20.935678,42.89076544],[20.9364007,42.88492164],[20.9342953,42.87983834],[20.9376498,42.87856594],[20.9335663,42.86975984],[20.9343566,42.85878114],[20.9307587,42.85214464],[20.9344195,42.84893164],[20.9250648,42.84097944],[20.9192276,42.84424094],[20.9141272,42.84252374],[20.9170661,42.84824164],[20.9095947,42.84789754],[20.9062208,42.84618234],[20.9042408,42.84817694],[20.8967371,42.84035264],[20.8896938,42.84131664],[20.8848127,42.83754504],[20.8840608,42.83848784],[20.8811635,42.83757754],[20.8779935,42.83469664],[20.8796139,42.83185544],[20.8743218,42.82874274],[20.8700271,42.82732744],[20.8599139,42.82728264],[20.8535674,42.81990134],[20.84624,42.81770154],[20.8429668,42.81907544],[20.8402845,42.81559634],[20.8352714,42.81359994],[20.8314492,42.81479854],[20.8237879,42.82355904],[20.8079351,42.81956334],[20.7958629,42.82422294],[20.7922858,42.82355354],[20.7840268,42.81796684],[20.780907,42.82600234],[20.7718424,42.82867604],[20.7704361,42.83146034],[20.7667198,42.83342884],[20.7634808,42.83800074],[20.7643373,42.84179164],[20.7610051,42.83977364],[20.756554,42.83958784],[20.7530672,42.84327634],[20.7496215,42.84754054],[20.7445359,42.84927324],[20.7420432,42.85251594],[20.7430565,42.85365454],[20.7390157,42.85448774],[20.7366493,42.85949394],[20.7437452,42.86933014],[20.7425445,42.87119284],[20.7450517,42.87393294],[20.7509926,42.87256324],[20.7536276,42.87346034],[20.7575958,42.88020584],[20.7640329,42.88035714],[20.7689547,42.87808514],[20.7746711,42.88016764],[20.7756799,42.88318474],[20.7777973,42.88185744],[20.7781104,42.88390944],[20.7839936,42.88586104],[20.7909557,42.88353464],[20.7932976,42.88414984],[20.791883,42.88745804],[20.7967401,42.89102094],[20.7923297,42.90021634],[20.7943888,42.90367624],[20.7935455,42.90771464],[20.8074065,42.90041594],[20.8151916,42.90057964],[20.8182008,42.89930684]]]]},"geometry_name":"geom","properties":{"shapeName":"Municipality of Mitrovica","shapeISO":null,"shapeID":"46174442B38204246469907","shapeGroup":"XKX","shapeType":"ADM2","Rajoni":"Rajoni i Mitrovicës"}},{"type":"Feature","id":"Komunat.18","geometry":{"type":"MultiPolygon","coordinates":[[[[21.449954,42.74975684],[21.4498907,42.74580844],[21.4475771,42.74498404],[21.4460631,42.74667334],[21.4367695,42.74589804],[21.4310697,42.74343604],[21.4259533,42.74425364],[21.4226012,42.74197154],[21.4197523,42.74396944],[21.4126458,42.74136094],[21.3974344,42.74306394],[21.3948252,42.74710594],[21.3910068,42.74786074],[21.3880084,42.75131204],[21.3867811,42.75543884],[21.3882036,42.75860294],[21.3903563,42.75883154],[21.3902476,42.76174844],[21.3849854,42.76447284],[21.3854463,42.77290034],[21.382152,42.77705214],[21.3691131,42.78301084],[21.3620032,42.78238804],[21.3544774,42.78659954],[21.3540942,42.78833614],[21.3430678,42.78872874],[21.3454886,42.79239994],[21.3453108,42.79804024],[21.3435091,42.79962114],[21.344293,42.80446334],[21.3409269,42.80449164],[21.3359562,42.80820144],[21.3314594,42.80616154],[21.3240478,42.81458304],[21.3214189,42.81462604],[21.3209964,42.81074714],[21.3093048,42.80775374],[21.3080875,42.80546394],[21.3025404,42.80491844],[21.29711,42.80700424],[21.2947539,42.80985784],[21.2910778,42.80932214],[21.2869417,42.80167674],[21.2808786,42.80120974],[21.2820606,42.79888754],[21.2768159,42.79977954],[21.2746687,42.79760294],[21.271582,42.79787874],[21.267935,42.79430434],[21.2690355,42.79032214],[21.2629441,42.79192314],[21.2494994,42.79246774],[21.2522427,42.78807644],[21.2478754,42.78239854],[21.2534929,42.77725774],[21.2509918,42.77310804],[21.2296517,42.78222274],[21.2244156,42.78078094],[21.2222462,42.77948074],[21.222157,42.77326854],[21.218893,42.76847754],[21.2196577,42.76429774],[21.2142738,42.76256924],[21.2157308,42.77151354],[21.2151602,42.77301804],[21.2115464,42.77266584],[21.2098046,42.77726894],[21.204267,42.77561864],[21.2033267,42.77847064],[21.1978102,42.78107984],[21.1911586,42.78045704],[21.1867348,42.77832874],[21.1837446,42.77892604],[21.1819134,42.78250624],[21.1826357,42.79110134],[21.1801848,42.79593954],[21.1766271,42.79513364],[21.1741011,42.79647374],[21.1677639,42.79485444],[21.1683963,42.79807814],[21.1661919,42.79790114],[21.1648269,42.79587694],[21.1658388,42.79181534],[21.161753,42.79047874],[21.1630569,42.78823144],[21.1536161,42.78449034],[21.1544162,42.78105044],[21.1515372,42.77825274],[21.1467224,42.77708684],[21.1473805,42.77427054],[21.1446804,42.77356164],[21.1349216,42.77500854],[21.1331978,42.78045044],[21.12841,42.78208304],[21.1263206,42.78660804],[21.1222492,42.79728584],[21.1190635,42.79999174],[21.1215923,42.80375134],[21.1203347,42.80569094],[21.1176081,42.81041844],[21.1194141,42.81339544],[21.1142235,42.82015024],[21.1127639,42.82513954],[21.1073618,42.82786094],[21.1023741,42.83301724],[21.0996867,42.83353904],[21.0981518,42.83646284],[21.0937743,42.83653614],[21.0879365,42.83981404],[21.0818552,42.83756504],[21.0821872,42.84407524],[21.0849666,42.84930994],[21.0789158,42.85528634],[21.0783693,42.85902034],[21.0821221,42.86356174],[21.0777288,42.86635424],[21.0778515,42.87411414],[21.0729701,42.88335014],[21.0748021,42.88547794],[21.0742496,42.88945884],[21.0700011,42.89216614],[21.0688233,42.89630724],[21.0592292,42.90271554],[21.0622382,42.90883214],[21.0583599,42.91140844],[21.0580886,42.91374784],[21.0604102,42.91583074],[21.0676416,42.91426144],[21.0699656,42.91539224],[21.0687003,42.92286414],[21.0728952,42.92482794],[21.0741509,42.92964254],[21.0776263,42.93173764],[21.0775011,42.93645264],[21.0812309,42.93977064],[21.0808037,42.94555004],[21.0850752,42.95781964],[21.0822569,42.96191534],[21.0832264,42.96458514],[21.086681,42.96639224],[21.0863773,42.97083374],[21.0794411,42.97513024],[21.0804472,42.97821034],[21.0736162,42.98751314],[21.0725637,42.99315644],[21.0585519,43.01705164],[21.0518557,43.02294944],[21.0479632,43.02444584],[21.0452517,43.02393174],[21.0417127,43.02856924],[21.0358087,43.02946584],[21.0337658,43.03141064],[21.0291218,43.03096844],[21.0328449,43.03698804],[21.0308292,43.04009794],[21.0309907,43.04587794],[21.0205052,43.05734774],[21.0148701,43.05804374],[21.0122055,43.06217684],[21.0127904,43.06787374],[21.0027179,43.07106874],[21.0063234,43.07608084],[21.0056282,43.09389444],[21.0008053,43.10195084],[20.998914,43.13841664],[21.0058476,43.13530404],[21.0173339,43.13423764],[21.0190505,43.13135634],[21.0286421,43.12936754],[21.0369033,43.12028404],[21.0422381,43.11840724],[21.0544855,43.10748044],[21.0669869,43.11035324],[21.0687679,43.11345484],[21.0798795,43.11481414],[21.0828871,43.11762134],[21.0821629,43.12890354],[21.0918958,43.13558074],[21.1021147,43.12587664],[21.1053801,43.11823804],[21.1072426,43.11689714],[21.1104012,43.11739224],[21.1167643,43.11121874],[21.1308613,43.11180694],[21.135235,43.11387244],[21.1390629,43.11172684],[21.1497206,43.09177374],[21.1479251,43.08839174],[21.1436606,43.08688854],[21.1394875,43.08252964],[21.1435318,43.07658404],[21.1431467,43.07407854],[21.1466546,43.07173614],[21.1464374,43.06933044],[21.1499359,43.06766224],[21.152898,43.06070294],[21.15219,43.04933534],[21.1539846,43.04568734],[21.1522309,43.04080654],[21.1558668,43.03014494],[21.1591101,43.02887274],[21.1661589,43.02903714],[21.1677096,43.02692684],[21.1663354,43.02526644],[21.1672426,43.02041554],[21.1634445,43.01530504],[21.1695922,43.00811894],[21.1696351,43.00450204],[21.1721973,43.00383474],[21.1713713,43.00114654],[21.1754324,43.00029934],[21.1929392,43.00817924],[21.1941728,43.00973284],[21.1923695,43.01557954],[21.1977017,43.02382364],[21.2009438,43.02326734],[21.206156,43.02510214],[21.2137199,43.02189414],[21.2223732,43.02015144],[21.2257036,43.02097094],[21.2257148,43.01782304],[21.2298589,43.01494034],[21.2329084,43.00984684],[21.2358588,43.01034894],[21.2387265,43.00595834],[21.238486,42.98999174],[21.244479,42.98131284],[21.2401846,42.97485514],[21.2398443,42.96613104],[21.2345573,42.95971174],[21.2352231,42.95219194],[21.2448798,42.93849104],[21.245276,42.93386704],[21.2509203,42.93156754],[21.2532067,42.92618484],[21.2654,42.91269074],[21.2697766,42.91040974],[21.2705928,42.89755494],[21.2741445,42.89505924],[21.2820941,42.89565284],[21.2865036,42.90115454],[21.2921463,42.90353444],[21.2992177,42.90155104],[21.3044314,42.90629994],[21.3146806,42.90238994],[21.3307891,42.90297464],[21.3360949,42.89927824],[21.3396554,42.90077624],[21.3433855,42.89879654],[21.3452813,42.89470244],[21.3438875,42.89165944],[21.3493987,42.88988344],[21.3512153,42.88779984],[21.3498752,42.88137524],[21.3522774,42.87932524],[21.3564724,42.87923874],[21.3606781,42.87283874],[21.3638558,42.87163164],[21.3696671,42.87397294],[21.3799367,42.87288404],[21.3854504,42.86654474],[21.3921364,42.86867214],[21.3946951,42.86794744],[21.3959431,42.86897414],[21.3944213,42.87198704],[21.4028873,42.87508534],[21.4074257,42.87379924],[21.4120692,42.87422254],[21.4138969,42.87575534],[21.4352274,42.87287044],[21.4342387,42.86755504],[21.4360184,42.86472444],[21.4369411,42.85165604],[21.4234522,42.84721584],[21.4240098,42.83261594],[21.418309,42.82859544],[21.4171043,42.82590084],[21.4178091,42.81752474],[21.4246112,42.81055174],[21.4227009,42.81055644],[21.4225191,42.80579764],[21.4137965,42.80679724],[21.4095176,42.80456864],[21.40634,42.79409974],[21.4120416,42.79241434],[21.4128686,42.79020564],[21.4081916,42.78758424],[21.4096012,42.78384214],[21.4077884,42.78177754],[21.4111038,42.77605034],[21.4072969,42.76663274],[21.4029148,42.76694914],[21.396255,42.76120024],[21.3943567,42.75185434],[21.3983665,42.74460274],[21.4037329,42.74338194],[21.4102297,42.74387144],[21.4149952,42.74620254],[21.4177769,42.74420534],[21.4203912,42.74619304],[21.4269071,42.74588354],[21.4316868,42.74818024],[21.4409644,42.74876004],[21.4424922,42.74713934],[21.449954,42.74975684]]]]},"geometry_name":"geom","properties":{"shapeName":"Municipality of Podujeva","shapeISO":null,"shapeID":"46174442B63721873911771","shapeGroup":"XKX","shapeType":"ADM2","Rajoni":"Rajoni i Prishtinës"}},{"type":"Feature","id":"Komunat.19","geometry":{"type":"MultiPolygon","coordinates":[[[[20.7172688,42.35044234],[20.7223063,42.35657624],[20.7203275,42.36175664],[20.7241548,42.36737794],[20.7261014,42.37582594],[20.7257181,42.39214014],[20.7234372,42.39810924],[20.7299692,42.40396644],[20.7382511,42.39957384],[20.7394504,42.40122874],[20.7450117,42.40210994],[20.7515481,42.40566614],[20.7587409,42.40500574],[20.7665833,42.40219124],[20.7681962,42.40410144],[20.7658291,42.40583354],[20.763884,42.41859884],[20.7713161,42.41972454],[20.7733297,42.42291594],[20.7724092,42.42528564],[20.7745624,42.42570304],[20.7773449,42.43209974],[20.7804716,42.43034464],[20.782892,42.43533364],[20.7932481,42.43467854],[20.7931106,42.43896164],[20.7965691,42.43532174],[20.7995029,42.43853914],[20.8023473,42.43905494],[20.8075735,42.43614644],[20.811248,42.43641374],[20.8110303,42.43411054],[20.8136688,42.43527514],[20.8176373,42.43317204],[20.8195708,42.43423404],[20.8218262,42.43322364],[20.8226652,42.42974694],[20.827549,42.43268874],[20.8329798,42.43238154],[20.8473109,42.44180964],[20.8593388,42.44437754],[20.8615189,42.44315584],[20.8689041,42.44577314],[20.8777414,42.44429034],[20.8829571,42.44928544],[20.8799678,42.45783984],[20.8808104,42.46354784],[20.8715198,42.46707694],[20.8662791,42.46659034],[20.8645321,42.47050834],[20.8642476,42.47822264],[20.8690862,42.48335034],[20.8707958,42.48802104],[20.8822521,42.49097484],[20.8883147,42.48862114],[20.8958058,42.48883924],[20.8990466,42.47984244],[20.9014241,42.48085254],[20.9059059,42.47885754],[20.906606,42.47615714],[20.910573,42.47828194],[20.9223903,42.47676504],[20.9104274,42.47367964],[20.9036295,42.46818864],[20.9029928,42.46353904],[20.9010069,42.46208634],[20.9119742,42.46019414],[20.9125397,42.45897344],[20.9177615,42.45962844],[20.9260411,42.45660704],[20.9299776,42.45351234],[20.9482098,42.44927994],[20.9535293,42.44323364],[20.9615616,42.44028424],[20.9583411,42.43568354],[20.9557485,42.43495154],[20.955719,42.43310014],[20.9671061,42.42628094],[20.9734881,42.42554324],[20.9685041,42.42052794],[20.9500281,42.41323364],[20.9474141,42.40977064],[20.9423987,42.40813284],[20.9451194,42.40303744],[20.9571192,42.39639274],[20.9657228,42.39757874],[20.965907,42.39585544],[20.9609026,42.39268824],[20.9585444,42.38894884],[20.9400133,42.39084184],[20.9366755,42.39267514],[20.9352955,42.39001494],[20.9326192,42.39151404],[20.9305306,42.38778944],[20.9354251,42.38541264],[20.9385832,42.38104454],[20.9430948,42.37939684],[20.9448927,42.38047534],[20.9489579,42.37802394],[20.9601003,42.37568434],[20.9709381,42.36421854],[20.9705099,42.35865014],[20.9727617,42.35639104],[20.9719722,42.34897444],[20.9768404,42.33934834],[20.9746963,42.33369234],[20.9795692,42.32862134],[20.9774138,42.32539974],[20.9782499,42.31842924],[20.9801427,42.31278274],[20.9838275,42.30898644],[20.9762473,42.29591844],[20.9791518,42.29158394],[20.9811194,42.27954874],[20.9671676,42.27658784],[20.9596395,42.27327144],[20.9457377,42.27216154],[20.942159,42.26568054],[20.9208353,42.25406984],[20.9187432,42.24977054],[20.9112777,42.24631614],[20.9066046,42.24224774],[20.9003243,42.24045904],[20.889012,42.24017274],[20.8788151,42.24505924],[20.876178,42.25177104],[20.8720661,42.25333274],[20.8736342,42.25695414],[20.8684213,42.25717494],[20.8641461,42.26463694],[20.8587602,42.26873634],[20.8450819,42.26819794],[20.8368841,42.27179344],[20.8314837,42.27087464],[20.8234137,42.27272364],[20.8212173,42.27098204],[20.8186164,42.27137074],[20.8116475,42.27346564],[20.8090519,42.28025894],[20.7942142,42.28739144],[20.7938548,42.29204534],[20.790139,42.29255524],[20.7902769,42.29124974],[20.7862831,42.29105614],[20.7849576,42.28938944],[20.782692,42.29217234],[20.7817001,42.29039984],[20.7760886,42.28967984],[20.7761886,42.29187774],[20.7721043,42.29656854],[20.7660157,42.30044154],[20.769808,42.30661234],[20.7659082,42.31158604],[20.77101,42.31343554],[20.7719897,42.31562784],[20.7601555,42.31393694],[20.755884,42.31189124],[20.7514571,42.31991664],[20.746992,42.32259054],[20.7505609,42.32785354],[20.7461059,42.32897804],[20.7451235,42.33294584],[20.7480903,42.33401834],[20.7428675,42.33758784],[20.7411692,42.33680674],[20.7296583,42.33966014],[20.7288991,42.34063334],[20.7312665,42.34099454],[20.7267377,42.34383044],[20.7266385,42.34605604],[20.7209922,42.34696674],[20.7172688,42.35044234]]]]},"geometry_name":"geom","properties":{"shapeName":"Municipality of Suhareka","shapeISO":null,"shapeID":"46174442B35648466163459","shapeGroup":"XKX","shapeType":"ADM2","Rajoni":"Rajoni i Prizrenit"}},{"type":"Feature","id":"Komunat.20","geometry":{"type":"MultiPolygon","coordinates":[[[[21.1191426,42.20677454],[21.1181027,42.20932534],[21.1233869,42.22514324],[21.1306973,42.23894404],[21.1408532,42.24083264],[21.1458349,42.24530184],[21.1470829,42.25167514],[21.1447873,42.25350874],[21.1443835,42.26110614],[21.14673,42.26791644],[21.1445086,42.26750234],[21.141028,42.27117174],[21.1401316,42.27327714],[21.1427209,42.27557694],[21.1381405,42.27544574],[21.1382046,42.27750984],[21.1335344,42.28196764],[21.1318195,42.28015404],[21.1258635,42.28126374],[21.1118968,42.28733174],[21.1187457,42.29108064],[21.128622,42.29225684],[21.1325335,42.29569094],[21.1366168,42.29379674],[21.1432845,42.28667744],[21.1520757,42.28767174],[21.1530484,42.28669874],[21.1591082,42.28861094],[21.1620486,42.29330914],[21.1663871,42.29547244],[21.1677432,42.29933284],[21.1758418,42.30035054],[21.1776969,42.30314044],[21.1796315,42.30332524],[21.1818725,42.29943574],[21.1893089,42.29491894],[21.1896017,42.29095484],[21.1955023,42.29043734],[21.1982065,42.29196554],[21.1974033,42.29474444],[21.2037179,42.29476334],[21.2029902,42.29985644],[21.2073597,42.29978224],[21.2091459,42.30138844],[21.2060432,42.30409264],[21.2077602,42.30803284],[21.2057915,42.31018984],[21.2081431,42.31131544],[21.2126995,42.31026654],[21.2114754,42.31240804],[21.2173208,42.31488494],[21.2329762,42.31656924],[21.2525683,42.32882184],[21.2696348,42.32498974],[21.2845771,42.33547274],[21.2876972,42.33307494],[21.2831941,42.32936924],[21.283001,42.32563464],[21.2858386,42.32458404],[21.2876701,42.32123974],[21.2863721,42.32027394],[21.2818289,42.32144444],[21.2774855,42.31911554],[21.2771669,42.31710474],[21.2733082,42.31613744],[21.2692074,42.31230734],[21.2699563,42.31033494],[21.2572932,42.29706884],[21.2638309,42.29002724],[21.2618881,42.28434254],[21.2660845,42.28492384],[21.2698564,42.28286054],[21.2724323,42.28362224],[21.2723013,42.27956564],[21.2736402,42.27795064],[21.2768631,42.27808054],[21.2816456,42.26979714],[21.2842578,42.26832694],[21.2841412,42.26567594],[21.2884844,42.25932804],[21.2904625,42.25859024],[21.2930535,42.25977114],[21.2988679,42.25802954],[21.3015334,42.25396774],[21.3113577,42.25704874],[21.3256406,42.25438894],[21.3289771,42.25043434],[21.3336715,42.24803674],[21.339417,42.24909784],[21.339641,42.25484474],[21.3433028,42.25857974],[21.3461219,42.25426074],[21.3533564,42.25198764],[21.3541324,42.24952774],[21.3628079,42.24284074],[21.3697615,42.24156574],[21.3773096,42.23759964],[21.3739958,42.23336424],[21.3749056,42.23097464],[21.3698438,42.22741084],[21.367271,42.22145854],[21.3600183,42.22172234],[21.357291,42.21920364],[21.3564155,42.21529274],[21.3528858,42.21479524],[21.3456865,42.21034694],[21.3413284,42.21221274],[21.3391827,42.21005124],[21.3398264,42.20782614],[21.3358374,42.20678714],[21.3376787,42.20862404],[21.317325,42.21384984],[21.3160487,42.20834554],[21.309347,42.20373034],[21.3088037,42.19991774],[21.2987392,42.20091954],[21.2960888,42.19502854],[21.2909631,42.19365924],[21.2905269,42.18961384],[21.2830437,42.18750964],[21.2806208,42.18152794],[21.2776229,42.18143844],[21.2774498,42.17948724],[21.271758,42.17674884],[21.27058,42.17372954],[21.2670338,42.17381574],[21.2668259,42.17543464],[21.2615966,42.17548104],[21.2640053,42.17844184],[21.2621436,42.18354694],[21.2665756,42.18681804],[21.2654316,42.19054494],[21.2537461,42.18894604],[21.2474527,42.18404814],[21.2440908,42.17650284],[21.2411451,42.17409194],[21.24241,42.16801754],[21.2377843,42.16442074],[21.2362352,42.16039574],[21.2264927,42.15891404],[21.2250391,42.16176974],[21.2205856,42.16164554],[21.2120118,42.16542844],[21.210063,42.16860454],[21.2047111,42.16890254],[21.2065335,42.16629954],[21.2057352,42.16261694],[21.1974349,42.14844914],[21.1912583,42.15927664],[21.1844444,42.16298604],[21.1860205,42.16433734],[21.1811303,42.16649364],[21.1780029,42.17249484],[21.1715724,42.17381214],[21.1653926,42.18500654],[21.1681392,42.19683484],[21.1191426,42.20677454]]]]},"geometry_name":"geom","properties":{"shapeName":"Municipality of Kaçanik","shapeISO":null,"shapeID":"46174442B60774703759595","shapeGroup":"XKX","shapeType":"ADM2","Rajoni":"Rajoni i Ferizajit"}},{"type":"Feature","id":"Komunat.21","geometry":{"type":"MultiPolygon","coordinates":[[[[21.5402733,42.51179074],[21.5485551,42.51500614],[21.5436619,42.51977544],[21.5459685,42.51982514],[21.5498904,42.52366294],[21.549686,42.52548314],[21.5465962,42.52669774],[21.545934,42.52352114],[21.5422978,42.52422364],[21.5408593,42.52180574],[21.5379073,42.52198054],[21.53658,42.52382964],[21.5382683,42.52648344],[21.5352117,42.52863264],[21.5371848,42.53086554],[21.5265368,42.53874744],[21.5230925,42.53733644],[21.5198339,42.54027074],[21.5191326,42.54567434],[21.5112565,42.54965724],[21.5347741,42.55414644],[21.5411899,42.55353004],[21.5449021,42.55160154],[21.5497515,42.54388714],[21.5580127,42.54007704],[21.5700934,42.53911264],[21.5732048,42.53702564],[21.5809724,42.53541284],[21.6107557,42.53866994],[21.6145751,42.54319154],[21.6182444,42.54459854],[21.6446373,42.52832904],[21.6622112,42.52755414],[21.6920588,42.51759104],[21.6946867,42.51558704],[21.6921787,42.51507004],[21.6915455,42.51322754],[21.6915286,42.50785644],[21.6936958,42.50529384],[21.6906605,42.50238234],[21.6806202,42.49966624],[21.6672295,42.49301804],[21.6720905,42.48591424],[21.6714191,42.48459054],[21.6614742,42.48522384],[21.6582127,42.48379334],[21.6597729,42.47998244],[21.6572493,42.47572784],[21.6421108,42.46867184],[21.6313685,42.45992764],[21.6290269,42.45953664],[21.6288199,42.45731824],[21.6242111,42.45545694],[21.6228143,42.45327004],[21.6197408,42.45836884],[21.6204314,42.46021694],[21.5973601,42.46331324],[21.5963789,42.46762874],[21.5920201,42.47172154],[21.5889205,42.47145604],[21.5901717,42.47752624],[21.5939055,42.47988334],[21.588988,42.48131964],[21.5837187,42.48132884],[21.5839944,42.47937694],[21.5808951,42.47896994],[21.5696919,42.47960584],[21.5530251,42.47304364],[21.5515271,42.47704074],[21.5598206,42.48065084],[21.565805,42.48249774],[21.5759731,42.48153014],[21.5788904,42.48192584],[21.5786287,42.48388504],[21.5847621,42.48366844],[21.5893332,42.48924524],[21.5842049,42.49185594],[21.5840868,42.49434004],[21.5869622,42.49662624],[21.5827028,42.49820034],[21.5799992,42.49703754],[21.5762548,42.49782854],[21.5646676,42.49363594],[21.5618352,42.49124674],[21.558824,42.48425894],[21.5524687,42.48271224],[21.5506483,42.50006374],[21.5467481,42.49976994],[21.5449982,42.50685794],[21.5402733,42.51179074]]]]},"geometry_name":"geom","properties":{"shapeName":"Municipality of Ranillug","shapeISO":null,"shapeID":"46174442B71313445631408","shapeGroup":"XKX","shapeType":"ADM2","Rajoni":"Rajoni i Gjilanit"}},{"type":"Feature","id":"Komunat.22","geometry":{"type":"MultiPolygon","coordinates":[[[[20.7299692,42.40396644],[20.7252644,42.40731754],[20.7179244,42.40371134],[20.7124682,42.40341174],[20.7104796,42.40801904],[20.7119696,42.41274604],[20.7090293,42.41751434],[20.6963432,42.41376714],[20.6867009,42.41574604],[20.6878641,42.42242734],[20.6914996,42.42469734],[20.6909927,42.43001794],[20.6954102,42.43149364],[20.6924207,42.43430574],[20.68209,42.43626804],[20.6724519,42.44225544],[20.6696885,42.44423814],[20.6692923,42.44789774],[20.6646052,42.45140404],[20.6641526,42.45819764],[20.6710647,42.46573074],[20.670087,42.47195924],[20.6642284,42.47508744],[20.6655533,42.48008134],[20.6623636,42.48790014],[20.6644925,42.48957864],[20.6584471,42.49003064],[20.6509768,42.49327334],[20.6459002,42.48757974],[20.6344488,42.48275134],[20.6164097,42.48829194],[20.6134169,42.48720934],[20.6096766,42.48800164],[20.604279,42.48139634],[20.5970945,42.48565564],[20.597147,42.48733314],[20.5883136,42.48944954],[20.5835237,42.49476924],[20.5733455,42.50167764],[20.5665555,42.50228384],[20.563717,42.50425364],[20.5613023,42.51064414],[20.5574782,42.51110314],[20.5587033,42.51256824],[20.5549662,42.51799654],[20.5580013,42.52234514],[20.5566203,42.52403394],[20.5613343,42.52253834],[20.5615988,42.52372984],[20.5672659,42.52609084],[20.5667127,42.52889454],[20.5776466,42.52659164],[20.5907772,42.52583674],[20.5924668,42.52720074],[20.5963347,42.52685624],[20.598302,42.52458344],[20.5995738,42.52615374],[20.5976969,42.52947994],[20.6020072,42.52993414],[20.604744,42.52840494],[20.6037261,42.52491774],[20.605024,42.52386764],[20.6119535,42.52592754],[20.61532,42.52509284],[20.6183829,42.52669834],[20.6228254,42.52567664],[20.6309681,42.52644484],[20.6353869,42.52972124],[20.637982,42.52745774],[20.6398862,42.52920664],[20.6443359,42.52979404],[20.6468058,42.53255584],[20.6429241,42.53433554],[20.6421573,42.53640824],[20.64433,42.53647624],[20.6477241,42.54155284],[20.642322,42.54346834],[20.6476824,42.54564604],[20.644952,42.54830244],[20.648475,42.55029944],[20.6477562,42.55180814],[20.6509041,42.55101244],[20.6529325,42.55496524],[20.6572197,42.55598164],[20.6579097,42.55987614],[20.6560773,42.56064464],[20.6576216,42.56282364],[20.6598822,42.56231344],[20.6671121,42.56668734],[20.6797153,42.56973014],[20.6955577,42.57858164],[20.6986066,42.58205274],[20.7028887,42.58094234],[20.7065094,42.58470844],[20.7163488,42.58807144],[20.7200461,42.58604264],[20.7205835,42.57941664],[20.7275951,42.57469314],[20.7313215,42.57860314],[20.7390242,42.58145974],[20.7389599,42.58382664],[20.7449912,42.59168284],[20.7521655,42.59338434],[20.7518518,42.59462694],[20.7643844,42.60211014],[20.764702,42.60739754],[20.7703236,42.60948064],[20.7720103,42.60758334],[20.7802079,42.60900274],[20.7855249,42.60834374],[20.7934508,42.60480834],[20.7997932,42.59860224],[20.7961977,42.58825714],[20.7897609,42.58704214],[20.7870956,42.57930624],[20.7895999,42.57761594],[20.7907496,42.57360294],[20.7989722,42.57229924],[20.805704,42.56659764],[20.8026678,42.56172924],[20.8030376,42.55119344],[20.8004684,42.54312864],[20.8042227,42.52979394],[20.8117132,42.53406974],[20.8227474,42.53251474],[20.8372475,42.53471384],[20.8484961,42.53178734],[20.8478831,42.54531384],[20.8523582,42.54682924],[20.8559763,42.53951484],[20.8621098,42.53732774],[20.8731136,42.52024464],[20.8757626,42.51873544],[20.8772783,42.51989424],[20.8835725,42.51822314],[20.8840842,42.51717424],[20.8800508,42.51447084],[20.8751032,42.51513894],[20.8644855,42.51349884],[20.8654616,42.51480564],[20.8594163,42.51541034],[20.8577113,42.49816634],[20.8550635,42.49470814],[20.8498904,42.49432014],[20.855173,42.48468664],[20.8677715,42.48944864],[20.8682356,42.48709704],[20.8707958,42.48802104],[20.8690862,42.48335034],[20.8642476,42.47822264],[20.8645321,42.47050834],[20.8662791,42.46659034],[20.8715198,42.46707694],[20.8808104,42.46354784],[20.8799678,42.45783984],[20.8829571,42.44928544],[20.8777414,42.44429034],[20.8689041,42.44577314],[20.8615189,42.44315584],[20.8593388,42.44437754],[20.8473109,42.44180964],[20.8329798,42.43238154],[20.827549,42.43268874],[20.8226652,42.42974694],[20.8218262,42.43322364],[20.8195708,42.43423404],[20.8176373,42.43317204],[20.8136688,42.43527514],[20.8110303,42.43411054],[20.811248,42.43641374],[20.8075735,42.43614644],[20.8023473,42.43905494],[20.7995029,42.43853914],[20.7965691,42.43532174],[20.7931106,42.43896164],[20.7932481,42.43467854],[20.782892,42.43533364],[20.7804716,42.43034464],[20.7773449,42.43209974],[20.7745624,42.42570304],[20.7724092,42.42528564],[20.7733297,42.42291594],[20.7713161,42.41972454],[20.763884,42.41859884],[20.7658291,42.40583354],[20.7681962,42.40410144],[20.7665833,42.40219124],[20.7587409,42.40500574],[20.7515481,42.40566614],[20.7450117,42.40210994],[20.7394504,42.40122874],[20.7382511,42.39957384],[20.7299692,42.40396644]]]]},"geometry_name":"geom","properties":{"shapeName":"Municipality of Malisheva","shapeISO":null,"shapeID":"46174442B79482708656316","shapeGroup":"XKX","shapeType":"ADM2","Rajoni":"Rajoni i Prizrenit"}},{"type":"Feature","id":"Komunat.23","geometry":{"type":"MultiPolygon","coordinates":[[[[20.3200391,42.82605014],[20.3329663,42.82364224],[20.3374688,42.81505514],[20.3409506,42.81236984],[20.3404838,42.80569824],[20.3353527,42.79336304],[20.3343512,42.78319514],[20.3363627,42.77880514],[20.3348549,42.77786134],[20.3343625,42.76928294],[20.338502,42.76451804],[20.3373687,42.76093354],[20.3405426,42.75229524],[20.3448551,42.74577204],[20.3470081,42.74590554],[20.3475067,42.74465274],[20.3443822,42.73978734],[20.3474042,42.73678284],[20.3463993,42.73312554],[20.3417156,42.73210474],[20.3416446,42.72908894],[20.3442934,42.72832184],[20.3497636,42.72266684],[20.352506,42.72346514],[20.3571208,42.72234174],[20.3584173,42.71888084],[20.3617918,42.71914364],[20.3677683,42.71444934],[20.3770977,42.71203534],[20.3887462,42.70090864],[20.3919239,42.69973264],[20.3927166,42.69338574],[20.395713,42.69027634],[20.4101413,42.68776974],[20.4147997,42.68883194],[20.4205294,42.68664304],[20.427085,42.68627634],[20.4318973,42.68651374],[20.4327165,42.68805064],[20.4359622,42.68655764],[20.4403252,42.68716464],[20.4371808,42.68860864],[20.4380984,42.68945104],[20.4445043,42.68991474],[20.4449137,42.68801874],[20.4480852,42.68755914],[20.4481461,42.68417664],[20.4534431,42.68531784],[20.4554716,42.68780984],[20.4593308,42.68639894],[20.4603824,42.68331154],[20.4639764,42.68368104],[20.4646266,42.68228544],[20.466759,42.68233094],[20.4647322,42.68137594],[20.4641632,42.67786914],[20.4703326,42.67692894],[20.4675689,42.67429394],[20.4695335,42.67391874],[20.4678407,42.66579514],[20.4701479,42.66015064],[20.4784654,42.65827784],[20.4875427,42.64472184],[20.4913277,42.64624434],[20.4963179,42.64481904],[20.4878023,42.63703634],[20.4811052,42.62515324],[20.4767462,42.62109894],[20.4719994,42.62118104],[20.4706412,42.61766694],[20.4730525,42.61708104],[20.4721299,42.61585534],[20.4745936,42.61443784],[20.4730012,42.61334964],[20.4748669,42.61164414],[20.4736609,42.60785084],[20.4764263,42.60034104],[20.4727433,42.59772964],[20.4718439,42.59400414],[20.4885666,42.59319874],[20.4903078,42.59165594],[20.4905654,42.58213854],[20.5071905,42.57428004],[20.5087805,42.56915144],[20.5158594,42.56651674],[20.515554,42.56179064],[20.5233852,42.55330314],[20.5162514,42.54580374],[20.5130652,42.54461804],[20.5101355,42.54769504],[20.506957,42.54744854],[20.5057058,42.54901184],[20.5077537,42.55106814],[20.505741,42.55215534],[20.5015956,42.55296924],[20.5004911,42.55146384],[20.4957034,42.55130114],[20.4929731,42.55330964],[20.4923277,42.55649844],[20.488021,42.55666954],[20.4896412,42.55871244],[20.4872883,42.56094914],[20.4850094,42.55997764],[20.478957,42.56159074],[20.4757794,42.56048254],[20.4683217,42.56299534],[20.4513803,42.56026174],[20.4450333,42.55789304],[20.4298375,42.56176744],[20.4215438,42.56015344],[20.4111812,42.56362494],[20.408264,42.56199184],[20.3988161,42.56186704],[20.3714636,42.55126714],[20.3594078,42.55334554],[20.3551971,42.55614314],[20.3521122,42.55594164],[20.3502442,42.56301694],[20.3608627,42.56746144],[20.3562898,42.57242204],[20.3418722,42.57084404],[20.3381964,42.57852234],[20.3409243,42.58083784],[20.3395511,42.58210044],[20.3364257,42.58164934],[20.3376813,42.58799764],[20.344393,42.59082204],[20.3383054,42.59357054],[20.3278662,42.60283224],[20.3242898,42.60337814],[20.3213244,42.60109924],[20.3121992,42.61216384],[20.3085952,42.61248644],[20.3064142,42.61021374],[20.3051862,42.60487094],[20.3080677,42.60684044],[20.3076069,42.60408054],[20.3050932,42.60263654],[20.3008352,42.60292244],[20.3008091,42.60119574],[20.2981815,42.60095174],[20.2969973,42.59865914],[20.2928024,42.59976074],[20.2912163,42.59617694],[20.2872648,42.59548304],[20.2863797,42.59446634],[20.2879817,42.59361204],[20.284044,42.59210004],[20.2635752,42.60178814],[20.2608849,42.60268304],[20.2575497,42.60137114],[20.2538912,42.60319564],[20.2537364,42.60494484],[20.225513,42.60573954],[20.208805,42.60870164],[20.2046728,42.61402134],[20.2073544,42.61620094],[20.2034777,42.62373814],[20.1991263,42.62614564],[20.1927474,42.62609834],[20.1872089,42.62843044],[20.1898021,42.63235244],[20.1904315,42.64281834],[20.1985402,42.65202424],[20.1921237,42.65066224],[20.1861761,42.65193134],[20.173678,42.64830234],[20.1644311,42.65322784],[20.1624442,42.65241314],[20.1588523,42.65351634],[20.1546803,42.65167934],[20.1347452,42.65483894],[20.1189471,42.66308514],[20.1119623,42.65538774],[20.1083332,42.65863854],[20.0884414,42.66885054],[20.0823587,42.67963944],[20.0671506,42.68015174],[20.062725,42.68470214],[20.0535765,42.68476044],[20.0436823,42.69540034],[20.0321322,42.69766734],[20.0302515,42.70628474],[20.0319155,42.71078074],[20.0264792,42.70952964],[20.0151823,42.70992854],[20.0160791,42.71299214],[20.0213862,42.71314144],[20.0301898,42.71973174],[20.0168023,42.72397894],[20.0128986,42.72847494],[20.0142086,42.73342454],[20.0120527,42.73977624],[20.0136529,42.74309194],[20.0168104,42.74318734],[20.0178559,42.74844814],[20.0224693,42.75189094],[20.0213905,42.75700404],[20.0242256,42.76482514],[20.0296425,42.76582534],[20.0322556,42.76490594],[20.032917,42.76856174],[20.0426765,42.77439564],[20.0469187,42.77349704],[20.0514913,42.77661014],[20.0604327,42.77892494],[20.0698183,42.77446154],[20.084629,42.77396694],[20.0891656,42.77564224],[20.0984665,42.77582934],[20.104649,42.77241654],[20.1034076,42.76946704],[20.1140887,42.76328494],[20.1191216,42.76193914],[20.1260162,42.76260754],[20.1457465,42.75538964],[20.1490563,42.76380174],[20.1550913,42.76884414],[20.1680404,42.76234884],[20.1739301,42.75640194],[20.1829144,42.75454824],[20.1926776,42.74712214],[20.1961237,42.75152154],[20.1990688,42.74804324],[20.2004314,42.75131514],[20.2134787,42.75053834],[20.2241303,42.75389284],[20.2336747,42.75313654],[20.2366508,42.75721804],[20.2504401,42.75896964],[20.255308,42.77032744],[20.2581584,42.77118454],[20.2661589,42.77890234],[20.263437,42.78858824],[20.2627268,42.80398544],[20.2585919,42.80455214],[20.2523091,42.81071444],[20.2547746,42.81429394],[20.261475,42.81474024],[20.2740586,42.81999884],[20.2760187,42.82208344],[20.2750701,42.82536054],[20.2807491,42.83040854],[20.2853056,42.82592664],[20.2937889,42.82531524],[20.2979152,42.83599624],[20.3154933,42.83582234],[20.3164772,42.82913384],[20.3200391,42.82605014]]]]},"geometry_name":"geom","properties":{"shapeName":"Municipality of Peja","shapeISO":null,"shapeID":"46174442B68655904469874","shapeGroup":"XKX","shapeType":"ADM2","Rajoni":"Rajoni i Pejës"}},{"type":"Feature","id":"Komunat.24","geometry":{"type":"MultiPolygon","coordinates":[[[[20.6508671,42.84259674],[20.6381731,42.84041914],[20.6311105,42.84170424],[20.628057,42.84618714],[20.6278066,42.85210884],[20.62462,42.85853634],[20.6251972,42.86286224],[20.6162894,42.86723814],[20.6205771,42.86840084],[20.6207535,42.87169014],[20.6176761,42.87266374],[20.6159162,42.87554464],[20.6089267,42.87652214],[20.6023552,42.88077104],[20.5937362,42.88218184],[20.5728523,42.89101614],[20.5668527,42.89214894],[20.562385,42.88965084],[20.5519564,42.88724094],[20.5502786,42.88553284],[20.538465,42.88532434],[20.5360732,42.88576574],[20.5360088,42.88858004],[20.5342045,42.88955494],[20.5331978,42.88867434],[20.5329403,42.89007354],[20.5211467,42.89335924],[20.5203206,42.89820254],[20.5065748,42.90480104],[20.5007538,42.91731234],[20.4872569,42.92835844],[20.4857928,42.93308204],[20.4899745,42.93512614],[20.4966472,42.94427404],[20.4974666,42.95127014],[20.5008744,42.95644604],[20.5084918,42.96324564],[20.5142167,42.96483834],[20.5153063,42.96972284],[20.5287817,42.97507664],[20.5364141,42.97470094],[20.5399611,42.96546774],[20.5436733,42.96228014],[20.5480473,42.96144214],[20.5503584,42.96294864],[20.5564371,42.96863324],[20.5543535,42.97493594],[20.5583085,42.97859314],[20.5637741,42.97955764],[20.5675918,42.98371684],[20.5663559,42.98600734],[20.5704757,42.99627324],[20.5729266,42.99889584],[20.5807307,43.00106944],[20.5815411,43.00812264],[20.5793186,43.01102634],[20.5811969,43.01207544],[20.589846,43.01366364],[20.5906682,43.01612254],[20.6013695,43.01481314],[20.6066657,43.01634204],[20.6096085,43.01450294],[20.6173976,43.01647984],[20.6187924,43.01589934],[20.6175478,43.00885454],[20.6150142,43.00390574],[20.6169349,43.00215974],[20.619694,43.00151224],[20.6231797,43.00286224],[20.6299289,43.00827394],[20.6405108,43.00564844],[20.6409432,43.00929584],[20.6371044,43.01514654],[20.6401586,43.01705904],[20.6410347,43.02112414],[20.6453845,43.02261394],[20.6512658,43.02096804],[20.6507502,43.02720574],[20.6542329,43.03316444],[20.6638106,43.03289214],[20.670326,43.03516784],[20.6799959,43.02615834],[20.6986484,43.01840644],[20.7110026,43.01662124],[20.7231342,43.00797424],[20.7359632,43.00206624],[20.7385135,42.99784234],[20.7466458,42.99341514],[20.7416628,42.99084194],[20.7313607,42.98120574],[20.733518,42.98098944],[20.7351998,42.97874454],[20.7338702,42.97847904],[20.746849,42.96897664],[20.7491281,42.96869224],[20.7534483,42.96105914],[20.7520223,42.95894354],[20.7541235,42.95724424],[20.7531106,42.95136764],[20.7564877,42.94697314],[20.7616696,42.94380404],[20.7639981,42.93825014],[20.7695786,42.93371584],[20.7684263,42.92828804],[20.7738791,42.92369634],[20.7840966,42.92275054],[20.7861068,42.91991544],[20.7889917,42.92043234],[20.793844,42.91745634],[20.7905955,42.91431624],[20.7935455,42.90771464],[20.7943888,42.90367624],[20.7923297,42.90021634],[20.7967401,42.89102094],[20.791883,42.88745804],[20.7932976,42.88414984],[20.7909557,42.88353464],[20.7839936,42.88586104],[20.7781104,42.88390944],[20.7777973,42.88185744],[20.7756799,42.88318474],[20.7746711,42.88016764],[20.7689547,42.87808514],[20.7640329,42.88035714],[20.7575958,42.88020584],[20.7536276,42.87346034],[20.7509926,42.87256324],[20.7450517,42.87393294],[20.7425445,42.87119284],[20.7437452,42.86933014],[20.7366493,42.85949394],[20.7390157,42.85448774],[20.7430565,42.85365454],[20.7420432,42.85251594],[20.7445359,42.84927324],[20.7496215,42.84754054],[20.7530672,42.84327634],[20.7519059,42.84211674],[20.7459637,42.84194324],[20.7450016,42.84010064],[20.7536737,42.81957524],[20.7505909,42.81578624],[20.7491739,42.80922934],[20.7408348,42.81526884],[20.7355615,42.82146484],[20.7128899,42.82978724],[20.7091758,42.83506254],[20.7080536,42.84256904],[20.7013625,42.84691824],[20.7010342,42.85242784],[20.7041449,42.85371004],[20.694784,42.86141244],[20.6855336,42.86198874],[20.682311,42.85812424],[20.677646,42.85791464],[20.6749451,42.85494624],[20.6689265,42.85392964],[20.6593525,42.85686874],[20.6527705,42.86377614],[20.653113,42.85563374],[20.6575183,42.85051114],[20.6575897,42.84798574],[20.6508671,42.84259674]]]]},"geometry_name":"geom","properties":{"shapeName":"Municipality of Zubin Potok","shapeISO":null,"shapeID":"46174442B95673189518219","shapeGroup":"XKX","shapeType":"ADM2","Rajoni":"Rajoni i Mitrovicës"}},{"type":"Feature","id":"Komunat.25","geometry":{"type":"MultiPolygon","coordinates":[[[[20.0864204,42.58503034],[20.0881971,42.58174274],[20.1004396,42.57983494],[20.1077847,42.57666814],[20.1173797,42.56948254],[20.1117513,42.56559614],[20.1112907,42.55884914],[20.1060435,42.55353484],[20.1109866,42.54954664],[20.1115064,42.54559874],[20.1152356,42.54380634],[20.1120842,42.54277904],[20.1108226,42.54022314],[20.1212193,42.54110784],[20.1326511,42.54722224],[20.138399,42.55238074],[20.1439234,42.55415594],[20.14702,42.55752064],[20.1563695,42.55676554],[20.1677536,42.55175824],[20.1734869,42.54677334],[20.1538504,42.53373124],[20.1618168,42.52571444],[20.1836822,42.53060184],[20.1932607,42.52580784],[20.2012673,42.52545924],[20.2103346,42.52102834],[20.22606,42.52149614],[20.2284356,42.51896694],[20.2346842,42.52014324],[20.2382981,42.51798144],[20.2399634,42.51411034],[20.2374674,42.51202404],[20.2422028,42.51202174],[20.2460792,42.50921684],[20.2498023,42.50915174],[20.258111,42.50189474],[20.2636344,42.50326204],[20.2669959,42.50187004],[20.2691914,42.50335574],[20.2714455,42.50230904],[20.2758209,42.50389834],[20.2836913,42.50105264],[20.2891479,42.49479724],[20.2943552,42.49803164],[20.2959564,42.49668494],[20.2993398,42.49937094],[20.3029524,42.49461564],[20.303465,42.48857874],[20.3058229,42.48579794],[20.3084647,42.48473334],[20.3157495,42.48710224],[20.3228273,42.47486824],[20.3356798,42.47590764],[20.3373264,42.47314284],[20.3265582,42.46830684],[20.3359097,42.46358604],[20.3360388,42.46092914],[20.3387128,42.45922194],[20.3383712,42.45644474],[20.3434513,42.45321804],[20.324718,42.44576714],[20.3230008,42.45080384],[20.3137834,42.46305034],[20.3143374,42.45902924],[20.3115582,42.45643554],[20.312298,42.45065764],[20.3056777,42.45663064],[20.3037553,42.45614444],[20.2996821,42.45879224],[20.2996662,42.45765634],[20.2963293,42.45901624],[20.294653,42.45759004],[20.293302,42.45828974],[20.2940558,42.45705004],[20.2897739,42.45583224],[20.2857437,42.45827174],[20.2831606,42.45827484],[20.2844071,42.45686844],[20.28281,42.45665604],[20.2811149,42.45863524],[20.2785533,42.45811354],[20.2742777,42.46027644],[20.2723638,42.45921964],[20.2682774,42.46613354],[20.2661661,42.46617084],[20.2653086,42.46411804],[20.2543303,42.46712924],[20.253246,42.47062484],[20.2468564,42.47049514],[20.2436903,42.47464794],[20.2356132,42.47397434],[20.2276189,42.48187344],[20.2186284,42.48194404],[20.2152853,42.48452904],[20.2147557,42.48729144],[20.2017837,42.49307464],[20.1974089,42.50681884],[20.1992216,42.51292134],[20.1836839,42.50877084],[20.1805025,42.50969104],[20.1665232,42.50669414],[20.1562982,42.50960064],[20.1491934,42.51454184],[20.1226061,42.52187494],[20.1216636,42.52538444],[20.1068924,42.53117234],[20.1033412,42.53117204],[20.0982962,42.53414784],[20.0950398,42.54203564],[20.0894905,42.54520154],[20.0875794,42.55162104],[20.0788686,42.55629414],[20.0853676,42.56820364],[20.085178,42.57092644],[20.0894838,42.57469244],[20.0864204,42.58503034]]]]},"geometry_name":"geom","properties":{"shapeName":"Municipality of Junik","shapeISO":null,"shapeID":"46174442B81410971708141","shapeGroup":"XKX","shapeType":"ADM2","Rajoni":"Rajoni i Gjakovës"}},{"type":"Feature","id":"Komunat.26","geometry":{"type":"MultiPolygon","coordinates":[[[[21.4128747,42.40502924],[21.4130288,42.39182854],[21.4208455,42.38241994],[21.4301514,42.38313414],[21.4323975,42.37967254],[21.4398994,42.38114204],[21.4420975,42.37636774],[21.4358935,42.37393564],[21.4383198,42.37166444],[21.4447311,42.36936654],[21.4456653,42.37085084],[21.4505471,42.36886064],[21.4618347,42.36845174],[21.4693725,42.36278854],[21.468783,42.35622564],[21.4710981,42.34984284],[21.4749528,42.34605914],[21.4775271,42.33828244],[21.4902267,42.32758984],[21.4911461,42.32088144],[21.496374,42.31754004],[21.5000913,42.31703274],[21.5018483,42.32060184],[21.5074361,42.31793724],[21.5077797,42.31277764],[21.4990131,42.30988904],[21.4990927,42.30808124],[21.5025073,42.30027754],[21.5070119,42.29801944],[21.51004,42.29811904],[21.5164485,42.28380014],[21.5138586,42.28343754],[21.5130231,42.28129584],[21.5043235,42.27897324],[21.5011243,42.27661064],[21.4994046,42.27235504],[21.4944447,42.27367924],[21.4891398,42.27301604],[21.4715494,42.27978304],[21.4679549,42.27996734],[21.4633745,42.27715364],[21.4569327,42.27663454],[21.4473958,42.27990824],[21.4414831,42.27912714],[21.4392944,42.27712674],[21.4418436,42.26755084],[21.4405157,42.26235584],[21.4327109,42.25950144],[21.4325841,42.25709944],[21.4362975,42.24700714],[21.4430878,42.24138324],[21.4421368,42.23927724],[21.4444468,42.23494784],[21.4356272,42.23301924],[21.4335886,42.23125824],[21.4302936,42.23694064],[21.4274698,42.23654024],[21.4213415,42.24083594],[21.4193399,42.24487264],[21.4166236,42.24565834],[21.4157889,42.24383954],[21.4138062,42.24369344],[21.4103473,42.24646054],[21.3996313,42.24914494],[21.3971787,42.24731664],[21.3910094,42.24666844],[21.3896962,42.24508034],[21.3862758,42.24677204],[21.3821042,42.24521714],[21.3855825,42.24169424],[21.3805232,42.23724384],[21.3773096,42.23759964],[21.3697615,42.24156574],[21.3628079,42.24284074],[21.3541324,42.24952774],[21.3533564,42.25198764],[21.3461219,42.25426074],[21.3433028,42.25857974],[21.339641,42.25484474],[21.339417,42.24909784],[21.3336715,42.24803674],[21.3289771,42.25043434],[21.3256406,42.25438894],[21.3113577,42.25704874],[21.3015334,42.25396774],[21.2988679,42.25802954],[21.2930535,42.25977114],[21.2904625,42.25859024],[21.2884844,42.25932804],[21.2841412,42.26567594],[21.2842578,42.26832694],[21.2816456,42.26979714],[21.2768631,42.27808054],[21.2736402,42.27795064],[21.2723013,42.27956564],[21.2724323,42.28362224],[21.2698564,42.28286054],[21.2660845,42.28492384],[21.2618881,42.28434254],[21.2638309,42.29002724],[21.2572932,42.29706884],[21.2699563,42.31033494],[21.2692074,42.31230734],[21.2733082,42.31613744],[21.2771669,42.31710474],[21.2774855,42.31911554],[21.2818289,42.32144444],[21.2863721,42.32027394],[21.2876701,42.32123974],[21.2858386,42.32458404],[21.283001,42.32563464],[21.2831941,42.32936924],[21.2876972,42.33307494],[21.2845771,42.33547274],[21.2696348,42.32498974],[21.2525683,42.32882184],[21.2543197,42.33126804],[21.2532858,42.33302014],[21.2573102,42.33549094],[21.251153,42.33994664],[21.2477688,42.33949074],[21.2445949,42.34371524],[21.250012,42.35324224],[21.2516276,42.36027054],[21.2489747,42.36313184],[21.251068,42.36606154],[21.2562211,42.36632734],[21.2570807,42.36432714],[21.2603787,42.36494144],[21.2625686,42.36540264],[21.2623167,42.36796804],[21.2662698,42.36707194],[21.2870234,42.37311084],[21.2925936,42.37290184],[21.2944102,42.36976354],[21.2959603,42.37087114],[21.2960071,42.36948604],[21.30769,42.36895004],[21.3106607,42.37311054],[21.3103248,42.38073164],[21.2981345,42.39223714],[21.3050911,42.40732564],[21.3055869,42.41434334],[21.3092733,42.41792914],[21.3081546,42.41923004],[21.3114131,42.42035674],[21.3125154,42.42264554],[21.3180659,42.42367454],[21.325673,42.42833794],[21.3334397,42.42892524],[21.3420825,42.43128774],[21.3420591,42.43234964],[21.3454722,42.43079454],[21.3483077,42.43154834],[21.3472477,42.43530894],[21.353509,42.43528034],[21.3592387,42.43917394],[21.3598336,42.44193344],[21.3653334,42.44425384],[21.3688548,42.44277144],[21.3662022,42.43918204],[21.3785786,42.43347674],[21.3690545,42.43197244],[21.3703588,42.42760124],[21.3771957,42.42512184],[21.3775588,42.41821224],[21.382381,42.41785944],[21.3873489,42.41521954],[21.3908076,42.41512494],[21.392666,42.41698484],[21.3942494,42.41542444],[21.3929606,42.41291744],[21.3959089,42.40971604],[21.4030817,42.40692924],[21.4078042,42.40839224],[21.4104537,42.40489494],[21.4128747,42.40502924]],[[21.3552053,42.37072174],[21.3585301,42.36975154],[21.3612997,42.36226884],[21.3631902,42.35953834],[21.3649568,42.35976504],[21.3639049,42.35717444],[21.3614111,42.35629794],[21.3634005,42.35324024],[21.3599167,42.35018934],[21.3721107,42.34821644],[21.3721591,42.33528584],[21.3800458,42.32782504],[21.388451,42.32646964],[21.3888413,42.32376454],[21.3912156,42.32224954],[21.3963624,42.32392684],[21.4004035,42.32163634],[21.4013874,42.32419734],[21.4038673,42.32199874],[21.4041101,42.32348344],[21.4081637,42.32268924],[21.4079115,42.32097664],[21.4120585,42.32141174],[21.4117409,42.32003744],[21.4219018,42.31219334],[21.428897,42.31097944],[21.4355586,42.31233334],[21.4364905,42.31073084],[21.4410349,42.30980964],[21.4454167,42.31098554],[21.4407466,42.31994194],[21.4354592,42.32108564],[21.4374999,42.32628554],[21.4293138,42.32933144],[21.4262916,42.33530864],[21.4171746,42.33722374],[21.4152493,42.34008044],[21.4070809,42.34248714],[21.409261,42.34323014],[21.4105351,42.34690274],[21.4084257,42.35297094],[21.4043344,42.35609904],[21.4009085,42.35358824],[21.3999317,42.35473904],[21.3948919,42.35329524],[21.3964066,42.35733344],[21.3937876,42.36252204],[21.3997052,42.36644454],[21.4001439,42.37148404],[21.3916803,42.36820714],[21.3913968,42.36569404],[21.3886362,42.36718734],[21.3836008,42.37773914],[21.3756702,42.38358824],[21.3716772,42.38222734],[21.3723673,42.38044754],[21.3695697,42.37846294],[21.3641856,42.38205844],[21.3629622,42.38037534],[21.3613529,42.38081924],[21.358896,42.37920244],[21.360795,42.37622244],[21.3589067,42.37611934],[21.359293,42.37356724],[21.3552053,42.37072174]]]]},"geometry_name":"geom","properties":{"shapeName":"Municipality of Viti","shapeISO":null,"shapeID":"46174442B41940277354720","shapeGroup":"XKX","shapeType":"ADM2","Rajoni":"Rajoni i Gjilanit"}},{"type":"Feature","id":"Komunat.27","geometry":{"type":"MultiPolygon","coordinates":[[[[20.5388797,42.51973314],[20.5347222,42.51534754],[20.5367474,42.51016644],[20.5216351,42.51133514],[20.5155514,42.50802624],[20.5142357,42.50137554],[20.5085263,42.49516854],[20.5058844,42.48803174],[20.5149274,42.48347314],[20.5160845,42.48092234],[20.5092168,42.48006134],[20.5093519,42.47466144],[20.5040149,42.47459364],[20.4998699,42.47079874],[20.5009962,42.46787684],[20.5060537,42.46573794],[20.5059835,42.46393314],[20.5028885,42.46248664],[20.5031457,42.45953344],[20.5096502,42.45409404],[20.5097176,42.45004024],[20.5128219,42.44537364],[20.5075074,42.44056964],[20.5157779,42.43439904],[20.5181544,42.42707274],[20.5150558,42.42383894],[20.5175008,42.42083954],[20.5139049,42.41735784],[20.5098882,42.41664764],[20.5115641,42.41260564],[20.5063555,42.41173694],[20.5033467,42.40805984],[20.5033559,42.40527184],[20.5052357,42.40279294],[20.509252,42.40165214],[20.5126535,42.39708064],[20.5186334,42.39821534],[20.5167075,42.39497644],[20.5170422,42.38953564],[20.5111974,42.38487154],[20.5139515,42.37906574],[20.5126352,42.37596644],[20.5146443,42.37432004],[20.5195207,42.37573164],[20.5223479,42.37347094],[20.5207744,42.36946764],[20.526811,42.36915294],[20.5274967,42.36357334],[20.5393543,42.35418564],[20.5397438,42.34973934],[20.5433057,42.34916804],[20.5485576,42.35182904],[20.551859,42.35188664],[20.5552794,42.34581914],[20.5659465,42.34352964],[20.5701604,42.33868794],[20.5809608,42.33928044],[20.5858387,42.33656664],[20.5902764,42.33682554],[20.6047291,42.33273254],[20.6017518,42.33021604],[20.5984143,42.33022394],[20.6001413,42.32584094],[20.5967068,42.32118224],[20.5924609,42.31945384],[20.5924471,42.31826854],[20.5837326,42.31576714],[20.5812857,42.31006514],[20.5685937,42.30752544],[20.5650851,42.30378554],[20.5641704,42.30746084],[20.5593788,42.31045874],[20.5560433,42.31629574],[20.5511978,42.31640344],[20.555264,42.31457604],[20.5583215,42.30999864],[20.5550344,42.30802004],[20.5537028,42.30489774],[20.5591203,42.30011614],[20.5588874,42.29560734],[20.5502257,42.29242934],[20.5444639,42.29484234],[20.5382719,42.28999894],[20.5352731,42.28527184],[20.5123962,42.27685454],[20.508329,42.27040174],[20.4955305,42.26989654],[20.4907639,42.26674294],[20.4860526,42.26028324],[20.4759701,42.25717784],[20.4567334,42.27207254],[20.4451613,42.27488174],[20.4413834,42.27739054],[20.425676,42.27794364],[20.4233519,42.28232754],[20.4049459,42.28443114],[20.3946643,42.29866444],[20.3898926,42.29799334],[20.3864285,42.30093444],[20.3735155,42.30617714],[20.3690482,42.30532104],[20.3619525,42.30856934],[20.3535896,42.30944764],[20.3538486,42.31721464],[20.3491714,42.31997694],[20.3465375,42.32429414],[20.3386988,42.32766254],[20.3268563,42.32727554],[20.3207263,42.32177804],[20.3144881,42.32061964],[20.309232,42.31545744],[20.3060738,42.31475484],[20.2941105,42.32083704],[20.2922637,42.32347844],[20.2860936,42.32320804],[20.2709956,42.31931164],[20.2592265,42.31856574],[20.2570242,42.31893884],[20.2550223,42.32267104],[20.2485161,42.32249144],[20.2458897,42.32400394],[20.2422031,42.32767094],[20.2478622,42.33313074],[20.2430704,42.34135994],[20.2363661,42.34738614],[20.2396998,42.35101444],[20.2443555,42.35226294],[20.2463764,42.36814974],[20.2403302,42.37383104],[20.242062,42.37601154],[20.2395817,42.38077574],[20.235344,42.38116544],[20.2337724,42.38514664],[20.2276945,42.38789074],[20.2214997,42.39315974],[20.2097578,42.39838984],[20.2079514,42.40091844],[20.2113697,42.40381894],[20.2137191,42.40935894],[20.2260797,42.41440484],[20.2276922,42.41881304],[20.2266649,42.42384184],[20.2230902,42.42573434],[20.219113,42.43557884],[20.2148426,42.43789914],[20.2123031,42.43712434],[20.2079557,42.44447524],[20.1932134,42.45240454],[20.1923252,42.45664614],[20.1967815,42.46256394],[20.1896131,42.47010194],[20.1826853,42.47330954],[20.180254,42.48004084],[20.1805833,42.48647114],[20.166631,42.49684374],[20.1660378,42.49898794],[20.1683279,42.50150944],[20.1665232,42.50669414],[20.1805025,42.50969104],[20.1836839,42.50877084],[20.1992216,42.51292134],[20.1974089,42.50681884],[20.2017837,42.49307464],[20.2147557,42.48729144],[20.2152853,42.48452904],[20.2186284,42.48194404],[20.2276189,42.48187344],[20.2356132,42.47397434],[20.2436903,42.47464794],[20.2468564,42.47049514],[20.253246,42.47062484],[20.2543303,42.46712924],[20.2653086,42.46411804],[20.2661661,42.46617084],[20.2682774,42.46613354],[20.2723638,42.45921964],[20.2742777,42.46027644],[20.2785533,42.45811354],[20.2811149,42.45863524],[20.28281,42.45665604],[20.2844071,42.45686844],[20.2831606,42.45827484],[20.2857437,42.45827174],[20.2897739,42.45583224],[20.2940558,42.45705004],[20.293302,42.45828974],[20.294653,42.45759004],[20.2963293,42.45901624],[20.2996662,42.45765634],[20.2996821,42.45879224],[20.3037553,42.45614444],[20.3056777,42.45663064],[20.312298,42.45065764],[20.3115582,42.45643554],[20.3143374,42.45902924],[20.3137834,42.46305034],[20.3230008,42.45080384],[20.324718,42.44576714],[20.3434513,42.45321804],[20.3383712,42.45644474],[20.3387128,42.45922194],[20.3360388,42.46092914],[20.3359097,42.46358604],[20.3265582,42.46830684],[20.3373264,42.47314284],[20.3356798,42.47590764],[20.3415901,42.48039024],[20.3504547,42.48152754],[20.3506251,42.48361824],[20.3536959,42.48472414],[20.3577666,42.47918294],[20.3592548,42.47114924],[20.364237,42.47336874],[20.3628992,42.47590184],[20.3653253,42.47514744],[20.3648938,42.47709444],[20.3683039,42.47652044],[20.3703175,42.47805204],[20.3691962,42.47947464],[20.3710072,42.48080654],[20.3747939,42.47934764],[20.3767853,42.48001464],[20.3755943,42.48463084],[20.3814845,42.48368654],[20.3852327,42.48465824],[20.3829644,42.48773064],[20.3858158,42.48874364],[20.3964764,42.48848484],[20.3961709,42.49215234],[20.398546,42.49431574],[20.3960273,42.49632274],[20.3941926,42.49585714],[20.395291,42.50004474],[20.3875468,42.50631134],[20.388304,42.50962044],[20.3972888,42.51610904],[20.4003641,42.51503084],[20.4082229,42.52063414],[20.407734,42.52360614],[20.4032909,42.52653054],[20.4081009,42.53420314],[20.4224909,42.53660044],[20.4315915,42.53971454],[20.4451992,42.54143574],[20.4470482,42.54530624],[20.4508515,42.54773804],[20.446932,42.55094854],[20.4465847,42.55678904],[20.4450333,42.55789304],[20.4513803,42.56026174],[20.4683217,42.56299534],[20.4757794,42.56048254],[20.478957,42.56159074],[20.4850094,42.55997764],[20.4872883,42.56094914],[20.4896412,42.55871244],[20.488021,42.55666954],[20.4923277,42.55649844],[20.4929731,42.55330964],[20.4957034,42.55130114],[20.5004911,42.55146384],[20.5015956,42.55296924],[20.505741,42.55215534],[20.5077537,42.55106814],[20.5057058,42.54901184],[20.506957,42.54744854],[20.5101355,42.54769504],[20.5130652,42.54461804],[20.5162514,42.54580374],[20.5202735,42.54410794],[20.5207492,42.54012504],[20.5274485,42.54003814],[20.525057,42.53434264],[20.5287018,42.53386764],[20.5276252,42.53102514],[20.5332246,42.53013614],[20.5315722,42.52642524],[20.5379709,42.52591254],[20.5338497,42.52383034],[20.5388797,42.51973314]]]]},"geometry_name":"geom","properties":{"shapeName":"Municipality of Gjakova","shapeISO":null,"shapeID":"46174442B79854187042416","shapeGroup":"XKX","shapeType":"ADM2","Rajoni":"Rajoni i Gjakovës"}},{"type":"Feature","id":"Komunat.28","geometry":{"type":"MultiPolygon","coordinates":[[[[20.8531489,42.90556614],[20.8499734,42.90832354],[20.843708,42.90969144],[20.8448833,42.90703554],[20.8517585,42.90284374],[20.8529917,42.89331084],[20.8505984,42.89262004],[20.8469487,42.89613204],[20.8393313,42.89834854],[20.8313705,42.89815984],[20.8316172,42.89948024],[20.8274222,42.90156294],[20.8182008,42.89930684],[20.8151916,42.90057964],[20.8074065,42.90041594],[20.7935455,42.90771464],[20.7905955,42.91431624],[20.793844,42.91745634],[20.7889917,42.92043234],[20.7861068,42.91991544],[20.7840966,42.92275054],[20.7738791,42.92369634],[20.7684263,42.92828804],[20.7695786,42.93371584],[20.7639981,42.93825014],[20.7616696,42.94380404],[20.7564877,42.94697314],[20.7531106,42.95136764],[20.7541235,42.95724424],[20.7520223,42.95894354],[20.7534483,42.96105914],[20.7491281,42.96869224],[20.746849,42.96897664],[20.7338702,42.97847904],[20.7351998,42.97874454],[20.733518,42.98098944],[20.7313607,42.98120574],[20.7416628,42.99084194],[20.7466458,42.99341514],[20.7385135,42.99784234],[20.7359632,43.00206624],[20.7231342,43.00797424],[20.7110026,43.01662124],[20.6986484,43.01840644],[20.6799959,43.02615834],[20.670326,43.03516784],[20.6716491,43.04472504],[20.6699892,43.04675294],[20.6659993,43.04765754],[20.6711634,43.05383504],[20.66996,43.05816554],[20.6762438,43.05656624],[20.6800707,43.05909474],[20.6888596,43.05919544],[20.6918329,43.05606754],[20.7017061,43.05606544],[20.7049335,43.05482594],[20.7046881,43.04555414],[20.6995206,43.04336294],[20.705572,43.04214114],[20.711353,43.03808414],[20.7154407,43.03152954],[20.7206734,43.02832344],[20.7249233,43.03356424],[20.7296737,43.03547114],[20.7382224,43.04236324],[20.7414854,43.04290004],[20.7463267,43.03855874],[20.7516517,43.03954244],[20.756242,43.03859324],[20.7596106,43.04128504],[20.7615884,43.04059534],[20.7604044,43.03701144],[20.7647544,43.02774524],[20.768105,43.02703164],[20.7759651,43.02855604],[20.7836412,43.02662744],[20.7857509,43.02558634],[20.7903562,43.01691564],[20.7958302,43.01814914],[20.7998465,43.01570494],[20.8040116,43.02068384],[20.8064717,43.02113034],[20.8099598,43.01692204],[20.8097717,43.01389344],[20.806179,43.00896134],[20.7993964,43.00500624],[20.7984229,43.00124134],[20.8043106,42.99691504],[20.8135703,42.99666194],[20.8167748,42.99237844],[20.8218027,42.99024484],[20.8178201,42.98605524],[20.8226084,42.98366204],[20.8991,42.95080704],[20.8910019,42.92700834],[20.8804962,42.91471734],[20.8700249,42.90753054],[20.8531489,42.90556614]]]]},"geometry_name":"geom","properties":{"shapeName":"Municipality of Zveçan","shapeISO":null,"shapeID":"46174442B40636953799227","shapeGroup":"XKX","shapeType":"ADM2","Rajoni":"Rajoni i Mitrovicës"}},{"type":"Feature","id":"Komunat.29","geometry":{"type":"MultiPolygon","coordinates":[[[[20.5615988,42.52372984],[20.5577143,42.52696764],[20.5552754,42.52708274],[20.5554427,42.52294224],[20.5513349,42.52043104],[20.5388797,42.51973314],[20.5338497,42.52383034],[20.5379709,42.52591254],[20.5315722,42.52642524],[20.5332246,42.53013614],[20.5276252,42.53102514],[20.5287018,42.53386764],[20.525057,42.53434264],[20.5274485,42.54003814],[20.5207492,42.54012504],[20.5202735,42.54410794],[20.5162514,42.54580374],[20.5233852,42.55330314],[20.515554,42.56179064],[20.5158594,42.56651674],[20.5087805,42.56915144],[20.5071905,42.57428004],[20.4905654,42.58213854],[20.4903078,42.59165594],[20.4885666,42.59319874],[20.4718439,42.59400414],[20.4727433,42.59772964],[20.4764263,42.60034104],[20.4736609,42.60785084],[20.4748669,42.61164414],[20.4730012,42.61334964],[20.4745936,42.61443784],[20.4721299,42.61585534],[20.4730525,42.61708104],[20.4706412,42.61766694],[20.4719994,42.62118104],[20.4767462,42.62109894],[20.4811052,42.62515324],[20.4878023,42.63703634],[20.4963179,42.64481904],[20.4913277,42.64624434],[20.4875427,42.64472184],[20.4784654,42.65827784],[20.4701479,42.66015064],[20.4678407,42.66579514],[20.4695335,42.67391874],[20.4675689,42.67429394],[20.4703326,42.67692894],[20.4641632,42.67786914],[20.4647322,42.68137594],[20.466759,42.68233094],[20.4646266,42.68228544],[20.4639764,42.68368104],[20.4603824,42.68331154],[20.4593308,42.68639894],[20.4666622,42.68622134],[20.4738576,42.68399184],[20.4816594,42.68916494],[20.4921271,42.68578854],[20.4956747,42.68783914],[20.5003726,42.68606564],[20.5034196,42.68700444],[20.5058861,42.68438764],[20.5088931,42.68468934],[20.5097742,42.68290154],[20.5129408,42.68440924],[20.5148125,42.68320914],[20.5200226,42.69006224],[20.5340194,42.68296624],[20.5564043,42.68643234],[20.557475,42.68519394],[20.5646614,42.68875234],[20.5674459,42.69297204],[20.5708912,42.69400304],[20.5709733,42.69672784],[20.5719503,42.69577214],[20.5753499,42.69786454],[20.5768116,42.70605614],[20.5750725,42.70720944],[20.5780888,42.70875614],[20.5789905,42.70457644],[20.5815373,42.70346294],[20.581437,42.70055464],[20.5849713,42.69865754],[20.5875703,42.69814934],[20.5910229,42.70112684],[20.5976286,42.69871654],[20.6042115,42.70722034],[20.6194553,42.71653014],[20.622793,42.70734784],[20.6292034,42.70463494],[20.6342367,42.70537794],[20.6329935,42.69728534],[20.6361343,42.69478114],[20.6356707,42.69286204],[20.6466596,42.67786864],[20.653503,42.67471194],[20.6611637,42.67304124],[20.6761503,42.67502864],[20.681953,42.67937044],[20.6846923,42.68641004],[20.6878675,42.68662844],[20.6890022,42.68847014],[20.6936835,42.68687784],[20.6927417,42.68488204],[20.7019429,42.67748264],[20.7008982,42.67084544],[20.7047894,42.66459214],[20.7043125,42.65958204],[20.698745,42.65577014],[20.6959006,42.64813414],[20.6952842,42.63981404],[20.6973761,42.63482714],[20.7027464,42.63071424],[20.7133547,42.63028524],[20.7185261,42.63199124],[20.7262205,42.63009234],[20.7384117,42.61692074],[20.7373294,42.61479944],[20.7397264,42.61333204],[20.7393303,42.60747344],[20.7459436,42.60458384],[20.7585347,42.60663334],[20.764702,42.60739754],[20.7643844,42.60211014],[20.7518518,42.59462694],[20.7521655,42.59338434],[20.7449912,42.59168284],[20.7389599,42.58382664],[20.7390242,42.58145974],[20.7313215,42.57860314],[20.7275951,42.57469314],[20.7205835,42.57941664],[20.7200461,42.58604264],[20.7163488,42.58807144],[20.7065094,42.58470844],[20.7028887,42.58094234],[20.6986066,42.58205274],[20.6955577,42.57858164],[20.6797153,42.56973014],[20.6671121,42.56668734],[20.6598822,42.56231344],[20.6576216,42.56282364],[20.6560773,42.56064464],[20.6579097,42.55987614],[20.6572197,42.55598164],[20.6529325,42.55496524],[20.6509041,42.55101244],[20.6477562,42.55180814],[20.648475,42.55029944],[20.644952,42.54830244],[20.6476824,42.54564604],[20.642322,42.54346834],[20.6477241,42.54155284],[20.64433,42.53647624],[20.6421573,42.53640824],[20.6429241,42.53433554],[20.6468058,42.53255584],[20.6443359,42.52979404],[20.6398862,42.52920664],[20.637982,42.52745774],[20.6353869,42.52972124],[20.6309681,42.52644484],[20.6228254,42.52567664],[20.6183829,42.52669834],[20.61532,42.52509284],[20.6119535,42.52592754],[20.605024,42.52386764],[20.6037261,42.52491774],[20.604744,42.52840494],[20.6020072,42.52993414],[20.5976969,42.52947994],[20.5995738,42.52615374],[20.598302,42.52458344],[20.5963347,42.52685624],[20.5924668,42.52720074],[20.5907772,42.52583674],[20.5776466,42.52659164],[20.5667127,42.52889454],[20.5672659,42.52609084],[20.5615988,42.52372984]]]]},"geometry_name":"geom","properties":{"shapeName":"Municipality of Klina","shapeISO":null,"shapeID":"46174442B8604696050492","shapeGroup":"XKX","shapeType":"ADM2","Rajoni":"Rajoni i Pejës"}},{"type":"Feature","id":"Komunat.30","geometry":{"type":"MultiPolygon","coordinates":[[[[21.4398994,42.38114204],[21.4437089,42.38258804],[21.443808,42.38516044],[21.4469154,42.38695374],[21.4456201,42.38950494],[21.4489894,42.39304944],[21.4517146,42.39285074],[21.4533214,42.39438774],[21.4598901,42.39156474],[21.4640664,42.39453404],[21.4674286,42.40021094],[21.4714633,42.39992344],[21.4732612,42.39760254],[21.4761633,42.39866894],[21.4741955,42.40002274],[21.4756749,42.40193584],[21.4743512,42.40365014],[21.4867988,42.39684294],[21.4950177,42.39637754],[21.5052177,42.39177204],[21.5103778,42.39309464],[21.5140656,42.39173544],[21.5178667,42.39259284],[21.5279438,42.38504844],[21.5335636,42.38422004],[21.5395162,42.38777924],[21.5335513,42.39058284],[21.5331419,42.39204064],[21.5358318,42.39294424],[21.5344401,42.39626204],[21.5392315,42.39677944],[21.5386992,42.39842094],[21.5351406,42.39764154],[21.5349912,42.40340754],[21.531526,42.40551104],[21.5348417,42.40555244],[21.5352434,42.40732484],[21.5372048,42.40736624],[21.5392409,42.41209004],[21.5337583,42.41331744],[21.525062,42.41068294],[21.522648,42.41274254],[21.522472,42.41554424],[21.51579,42.41733144],[21.5092646,42.42685534],[21.501503,42.42538684],[21.4988131,42.42261524],[21.4919885,42.42241594],[21.4897059,42.42093944],[21.4875185,42.42172744],[21.4840061,42.41879334],[21.485183,42.41731944],[21.4823978,42.41454434],[21.4692539,42.42296704],[21.4650416,42.41918864],[21.4591574,42.41672714],[21.4550664,42.41807854],[21.4524979,42.42419434],[21.4424111,42.42712464],[21.4355342,42.42620584],[21.4475724,42.41820094],[21.4456017,42.41578754],[21.4496365,42.41484294],[21.4479798,42.40811884],[21.4448684,42.40717614],[21.4353933,42.40918604],[21.4304498,42.40672124],[21.4280588,42.40879704],[21.4286192,42.40767294],[21.4240332,42.40572124],[21.4249486,42.40426614],[21.4150949,42.40202464],[21.4128747,42.40502924],[21.4104537,42.40489494],[21.4078042,42.40839224],[21.4030817,42.40692924],[21.3959089,42.40971604],[21.3929606,42.41291744],[21.3942494,42.41542444],[21.392666,42.41698484],[21.3908076,42.41512494],[21.3873489,42.41521954],[21.382381,42.41785944],[21.3775588,42.41821224],[21.3771957,42.42512184],[21.3703588,42.42760124],[21.3690545,42.43197244],[21.3785786,42.43347674],[21.3662022,42.43918204],[21.3688548,42.44277144],[21.3653334,42.44425384],[21.3598336,42.44193344],[21.3592387,42.43917394],[21.353509,42.43528034],[21.3472477,42.43530894],[21.3483077,42.43154834],[21.3454722,42.43079454],[21.3420591,42.43234964],[21.3420825,42.43128774],[21.3334397,42.42892524],[21.325673,42.42833794],[21.3180659,42.42367454],[21.3125154,42.42264554],[21.3114131,42.42035674],[21.3081546,42.41923004],[21.292765,42.43070174],[21.2885578,42.43069534],[21.2863344,42.43283144],[21.284694,42.43654684],[21.2862636,42.43902124],[21.2744569,42.45225634],[21.2776452,42.45818304],[21.2773014,42.46997454],[21.2820997,42.47491104],[21.2744044,42.47590404],[21.2767815,42.47650124],[21.2733751,42.47894114],[21.2741487,42.48293714],[21.2860534,42.48162124],[21.2946016,42.48341484],[21.3053415,42.48252504],[21.3094469,42.48661174],[21.3104352,42.49020024],[21.3151178,42.49313314],[21.3131936,42.49827764],[21.3055996,42.50254014],[21.3002756,42.51161724],[21.302015,42.52156964],[21.3067118,42.52674384],[21.3055694,42.52766454],[21.297563,42.52660504],[21.2938435,42.52762314],[21.2936225,42.53067174],[21.2907574,42.52959434],[21.2882422,42.53040524],[21.2839317,42.53466854],[21.2834936,42.54069654],[21.2888679,42.54877024],[21.2991417,42.55697294],[21.2981712,42.55958134],[21.3067249,42.55647264],[21.3101106,42.55934454],[21.3075697,42.56482664],[21.3223549,42.56292014],[21.3289616,42.56058244],[21.3295517,42.55789484],[21.3326078,42.56028114],[21.3415957,42.55863454],[21.3462189,42.55979074],[21.3513332,42.55893334],[21.3538092,42.56129554],[21.3602482,42.56253684],[21.362601,42.56652504],[21.3655212,42.56575324],[21.3734601,42.56783694],[21.3779957,42.56547504],[21.380195,42.55902074],[21.3921775,42.55366194],[21.3916089,42.55080444],[21.3953111,42.54866554],[21.3960647,42.54470334],[21.4011287,42.53966894],[21.3982748,42.53657414],[21.4144266,42.53622754],[21.4217245,42.54066694],[21.4310801,42.54269884],[21.4340103,42.54666824],[21.42672,42.55958184],[21.4291585,42.56563304],[21.4265289,42.57334344],[21.431826,42.57735074],[21.4452398,42.57695174],[21.4528192,42.57468964],[21.455147,42.57640394],[21.4595453,42.57269324],[21.4599394,42.56933514],[21.4661973,42.56615134],[21.4728227,42.57115184],[21.4726593,42.57263174],[21.4786165,42.57558994],[21.482157,42.57508304],[21.4856748,42.57174194],[21.4917959,42.56943154],[21.4947296,42.56580344],[21.492756,42.56209264],[21.497371,42.55733364],[21.498171,42.55336354],[21.4950792,42.54927114],[21.4969187,42.54874804],[21.4988385,42.55020154],[21.5021318,42.54756134],[21.5029211,42.55040754],[21.5046894,42.55055994],[21.5054832,42.54453414],[21.5109882,42.54284564],[21.5136998,42.53529884],[21.5203216,42.52865504],[21.5231027,42.52765924],[21.525235,42.52991034],[21.5284512,42.53039544],[21.5294547,42.52626644],[21.5335778,42.52375284],[21.5342883,42.52042014],[21.5368987,42.51902654],[21.5365406,42.51708194],[21.5381402,42.51750474],[21.5413282,42.51441634],[21.5402733,42.51179074],[21.5449982,42.50685794],[21.5467481,42.49976994],[21.5506483,42.50006374],[21.5524687,42.48271224],[21.5469375,42.47586554],[21.5499155,42.47296244],[21.5530251,42.47304364],[21.5696919,42.47960584],[21.5808951,42.47896994],[21.5839944,42.47937694],[21.5837187,42.48132884],[21.588988,42.48131964],[21.5939055,42.47988334],[21.5901717,42.47752624],[21.5889205,42.47145604],[21.5920201,42.47172154],[21.5963789,42.46762874],[21.5973601,42.46331324],[21.6204314,42.46021694],[21.6197408,42.45836884],[21.6228143,42.45327004],[21.6242111,42.45545694],[21.6288199,42.45731824],[21.6245823,42.44736294],[21.6321852,42.43985444],[21.6315556,42.43556404],[21.6377239,42.42939574],[21.6386644,42.42405784],[21.6369534,42.42104154],[21.6434585,42.41810784],[21.6465015,42.41330154],[21.6448724,42.40832404],[21.635664,42.40363124],[21.636933,42.40343944],[21.6356683,42.39786254],[21.6281609,42.39269854],[21.6207542,42.37812574],[21.6147693,42.37573404],[21.6057975,42.37540874],[21.6027453,42.38250544],[21.600495,42.38365024],[21.5930486,42.38012544],[21.5896817,42.38147684],[21.5795597,42.37541404],[21.5847385,42.36753414],[21.5782661,42.36531194],[21.5764564,42.36278724],[21.5731115,42.36595044],[21.5661259,42.36782264],[21.5661665,42.36673224],[21.5635222,42.36746074],[21.5583481,42.36599134],[21.5571497,42.36247734],[21.5519199,42.36516764],[21.5518818,42.36786544],[21.5495374,42.36796204],[21.5456754,42.37337354],[21.5410998,42.36952484],[21.54118,42.36753964],[21.5369529,42.36675484],[21.5402241,42.35971264],[21.5370065,42.35691674],[21.5382473,42.35356354],[21.5357898,42.35320024],[21.5347346,42.34806774],[21.5297761,42.34276094],[21.5313272,42.33315014],[21.5281928,42.32738314],[21.5355896,42.32211734],[21.5412859,42.32075014],[21.5377668,42.31998934],[21.5381921,42.31881214],[21.5422409,42.31875074],[21.5380633,42.31080724],[21.5409816,42.30914104],[21.5475412,42.31115374],[21.550016,42.31377344],[21.5517436,42.31247424],[21.5582649,42.31543354],[21.5597295,42.31465604],[21.5648145,42.30978464],[21.5644145,42.30407534],[21.5624427,42.30173074],[21.5650066,42.30079204],[21.5608345,42.29882194],[21.5833284,42.28326614],[21.5814437,42.28030704],[21.5826853,42.27573764],[21.5892399,42.26731774],[21.5848114,42.25867374],[21.5735303,42.25404834],[21.5674643,42.24987114],[21.5627126,42.25215634],[21.5617308,42.25090114],[21.5439248,42.25337464],[21.5444859,42.25170144],[21.5389404,42.25050984],[21.5317942,42.24358414],[21.5328418,42.24134134],[21.5203555,42.24112124],[21.5201573,42.25203054],[21.51751,42.25962724],[21.5196477,42.26081114],[21.518941,42.26232484],[21.5147777,42.26297994],[21.5113901,42.26551594],[21.5109725,42.27017024],[21.5065629,42.27115944],[21.503399,42.26975184],[21.4994046,42.27235504],[21.5011243,42.27661064],[21.5043235,42.27897324],[21.5130231,42.28129584],[21.5138586,42.28343754],[21.5164485,42.28380014],[21.51004,42.29811904],[21.5070119,42.29801944],[21.5025073,42.30027754],[21.4990927,42.30808124],[21.4990131,42.30988904],[21.5077797,42.31277764],[21.5074361,42.31793724],[21.5018483,42.32060184],[21.5000913,42.31703274],[21.496374,42.31754004],[21.4911461,42.32088144],[21.4902267,42.32758984],[21.4775271,42.33828244],[21.4749528,42.34605914],[21.4710981,42.34984284],[21.468783,42.35622564],[21.4693725,42.36278854],[21.4618347,42.36845174],[21.4505471,42.36886064],[21.4456653,42.37085084],[21.4447311,42.36936654],[21.4383198,42.37166444],[21.4358935,42.37393564],[21.4420975,42.37636774],[21.4398994,42.38114204]]]]},"geometry_name":"geom","properties":{"shapeName":"Municipality of Gjilan","shapeISO":null,"shapeID":"46174442B68038755437200","shapeGroup":"XKX","shapeType":"ADM2","Rajoni":"Rajoni i Gjilanit"}},{"type":"Feature","id":"Komunat.31","geometry":{"type":"MultiPolygon","coordinates":[[[[21.0027179,43.07106874],[20.996463,43.07248624],[20.9931564,43.06338884],[20.9886815,43.06194554],[20.9831711,43.05622234],[20.9787946,43.05462684],[20.9784918,43.04616634],[20.9746998,43.04052664],[20.9606667,43.04078854],[20.9539588,43.03882214],[20.9509698,43.03609604],[20.9481879,43.03716584],[20.9413093,43.03475764],[20.9379852,43.03111274],[20.9362678,43.02497684],[20.9345561,43.02479274],[20.9357382,43.02226114],[20.9329005,43.01829674],[20.9269368,43.01788624],[20.9278624,43.01638004],[20.9233286,43.01511754],[20.9217081,43.01293224],[20.9161902,43.01201214],[20.9102383,43.01835974],[20.9028898,43.02014144],[20.9028134,43.02303554],[20.8976473,43.02565304],[20.8968027,43.02862894],[20.8907674,43.02972024],[20.8892715,43.02694224],[20.886048,43.02600984],[20.8889118,43.02234794],[20.8865594,43.02124034],[20.8867305,43.01970684],[20.8926035,43.01614934],[20.8937373,43.01371174],[20.8891561,43.00622764],[20.8679459,43.00132744],[20.8632076,43.00089934],[20.8578589,43.00262024],[20.8460304,42.99548354],[20.843324,42.99586014],[20.8400481,42.99261904],[20.8362181,42.99310574],[20.8380599,42.99033894],[20.8334958,42.98924454],[20.8368136,42.98706654],[20.8333941,42.98429804],[20.8272785,42.98439324],[20.8290439,42.98623724],[20.8280814,42.98758394],[20.8226084,42.98366204],[20.8178201,42.98605524],[20.8218027,42.99024484],[20.8167748,42.99237844],[20.8135703,42.99666194],[20.8043106,42.99691504],[20.7984229,43.00124134],[20.7993964,43.00500624],[20.806179,43.00896134],[20.8097717,43.01389344],[20.8099598,43.01692204],[20.8064717,43.02113034],[20.8040116,43.02068384],[20.7998465,43.01570494],[20.7958302,43.01814914],[20.7903562,43.01691564],[20.7857509,43.02558634],[20.7836412,43.02662744],[20.7759651,43.02855604],[20.768105,43.02703164],[20.7647544,43.02774524],[20.7604044,43.03701144],[20.7615884,43.04059534],[20.7596106,43.04128504],[20.756242,43.03859324],[20.7516517,43.03954244],[20.7463267,43.03855874],[20.7414854,43.04290004],[20.7382224,43.04236324],[20.7296737,43.03547114],[20.7249233,43.03356424],[20.7206734,43.02832344],[20.7154407,43.03152954],[20.711353,43.03808414],[20.705572,43.04214114],[20.6995206,43.04336294],[20.7046881,43.04555414],[20.7049335,43.05482594],[20.7017061,43.05606544],[20.6918329,43.05606754],[20.6888596,43.05919544],[20.6800707,43.05909474],[20.6762438,43.05656624],[20.66996,43.05816554],[20.6691289,43.06497784],[20.6666468,43.06396484],[20.662506,43.06513834],[20.658296,43.06835684],[20.6568476,43.07194254],[20.6629748,43.07651474],[20.6649199,43.07545454],[20.6709481,43.07617264],[20.6882654,43.08182014],[20.6925047,43.08791574],[20.6936807,43.09356624],[20.6886852,43.10059134],[20.69379,43.10318724],[20.693867,43.10730914],[20.6854805,43.12301394],[20.673199,43.12686284],[20.6726595,43.13180964],[20.6608725,43.13754374],[20.6644423,43.14333384],[20.6616653,43.15081244],[20.6624827,43.15317194],[20.6573576,43.15389504],[20.6533711,43.15836924],[20.650274,43.15781894],[20.6431945,43.16203544],[20.6319106,43.16343074],[20.6250438,43.16842284],[20.6186801,43.16911624],[20.6114628,43.17459204],[20.611716,43.17667824],[20.6157356,43.17925934],[20.6143402,43.19014104],[20.6046777,43.19671554],[20.6024048,43.20029944],[20.5971687,43.20260154],[20.5971094,43.20539944],[20.6032554,43.21085904],[20.6055657,43.21035284],[20.6073425,43.20683564],[20.6154366,43.20447574],[20.6343412,43.20853554],[20.6441638,43.20661564],[20.6562639,43.20991544],[20.6768873,43.20897904],[20.687627,43.21328664],[20.6886034,43.21880814],[20.6968309,43.22209694],[20.6993854,43.22527534],[20.7076653,43.22632674],[20.7098275,43.22747354],[20.7106587,43.23155664],[20.7212663,43.23485214],[20.7316995,43.24934804],[20.7401925,43.25089554],[20.7463282,43.24746534],[20.7565137,43.24629074],[20.7635372,43.24342164],[20.775886,43.24640554],[20.7950359,43.24565664],[20.7932281,43.25762414],[20.801984,43.26570304],[20.8072289,43.26746044],[20.8275125,43.26572004],[20.8300665,43.26166054],[20.8354662,43.26150394],[20.8366609,43.25667164],[20.8477143,43.25161284],[20.8517343,43.25116154],[20.8594161,43.24136144],[20.8730988,43.23133834],[20.8773229,43.22652024],[20.877592,43.22329534],[20.8802982,43.22275034],[20.881223,43.21094644],[20.8881717,43.20711204],[20.8906995,43.20387524],[20.8891725,43.20298224],[20.8845118,43.20406794],[20.8824007,43.20595384],[20.8673256,43.20570724],[20.8649356,43.20778894],[20.8513027,43.20538864],[20.844996,43.20745874],[20.8429794,43.20323104],[20.8454089,43.19847484],[20.8571591,43.18970224],[20.8492058,43.18571434],[20.8367202,43.18431564],[20.8338325,43.17988664],[20.8415486,43.17359114],[20.8584452,43.17484504],[20.8660118,43.16547154],[20.8717758,43.16497204],[20.8760448,43.16713574],[20.884189,43.16748404],[20.8836151,43.16597024],[20.8889622,43.16208444],[20.888819,43.15913974],[20.8942409,43.15568114],[20.8990227,43.15453574],[20.9028386,43.15622064],[20.9120264,43.14877024],[20.9250659,43.14793754],[20.9293349,43.14635744],[20.9319324,43.14494734],[20.9374473,43.13462284],[20.9464753,43.13380164],[20.9499783,43.13027584],[20.9608125,43.12632344],[20.9706758,43.12466174],[20.9730667,43.12654864],[20.971695,43.13091864],[20.9761525,43.13436904],[20.9959232,43.13650974],[20.998914,43.13841664],[21.0008053,43.10195084],[21.0056282,43.09389444],[21.0063234,43.07608084],[21.0027179,43.07106874]]]]},"geometry_name":"geom","properties":{"shapeName":"Municipality of Leposaviq","shapeISO":null,"shapeID":"46174442B64591312141190","shapeGroup":"XKX","shapeType":"ADM2","Rajoni":"Rajoni i Mitrovicës"}},{"type":"Feature","id":"Komunat.32","geometry":{"type":"MultiPolygon","coordinates":[[[[21.0490847,42.58320294],[21.0587333,42.58901184],[21.0554843,42.59520264],[21.0669159,42.59654694],[21.0723734,42.59581744],[21.0725116,42.59410814],[21.0879516,42.59144694],[21.0891845,42.58997544],[21.0903971,42.59078554],[21.1006966,42.56972224],[21.1073962,42.57146144],[21.104954,42.57631004],[21.1078584,42.57850624],[21.1071459,42.58002104],[21.1012448,42.58066794],[21.0995944,42.58410564],[21.1012385,42.59512164],[21.1045228,42.59452954],[21.1038138,42.59718414],[21.1092854,42.60108674],[21.1155302,42.61033944],[21.1126908,42.61781104],[21.1046552,42.61478164],[21.0996341,42.61935304],[21.0977502,42.62839934],[21.1000919,42.63000444],[21.0982253,42.63283604],[21.1059549,42.63615584],[21.1038915,42.64051944],[21.1067821,42.64104514],[21.1095074,42.63711654],[21.1137833,42.63863254],[21.1188746,42.64073274],[21.1262874,42.64021784],[21.1355629,42.64208574],[21.1336585,42.63969834],[21.1353186,42.63826114],[21.122549,42.63352324],[21.123717,42.63050274],[21.1296576,42.62698624],[21.1267712,42.61384114],[21.1296983,42.61380524],[21.1309098,42.61100474],[21.1333735,42.61166304],[21.1329751,42.60943694],[21.1377804,42.60870084],[21.1491034,42.62525254],[21.1504085,42.62380964],[21.1522725,42.62458044],[21.1585916,42.62305014],[21.1586189,42.61755974],[21.1605655,42.61781504],[21.1634287,42.61493704],[21.1677041,42.61807544],[21.166813,42.60152414],[21.1724802,42.60272714],[21.1735942,42.60490554],[21.1830342,42.60529454],[21.1856703,42.60868074],[21.1890713,42.60845174],[21.1995587,42.61530544],[21.2008355,42.61446064],[21.2209386,42.62394244],[21.2248034,42.62290604],[21.2254617,42.62418204],[21.2273233,42.62247894],[21.2293477,42.62340084],[21.2361714,42.61518644],[21.2395057,42.61338554],[21.2447828,42.61299374],[21.239403,42.61075294],[21.2421863,42.60859444],[21.241299,42.60567284],[21.233715,42.59749854],[21.2298856,42.59640534],[21.2297174,42.59159914],[21.2260002,42.58959444],[21.2270838,42.58717734],[21.2249917,42.57478244],[21.2284678,42.57302854],[21.2246176,42.57285104],[21.2214404,42.57068194],[21.2188762,42.56831944],[21.2164193,42.56109704],[21.2122458,42.55973784],[21.2178781,42.55356564],[21.2241597,42.55603034],[21.2339278,42.55142614],[21.2313774,42.54832864],[21.2259134,42.54881984],[21.2244011,42.54651964],[21.2198838,42.54780564],[21.2192822,42.54416564],[21.2317331,42.54177714],[21.231292,42.53964674],[21.2346604,42.53822894],[21.2361523,42.54063924],[21.2363896,42.53847614],[21.238762,42.53772594],[21.2438523,42.53795994],[21.2570217,42.53460144],[21.2648953,42.53191734],[21.2657265,42.52925364],[21.2639986,42.52786324],[21.2521555,42.52721624],[21.2469438,42.53027924],[21.2342134,42.52943954],[21.2343648,42.53258444],[21.2322427,42.53248854],[21.2302999,42.53649414],[21.2183167,42.53860684],[21.2156081,42.53684504],[21.2111062,42.53749884],[21.2113024,42.53576454],[21.1996928,42.54036864],[21.1978808,42.53910234],[21.2012993,42.53505574],[21.1995807,42.52921234],[21.1970589,42.52962534],[21.195742,42.52646604],[21.1960113,42.52493354],[21.1983478,42.52499984],[21.2013179,42.52243914],[21.1988989,42.52352674],[21.1977968,42.51858414],[21.188382,42.51915554],[21.1889331,42.51723484],[21.1873173,42.51664974],[21.1865514,42.51850844],[21.180443,42.51717984],[21.1775009,42.51557574],[21.1783272,42.51179264],[21.1756414,42.51169884],[21.1734046,42.51431064],[21.16768,42.51293434],[21.1654308,42.52100544],[21.1628139,42.51893684],[21.1593488,42.52413454],[21.1496496,42.52206654],[21.146486,42.53192984],[21.1504459,42.53442804],[21.1470334,42.53864054],[21.1488385,42.53953324],[21.1465285,42.54116024],[21.1502614,42.54330744],[21.1490337,42.54644044],[21.1476595,42.54457744],[21.1485539,42.54698554],[21.1399026,42.56209714],[21.1302512,42.56098914],[21.126576,42.54872874],[21.1182567,42.53506314],[21.1154853,42.53447014],[21.114781,42.53563594],[21.1064317,42.53257494],[21.104583,42.53317434],[21.0946057,42.52872664],[21.0950285,42.53044034],[21.0924104,42.53189034],[21.0943618,42.53297484],[21.0906297,42.53332834],[21.0900361,42.53625814],[21.0862065,42.53708494],[21.0868651,42.54152424],[21.0859544,42.54323754],[21.0800839,42.54543604],[21.0809783,42.54699354],[21.0781243,42.54649034],[21.0768478,42.54822154],[21.0724408,42.54701154],[21.0738718,42.54581344],[21.0726197,42.54520844],[21.07053,42.54707744],[21.0641345,42.54660544],[21.0623043,42.55026894],[21.0692661,42.55296614],[21.0642611,42.55687814],[21.0637793,42.56174404],[21.0495176,42.56026914],[21.0486194,42.56294714],[21.0431947,42.56182334],[21.039205,42.56600734],[21.0398121,42.57536194],[21.0451079,42.57678564],[21.0490847,42.58320294]]]]},"geometry_name":"geom","properties":{"shapeName":"Municipality of Gracanica","shapeISO":null,"shapeID":"46174442B17013957884184","shapeGroup":"XKX","shapeType":"ADM2","Rajoni":"Rajoni i Prishtinës"}},{"type":"Feature","id":"Komunat.33","geometry":{"type":"MultiPolygon","coordinates":[[[[20.7024756,42.31855194],[20.7095437,42.32932514],[20.7025602,42.33320444],[20.7051848,42.33447034],[20.7054266,42.33854624],[20.703252,42.34227394],[20.7104709,42.34944624],[20.7172688,42.35044234],[20.7209922,42.34696674],[20.7266385,42.34605604],[20.7267377,42.34383044],[20.7312665,42.34099454],[20.7288991,42.34063334],[20.7296583,42.33966014],[20.7411692,42.33680674],[20.7428675,42.33758784],[20.7480903,42.33401834],[20.7451235,42.33294584],[20.7461059,42.32897804],[20.7505609,42.32785354],[20.746992,42.32259054],[20.7395803,42.32393294],[20.7366666,42.31976964],[20.731706,42.31677454],[20.7363368,42.31123044],[20.7351954,42.30926224],[20.7314234,42.31068884],[20.7325555,42.30680794],[20.7277245,42.30748014],[20.7272324,42.30611534],[20.7231294,42.30625404],[20.7260916,42.30785694],[20.7241217,42.30846714],[20.7248042,42.31048954],[20.7177132,42.31151834],[20.7169782,42.31047244],[20.7155238,42.31148034],[20.7170298,42.31264744],[20.7141763,42.31481004],[20.7099652,42.31401084],[20.7052697,42.32072724],[20.7024756,42.31855194]]]]},"geometry_name":"geom","properties":{"shapeName":"Municipality of Mamusha","shapeISO":null,"shapeID":"46174442B12156416037672","shapeGroup":"XKX","shapeType":"ADM2","Rajoni":"Rajoni i Prizrenit"}},{"type":"Feature","id":"Komunat.34","geometry":{"type":"MultiPolygon","coordinates":[[[[20.9713197,42.69382864],[20.968452,42.69491534],[20.9676636,42.69863094],[20.9637903,42.70278414],[20.9487496,42.71140204],[20.9452639,42.72281304],[20.9300531,42.73863164],[20.9295746,42.74211474],[20.9269948,42.74444844],[20.9166784,42.74795894],[20.9091235,42.74885234],[20.9003097,42.75432274],[20.8949636,42.75373914],[20.8973038,42.75201354],[20.8927349,42.75075154],[20.8896146,42.74434154],[20.885886,42.74639814],[20.8812095,42.74671564],[20.8730555,42.74380404],[20.8606905,42.75127714],[20.8611736,42.75713124],[20.8666948,42.75951974],[20.8694417,42.76387694],[20.8685248,42.77309234],[20.8570376,42.77694734],[20.861089,42.78007434],[20.8562428,42.78702154],[20.8618905,42.79213404],[20.8611052,42.79602664],[20.8641614,42.79626214],[20.8542516,42.80583344],[20.84624,42.81770154],[20.8535674,42.81990134],[20.8599139,42.82728264],[20.8700271,42.82732744],[20.8743218,42.82874274],[20.8796139,42.83185544],[20.8779935,42.83469664],[20.8811635,42.83757754],[20.8840608,42.83848784],[20.8848127,42.83754504],[20.8896938,42.84131664],[20.8967371,42.84035264],[20.9042408,42.84817694],[20.9062208,42.84618234],[20.9095947,42.84789754],[20.9170661,42.84824164],[20.9141272,42.84252374],[20.9192276,42.84424094],[20.9250648,42.84097944],[20.9344195,42.84893164],[20.9307587,42.85214464],[20.9343566,42.85878114],[20.9335663,42.86975984],[20.9376498,42.87856594],[20.9342953,42.87983834],[20.9364007,42.88492164],[20.935678,42.89076544],[20.9368539,42.89182284],[20.9394521,42.88860524],[20.9452375,42.89023854],[20.9438337,42.89888364],[20.9475241,42.90126944],[20.9515807,42.90087974],[20.9543054,42.90340414],[20.9578896,42.89423274],[20.9658246,42.89304564],[20.9732844,42.89542224],[20.9722642,42.89800464],[20.9762478,42.89946784],[20.9778132,42.90204044],[20.9814433,42.90090934],[20.980304,42.90862184],[20.9818155,42.91026774],[20.9816034,42.91713144],[20.9844793,42.92177124],[20.9817148,42.92400564],[20.979538,42.93088474],[20.9745684,42.93380764],[20.973447,42.93718084],[20.9847628,42.93787674],[20.9874619,42.94326314],[20.9901408,42.94381524],[21.0024706,42.93565684],[21.0052823,42.93611554],[21.0067111,42.93364544],[21.0129986,42.93269654],[21.0141246,42.92870774],[21.0175651,42.92639674],[21.0209264,42.93049814],[21.0338165,42.93661104],[21.0365065,42.93573734],[21.0488191,42.93679644],[21.0515938,42.93910814],[21.0577763,42.93194734],[21.0687424,42.93104634],[21.069634,42.93392364],[21.0667856,42.93734184],[21.0661839,42.94301714],[21.0708112,42.94338844],[21.0728882,42.94135274],[21.0762907,42.94430774],[21.0808037,42.94555004],[21.0812309,42.93977064],[21.0775011,42.93645264],[21.0776263,42.93173764],[21.0741509,42.92964254],[21.0728952,42.92482794],[21.0687003,42.92286414],[21.0699656,42.91539224],[21.0676416,42.91426144],[21.0604102,42.91583074],[21.0580886,42.91374784],[21.0583599,42.91140844],[21.0622382,42.90883214],[21.0592292,42.90271554],[21.0688233,42.89630724],[21.0700011,42.89216614],[21.0742496,42.88945884],[21.0748021,42.88547794],[21.0729701,42.88335014],[21.0778515,42.87411414],[21.0777288,42.86635424],[21.0821221,42.86356174],[21.0783693,42.85902034],[21.0789158,42.85528634],[21.0849666,42.84930994],[21.0821872,42.84407524],[21.0818552,42.83756504],[21.0879365,42.83981404],[21.0937743,42.83653614],[21.0981518,42.83646284],[21.0996867,42.83353904],[21.1023741,42.83301724],[21.1073618,42.82786094],[21.1127639,42.82513954],[21.1142235,42.82015024],[21.1194141,42.81339544],[21.1176081,42.81041844],[21.1203347,42.80569094],[21.1190334,42.80416844],[21.1143876,42.80483584],[21.1080882,42.80345764],[21.1044948,42.79870174],[21.099348,42.79584614],[21.0859343,42.79544454],[21.0807519,42.78803164],[21.070786,42.78343074],[21.0686212,42.78030674],[21.0662062,42.77011584],[21.0713507,42.77144984],[21.0726404,42.77045584],[21.0733385,42.76551194],[21.077927,42.75894394],[21.0794301,42.75963384],[21.0766755,42.75656084],[21.0783928,42.75543154],[21.0706268,42.75011554],[21.0737025,42.74609844],[21.0591612,42.73673984],[21.0643622,42.73387474],[21.0646213,42.73122924],[21.0629223,42.73077304],[21.0664441,42.73039034],[21.0674296,42.72754604],[21.0517035,42.72914054],[21.0500831,42.72758154],[21.0521336,42.72211434],[21.0507057,42.71780384],[21.049238,42.71705184],[21.0476393,42.71837344],[21.0382788,42.71514254],[21.036731,42.71638134],[21.0298321,42.71216294],[21.0272929,42.71280324],[21.028812,42.70765204],[21.0254597,42.70634334],[21.0244505,42.70769934],[21.0210994,42.70766484],[21.0176483,42.70349784],[21.0116565,42.70332324],[21.0118912,42.69901194],[20.9978285,42.69278834],[20.9951029,42.68932594],[20.9899137,42.68841704],[20.9880507,42.69002384],[20.9830565,42.69046374],[20.9785328,42.68923484],[20.9744608,42.68565074],[20.9713197,42.69382864]]]]},"geometry_name":"geom","properties":{"shapeName":"Municipality of Vushtrri","shapeISO":null,"shapeID":"46174442B77057321033628","shapeGroup":"XKX","shapeType":"ADM2","Rajoni":"Rajoni i Mitrovicës"}},{"type":"Feature","id":"Komunat.35","geometry":{"type":"MultiPolygon","coordinates":[[[[20.9771115,42.57017104],[20.9893191,42.57275454],[20.9951233,42.57731294],[21.0060616,42.57768384],[21.0231095,42.58157204],[21.0213589,42.58528324],[21.0281573,42.58682874],[21.0299793,42.58919654],[21.0404014,42.58820384],[21.041207,42.58620394],[21.0484261,42.58775314],[21.0490847,42.58320294],[21.0451079,42.57678564],[21.0398121,42.57536194],[21.039205,42.56600734],[21.0431947,42.56182334],[21.0486194,42.56294714],[21.0495176,42.56026914],[21.0637793,42.56174404],[21.0642611,42.55687814],[21.0692661,42.55296614],[21.0623043,42.55026894],[21.0641345,42.54660544],[21.07053,42.54707744],[21.0726197,42.54520844],[21.0738718,42.54581344],[21.0724408,42.54701154],[21.0768478,42.54822154],[21.0781243,42.54649034],[21.0809783,42.54699354],[21.0800839,42.54543604],[21.0859544,42.54323754],[21.0868651,42.54152424],[21.0862065,42.53708494],[21.0900361,42.53625814],[21.0906297,42.53332834],[21.0943618,42.53297484],[21.0924104,42.53189034],[21.0950285,42.53044034],[21.0946057,42.52872664],[21.104583,42.53317434],[21.1064317,42.53257494],[21.114781,42.53563594],[21.1154853,42.53447014],[21.1182567,42.53506314],[21.126576,42.54872874],[21.1302512,42.56098914],[21.1399026,42.56209714],[21.1485539,42.54698554],[21.1476595,42.54457744],[21.1490337,42.54644044],[21.1502614,42.54330744],[21.1465285,42.54116024],[21.1488385,42.53953324],[21.1470334,42.53864054],[21.1504459,42.53442804],[21.146486,42.53192984],[21.1496496,42.52206654],[21.1593488,42.52413454],[21.1628139,42.51893684],[21.1654308,42.52100544],[21.16768,42.51293434],[21.1734046,42.51431064],[21.1756414,42.51169884],[21.1783272,42.51179264],[21.1775009,42.51557574],[21.180443,42.51717984],[21.1865514,42.51850844],[21.1873173,42.51664974],[21.1889331,42.51723484],[21.188382,42.51915554],[21.1977968,42.51858414],[21.1988989,42.52352674],[21.2013179,42.52243914],[21.1983478,42.52499984],[21.1960113,42.52493354],[21.195742,42.52646604],[21.1970589,42.52962534],[21.1995807,42.52921234],[21.2012993,42.53505574],[21.1978808,42.53910234],[21.1996928,42.54036864],[21.2113024,42.53576454],[21.2111062,42.53749884],[21.2156081,42.53684504],[21.2183167,42.53860684],[21.2302999,42.53649414],[21.2322427,42.53248854],[21.2343648,42.53258444],[21.2342134,42.52943954],[21.2469438,42.53027924],[21.2521555,42.52721624],[21.2639986,42.52786324],[21.2657265,42.52925364],[21.2648953,42.53191734],[21.2570217,42.53460144],[21.2438523,42.53795994],[21.238762,42.53772594],[21.2363896,42.53847614],[21.2361523,42.54063924],[21.2346604,42.53822894],[21.231292,42.53964674],[21.2317331,42.54177714],[21.2192822,42.54416564],[21.2198838,42.54780564],[21.2244011,42.54651964],[21.2259134,42.54881984],[21.2313774,42.54832864],[21.2339278,42.55142614],[21.2241597,42.55603034],[21.2178781,42.55356564],[21.2122458,42.55973784],[21.2164193,42.56109704],[21.2188762,42.56831944],[21.2214404,42.57068194],[21.2246176,42.57285104],[21.2284678,42.57302854],[21.2310271,42.57266064],[21.2333748,42.57545874],[21.2389307,42.57780674],[21.2411686,42.57599114],[21.2454518,42.57762464],[21.2451715,42.58250964],[21.2410284,42.58314374],[21.2396951,42.58488194],[21.240038,42.59471964],[21.233715,42.59749854],[21.241299,42.60567284],[21.2421863,42.60859444],[21.239403,42.61075294],[21.2447828,42.61299374],[21.2510691,42.61711734],[21.2541565,42.61478644],[21.2561038,42.61843584],[21.2707365,42.62215044],[21.2863589,42.62282224],[21.2930831,42.61532634],[21.3042248,42.61066024],[21.3114925,42.60958784],[21.3111547,42.60418694],[21.3158984,42.60310124],[21.3172368,42.59655894],[21.3210216,42.59503434],[21.3198761,42.59184914],[21.3218237,42.58794194],[21.3234293,42.58720464],[21.3257524,42.58905984],[21.3258395,42.59219574],[21.3314392,42.59707094],[21.3348024,42.59586034],[21.3422397,42.58581494],[21.3378537,42.58552964],[21.3363588,42.58107974],[21.3382337,42.57941374],[21.3340239,42.57615194],[21.3324147,42.57202644],[21.3243943,42.56950454],[21.3249079,42.56577664],[21.3223549,42.56292014],[21.3075697,42.56482664],[21.3101106,42.55934454],[21.3067249,42.55647264],[21.2981712,42.55958134],[21.2991417,42.55697294],[21.2888679,42.54877024],[21.2834936,42.54069654],[21.2839317,42.53466854],[21.2882422,42.53040524],[21.2907574,42.52959434],[21.2936225,42.53067174],[21.2938435,42.52762314],[21.297563,42.52660504],[21.3055694,42.52766454],[21.3067118,42.52674384],[21.302015,42.52156964],[21.3002756,42.51161724],[21.3055996,42.50254014],[21.3131936,42.49827764],[21.3151178,42.49313314],[21.3104352,42.49020024],[21.3094469,42.48661174],[21.3053415,42.48252504],[21.2946016,42.48341484],[21.2860534,42.48162124],[21.2741487,42.48293714],[21.2733751,42.47894114],[21.2767815,42.47650124],[21.2744044,42.47590404],[21.2820997,42.47491104],[21.2773014,42.46997454],[21.2776452,42.45818304],[21.2744569,42.45225634],[21.2592234,42.44439384],[21.2544086,42.44962014],[21.2493883,42.45220184],[21.2471527,42.45826314],[21.2428821,42.45998354],[21.2374478,42.45884224],[21.2250581,42.46460034],[21.213681,42.46578114],[21.1924413,42.46337944],[21.1800236,42.45586934],[21.1791719,42.45882074],[21.1764632,42.46044894],[21.1676582,42.46141254],[21.1651707,42.46007204],[21.1617352,42.46135364],[21.1603955,42.46023854],[21.1614084,42.45531704],[21.1574151,42.45590664],[21.1544585,42.45432904],[21.1538699,42.45573144],[21.1489852,42.45611924],[21.1454466,42.45256294],[21.1390929,42.45647004],[21.1381613,42.46089424],[21.1349993,42.47008514],[21.1318905,42.47003264],[21.1332577,42.47046224],[21.1314186,42.47255254],[21.107167,42.46796814],[21.0999129,42.46961084],[21.0995967,42.47086004],[21.0984706,42.46929154],[21.096417,42.47157724],[21.0974332,42.47262424],[21.0943567,42.47433514],[21.0972368,42.47340114],[21.0956692,42.47551404],[21.0989155,42.47798294],[21.0944806,42.47812444],[21.0899251,42.47460684],[21.092738,42.47845164],[21.0891673,42.48145694],[21.090947,42.48277734],[21.0896046,42.48409914],[21.0845412,42.47640564],[21.0692208,42.47321724],[21.0687935,42.47168614],[21.0759373,42.47233434],[21.0766033,42.47117004],[21.0661819,42.46964834],[21.0520504,42.47110174],[21.0474387,42.47618844],[21.0426019,42.47760654],[21.0303032,42.47686744],[21.0198012,42.47865024],[21.0152605,42.47524924],[21.0019818,42.48600674],[20.9970676,42.48366104],[20.9942226,42.47971524],[20.9928471,42.48089594],[20.9912704,42.47896264],[20.987537,42.47957704],[20.9847905,42.47845104],[20.9828944,42.47970684],[20.9815981,42.47876054],[20.964203,42.49623234],[20.9507395,42.48857324],[20.9434774,42.48712004],[20.9404109,42.48268934],[20.9382097,42.48319024],[20.937359,42.47922954],[20.9342583,42.47723334],[20.9288055,42.47546054],[20.9223903,42.47676504],[20.910573,42.47828194],[20.906606,42.47615714],[20.9059059,42.47885754],[20.9014241,42.48085254],[20.8990466,42.47984244],[20.8958058,42.48883924],[20.8883147,42.48862114],[20.8822521,42.49097484],[20.8707958,42.48802104],[20.8682356,42.48709704],[20.8677715,42.48944864],[20.855173,42.48468664],[20.8498904,42.49432014],[20.8550635,42.49470814],[20.8577113,42.49816634],[20.8594163,42.51541034],[20.8654616,42.51480564],[20.8644855,42.51349884],[20.8751032,42.51513894],[20.8800508,42.51447084],[20.8793083,42.51290404],[20.8823867,42.51127004],[20.893651,42.51763144],[20.904194,42.52682564],[20.9113339,42.52942814],[20.9135416,42.52738294],[20.9142086,42.52877734],[20.9190266,42.52938554],[20.9183302,42.53754434],[20.9197317,42.54023534],[20.9306893,42.53991064],[20.9349371,42.53541224],[20.9488822,42.53408964],[20.9496558,42.53760514],[20.9618553,42.54395224],[20.958542,42.55083184],[20.9525009,42.55340714],[20.9570069,42.55853794],[20.9546258,42.56140774],[20.9716774,42.57109744],[20.9771115,42.57017104]]]]},"geometry_name":"geom","properties":{"shapeName":"Municipality of Lipjan","shapeISO":null,"shapeID":"46174442B17657766994727","shapeGroup":"XKX","shapeType":"ADM2","Rajoni":"Rajoni i Prishtinës"}},{"type":"Feature","id":"Komunat.36","geometry":{"type":"MultiPolygon","coordinates":[[[[20.6194553,42.71653014],[20.6198261,42.72562514],[20.6184112,42.72757554],[20.6236124,42.72810334],[20.6328325,42.72393424],[20.6379543,42.72631814],[20.6408131,42.73148274],[20.6375849,42.73306644],[20.6370424,42.73628144],[20.6439471,42.73866854],[20.6513997,42.74819954],[20.6514037,42.75168884],[20.6423003,42.75882234],[20.640841,42.76390304],[20.6349486,42.77005924],[20.6342654,42.77182724],[20.6363617,42.77380104],[20.6308441,42.77450984],[20.6288214,42.77808584],[20.6395826,42.78198484],[20.6448394,42.79429874],[20.6424414,42.81455184],[20.6489574,42.82357184],[20.6508671,42.84259674],[20.6575897,42.84798574],[20.6575183,42.85051114],[20.653113,42.85563374],[20.6527705,42.86377614],[20.6593525,42.85686874],[20.6689265,42.85392964],[20.6749451,42.85494624],[20.677646,42.85791464],[20.682311,42.85812424],[20.6855336,42.86198874],[20.694784,42.86141244],[20.7041449,42.85371004],[20.7010342,42.85242784],[20.7013625,42.84691824],[20.7080536,42.84256904],[20.7091758,42.83506254],[20.7128899,42.82978724],[20.7355615,42.82146484],[20.7408348,42.81526884],[20.7491739,42.80922934],[20.7505909,42.81578624],[20.7536737,42.81957524],[20.7450016,42.84010064],[20.7459637,42.84194324],[20.7519059,42.84211674],[20.7530672,42.84327634],[20.756554,42.83958784],[20.7610051,42.83977364],[20.7643373,42.84179164],[20.7634808,42.83800074],[20.7667198,42.83342884],[20.7704361,42.83146034],[20.7718424,42.82867604],[20.780907,42.82600234],[20.7840268,42.81796684],[20.7922858,42.82355354],[20.7958629,42.82422294],[20.8079351,42.81956334],[20.8237879,42.82355904],[20.8314492,42.81479854],[20.8352714,42.81359994],[20.8402845,42.81559634],[20.8429668,42.81907544],[20.84624,42.81770154],[20.8542516,42.80583344],[20.8641614,42.79626214],[20.8611052,42.79602664],[20.8618905,42.79213404],[20.8562428,42.78702154],[20.861089,42.78007434],[20.8570376,42.77694734],[20.8685248,42.77309234],[20.8694417,42.76387694],[20.8666948,42.75951974],[20.8611736,42.75713124],[20.8606905,42.75127714],[20.8730555,42.74380404],[20.8812095,42.74671564],[20.885886,42.74639814],[20.8896146,42.74434154],[20.8927349,42.75075154],[20.8973038,42.75201354],[20.8949636,42.75373914],[20.9003097,42.75432274],[20.9091235,42.74885234],[20.9166784,42.74795894],[20.9269948,42.74444844],[20.9295746,42.74211474],[20.9300531,42.73863164],[20.9452639,42.72281304],[20.9431052,42.72365954],[20.9380985,42.71893244],[20.923701,42.71228554],[20.914391,42.71400964],[20.9102894,42.71677974],[20.9030874,42.70829984],[20.8969882,42.70485854],[20.895973,42.70249914],[20.8939239,42.70290514],[20.8917499,42.70100704],[20.8854121,42.68948674],[20.8795161,42.68481524],[20.8752066,42.69116504],[20.8708696,42.69163544],[20.8700558,42.69676704],[20.8682843,42.69662234],[20.8687429,42.69857394],[20.8658454,42.70206014],[20.8602938,42.70303404],[20.8567861,42.70045344],[20.8466627,42.70661274],[20.8373671,42.70078744],[20.8356098,42.70130134],[20.8357864,42.69551014],[20.8254331,42.69510084],[20.8217605,42.69235144],[20.8153513,42.69238044],[20.8125609,42.68864104],[20.8154458,42.68690444],[20.8143747,42.68408474],[20.8188752,42.67291594],[20.8233614,42.66947514],[20.8193736,42.66657654],[20.8161901,42.66632234],[20.8135178,42.66417494],[20.8120716,42.66540714],[20.8085754,42.66303634],[20.8041008,42.66451224],[20.8009125,42.66027664],[20.7990937,42.66188804],[20.7997488,42.66513014],[20.7858335,42.65948474],[20.7694527,42.65976054],[20.7702166,42.65352224],[20.7735504,42.65112584],[20.7740101,42.64873404],[20.7708747,42.64395564],[20.7670135,42.64183364],[20.7688258,42.64052164],[20.7639992,42.63249384],[20.7634629,42.62782014],[20.7669798,42.62108744],[20.7673981,42.61339234],[20.7650663,42.60972924],[20.7585347,42.60663334],[20.7459436,42.60458384],[20.7393303,42.60747344],[20.7397264,42.61333204],[20.7373294,42.61479944],[20.7384117,42.61692074],[20.7262205,42.63009234],[20.7185261,42.63199124],[20.7133547,42.63028524],[20.7027464,42.63071424],[20.6973761,42.63482714],[20.6952842,42.63981404],[20.6959006,42.64813414],[20.698745,42.65577014],[20.7043125,42.65958204],[20.7047894,42.66459214],[20.7008982,42.67084544],[20.7019429,42.67748264],[20.6927417,42.68488204],[20.6936835,42.68687784],[20.6890022,42.68847014],[20.6878675,42.68662844],[20.6846923,42.68641004],[20.681953,42.67937044],[20.6761503,42.67502864],[20.6611637,42.67304124],[20.653503,42.67471194],[20.6466596,42.67786864],[20.6356707,42.69286204],[20.6361343,42.69478114],[20.6329935,42.69728534],[20.6342367,42.70537794],[20.6292034,42.70463494],[20.622793,42.70734784],[20.6194553,42.71653014]]]]},"geometry_name":"geom","properties":{"shapeName":"Municipality of Skenderaj","shapeISO":null,"shapeID":"46174442B53191794193872","shapeGroup":"XKX","shapeType":"ADM2","Rajoni":"Rajoni i Mitrovicës"}},{"type":"Feature","id":"Komunat.37","geometry":{"type":"MultiPolygon","coordinates":[[[[21.1166202,42.66062714],[21.1018669,42.66131904],[21.0903339,42.65969464],[21.0911899,42.65615394],[21.0879026,42.65578984],[21.0875216,42.65242824],[21.0845666,42.65384784],[21.0820404,42.65330324],[21.0820608,42.65476994],[21.0766429,42.65519234],[21.0774294,42.65189534],[21.0745861,42.65104194],[21.0757523,42.64842474],[21.0729697,42.64748494],[21.0712134,42.65630474],[21.0727282,42.65741374],[21.0659647,42.65820754],[21.0656487,42.65659734],[21.0575899,42.65513844],[21.0577851,42.65248334],[21.054215,42.64784654],[21.0491369,42.64693294],[21.0474961,42.64752714],[21.049367,42.64945104],[21.0461171,42.65018184],[21.0365763,42.64909594],[21.0365185,42.65139484],[21.0337894,42.64926874],[21.0289444,42.65260164],[21.0270055,42.64994564],[21.0249796,42.65175604],[21.022638,42.65111394],[21.019266,42.65617724],[21.0195561,42.66023684],[21.0112105,42.66085584],[21.0106568,42.66612244],[21.0091674,42.66675114],[21.0062816,42.66613384],[21.0048111,42.66034884],[20.9976551,42.65705554],[21.0018805,42.65173614],[20.9963725,42.65388784],[20.9934652,42.65121784],[20.9847562,42.65118284],[20.9829902,42.64972964],[20.9787669,42.64904954],[20.9762828,42.65008214],[20.9702891,42.64862554],[20.968079,42.66012454],[20.9627469,42.66947194],[20.9603071,42.68012664],[20.9621357,42.68334154],[20.9619077,42.68888574],[20.9713197,42.69382864],[20.9744608,42.68565074],[20.9785328,42.68923484],[20.9830565,42.69046374],[20.9880507,42.69002384],[20.9899137,42.68841704],[20.9951029,42.68932594],[20.9978285,42.69278834],[21.0118912,42.69901194],[21.0116565,42.70332324],[21.0176483,42.70349784],[21.0210994,42.70766484],[21.0244505,42.70769934],[21.0254597,42.70634334],[21.028812,42.70765204],[21.0272929,42.71280324],[21.0298321,42.71216294],[21.036731,42.71638134],[21.0382788,42.71514254],[21.0476393,42.71837344],[21.049238,42.71705184],[21.0507057,42.71780384],[21.0521336,42.72211434],[21.0500831,42.72758154],[21.0517035,42.72914054],[21.0674296,42.72754604],[21.0664441,42.73039034],[21.0629223,42.73077304],[21.0646213,42.73122924],[21.0643622,42.73387474],[21.0591612,42.73673984],[21.0737025,42.74609844],[21.0706268,42.75011554],[21.0783928,42.75543154],[21.0766755,42.75656084],[21.0794301,42.75963384],[21.077927,42.75894394],[21.0733385,42.76551194],[21.0726404,42.77045584],[21.0713507,42.77144984],[21.0662062,42.77011584],[21.0686212,42.78030674],[21.070786,42.78343074],[21.0807519,42.78803164],[21.0859343,42.79544454],[21.099348,42.79584614],[21.1044948,42.79870174],[21.1080882,42.80345764],[21.1143876,42.80483584],[21.1190334,42.80416844],[21.1203347,42.80569094],[21.1215923,42.80375134],[21.1190635,42.79999174],[21.1222492,42.79728584],[21.1263206,42.78660804],[21.1156407,42.77810104],[21.1116474,42.77281844],[21.109355,42.76560594],[21.1052738,42.76271034],[21.1022508,42.76346754],[21.0985532,42.76198524],[21.0979526,42.76063014],[21.1007655,42.75987094],[21.0924457,42.74928974],[21.0984672,42.73260544],[21.1017588,42.72964784],[21.1041443,42.73023684],[21.1089683,42.72748294],[21.1115785,42.72931044],[21.1087429,42.72700444],[21.1176005,42.72332324],[21.1175376,42.71902364],[21.1085469,42.70874484],[21.1124655,42.70708924],[21.1160929,42.70239124],[21.1171211,42.70654154],[21.1227177,42.70832364],[21.1269864,42.70135074],[21.1308589,42.69858294],[21.1252044,42.69757064],[21.1195592,42.70176884],[21.1155974,42.70190024],[21.1168593,42.69734604],[21.1155519,42.69647564],[21.1220012,42.68994724],[21.1316305,42.68869834],[21.1336631,42.68552764],[21.1233655,42.67117584],[21.1213442,42.67000764],[21.1179066,42.67134124],[21.1166202,42.66062714]]]]},"geometry_name":"geom","properties":{"shapeName":"Municipality of Obiliq","shapeISO":null,"shapeID":"46174442B49644513889020","shapeGroup":"XKX","shapeType":"ADM2","Rajoni":"Rajoni i Prishtinës"}},{"type":"Feature","id":"Komunat.38","geometry":{"type":"MultiPolygon","coordinates":[[[[21.1381613,42.46089424],[21.1327348,42.45745284],[21.1248023,42.45631094],[21.1201315,42.45113844],[21.1159248,42.45152674],[21.1102968,42.44928914],[21.1146326,42.44635864],[21.1163539,42.44227754],[21.1139203,42.44150484],[21.1146617,42.43736984],[21.11177,42.43669214],[21.1124317,42.43527244],[21.1069352,42.43352414],[21.1026668,42.43444884],[21.1000869,42.43084794],[21.0954958,42.43107704],[21.0900729,42.42342684],[21.0830313,42.42360134],[21.0831086,42.42258624],[21.0855773,42.42278044],[21.0859141,42.42074724],[21.0826514,42.41717074],[21.0795849,42.41765624],[21.0791428,42.41615824],[21.0790107,42.41724004],[21.0705673,42.41817144],[21.067993,42.41620844],[21.0667305,42.41260144],[21.0690264,42.40794584],[21.0672866,42.40501244],[21.076691,42.39723294],[21.0604867,42.39405374],[21.0539823,42.38995004],[21.0434726,42.38851874],[21.0420032,42.38273104],[21.03812,42.38060324],[21.0338464,42.38343874],[21.0225179,42.38231894],[21.0119883,42.38586854],[21.0061889,42.38318144],[20.9946222,42.38918234],[20.9906518,42.38583384],[20.9812495,42.38612094],[20.9760463,42.38125794],[20.9768399,42.37646374],[20.9736233,42.37434504],[20.9686199,42.37334344],[20.9601003,42.37568434],[20.9489579,42.37802394],[20.9448927,42.38047534],[20.9430948,42.37939684],[20.9385832,42.38104454],[20.9354251,42.38541264],[20.9305306,42.38778944],[20.9326192,42.39151404],[20.9352955,42.39001494],[20.9366755,42.39267514],[20.9400133,42.39084184],[20.9585444,42.38894884],[20.9609026,42.39268824],[20.965907,42.39585544],[20.9657228,42.39757874],[20.9571192,42.39639274],[20.9451194,42.40303744],[20.9423987,42.40813284],[20.9474141,42.40977064],[20.9500281,42.41323364],[20.9685041,42.42052794],[20.9734881,42.42554324],[20.9671061,42.42628094],[20.955719,42.43310014],[20.9557485,42.43495154],[20.9583411,42.43568354],[20.9615616,42.44028424],[20.9535293,42.44323364],[20.9482098,42.44927994],[20.9299776,42.45351234],[20.9260411,42.45660704],[20.9177615,42.45962844],[20.9125397,42.45897344],[20.9119742,42.46019414],[20.9010069,42.46208634],[20.9029928,42.46353904],[20.9036295,42.46818864],[20.9104274,42.47367964],[20.9223903,42.47676504],[20.9288055,42.47546054],[20.9342583,42.47723334],[20.937359,42.47922954],[20.9382097,42.48319024],[20.9404109,42.48268934],[20.9434774,42.48712004],[20.9507395,42.48857324],[20.964203,42.49623234],[20.9815981,42.47876054],[20.9828944,42.47970684],[20.9847905,42.47845104],[20.987537,42.47957704],[20.9912704,42.47896264],[20.9928471,42.48089594],[20.9942226,42.47971524],[20.9970676,42.48366104],[21.0019818,42.48600674],[21.0152605,42.47524924],[21.0198012,42.47865024],[21.0303032,42.47686744],[21.0426019,42.47760654],[21.0474387,42.47618844],[21.0520504,42.47110174],[21.0661819,42.46964834],[21.0766033,42.47117004],[21.0759373,42.47233434],[21.0687935,42.47168614],[21.0692208,42.47321724],[21.0845412,42.47640564],[21.0896046,42.48409914],[21.090947,42.48277734],[21.0891673,42.48145694],[21.092738,42.47845164],[21.0899251,42.47460684],[21.0944806,42.47812444],[21.0989155,42.47798294],[21.0956692,42.47551404],[21.0972368,42.47340114],[21.0943567,42.47433514],[21.0974332,42.47262424],[21.096417,42.47157724],[21.0984706,42.46929154],[21.0995967,42.47086004],[21.0999129,42.46961084],[21.107167,42.46796814],[21.1314186,42.47255254],[21.1332577,42.47046224],[21.1318905,42.47003264],[21.1349993,42.47008514],[21.1381613,42.46089424]]]]},"geometry_name":"geom","properties":{"shapeName":"Municipality of Shtime","shapeISO":null,"shapeID":"46174442B54761887147398","shapeGroup":"XKX","shapeType":"ADM2","Rajoni":"Rajoni i Ferizajit"}}],"totalFeatures":38,"numberMatched":38,"numberReturned":38,"timeStamp":"2026-06-11T19:07:18.240Z","crs":{"type":"name","properties":{"name":"urn:ogc:def:crs:EPSG::4326"}}}