{"type":"FeatureCollection","features":[{"type":"Feature","id":"sites_arkitekturore.1","geometry":{"type":"Point","coordinates":[20.2882372,42.54022664]},"geometry_name":"geom","properties":{"id":"ARH-001","emri":"Kulla e Brahim Hoxhës","lloji_trashegimise":"arkitekturore","kategoria":"kulla","periudha":"osman","periudha_detaj":"Osmane","komuna":"Deçan","rajon":"Kosovë","lat":42.5402266,"lon":20.2882372,"easting_kosovaref01":7441537.033,"northing_kosovaref01":4711418.815,"sistemi_projeksion":"EPSG:9141 (KOSOVAREF01 / Balkans zone 7)","koordinata_burimi":"OSM qendra e komunës: Deçan","saktesia_koordinates":"e përafërt (qendra e komunës)","gjendja":"e mirë","status_mbrojtjes":"e pa përcaktuar","pershkrim_i_shkurter":"KULLA E BRAHIM HOXHËS, ODA E JUNIKUT Në kohën e Balshajve, e posaçërisht në kohën e Dukagjinëve, në Junik filloi ndërtimi i kullave për banim. Gjer më 1462 Juniku dhe Dukagjini qeverisej nga Leka III, ku gjatë kësaj kohe...","burimi":"DTK","url_dtk":"https://dtk.rks-gov.net/Objekti?heritageId=8686","verifikuar":"po","shenime":"klasa=Monument; heritageId=8686"}},{"type":"Feature","id":"sites_arkitekturore.2","geometry":{"type":"Point","coordinates":[20.2882372,42.54022664]},"geometry_name":"geom","properties":{"id":"ARH-002","emri":"Kulla e Demë Ali Pozharit","lloji_trashegimise":"arkitekturore","kategoria":"kulla","periudha":"moderne","periudha_detaj":"Moderne","komuna":"Deçan","rajon":"Kosovë","lat":42.5402266,"lon":20.2882372,"easting_kosovaref01":7441537.033,"northing_kosovaref01":4711418.815,"sistemi_projeksion":"EPSG:9141 (KOSOVAREF01 / Balkans zone 7)","koordinata_burimi":"OSM qendra e komunës: Deçan","saktesia_koordinates":"e përafërt (qendra e komunës)","gjendja":"e mirë","status_mbrojtjes":"e pa përcaktuar","pershkrim_i_shkurter":"Kulla e Demë Ali Pozharit Kulla e Demë Ali Pozharit i cili ka hyrë në analet e historisë moderne si njëri ndër luftëtarët më të devotshëm dhe ndër organizatorët e ideologët e lëvizjes kombëtare të kohës, gjendet në fshat...","burimi":"DTK","url_dtk":"https://dtk.rks-gov.net/Objekti?heritageId=9007","verifikuar":"po","shenime":"klasa=Monument; heritageId=9007"}},{"type":"Feature","id":"sites_arkitekturore.3","geometry":{"type":"Point","coordinates":[20.2882372,42.54022664]},"geometry_name":"geom","properties":{"id":"ARH-003","emri":"Kulla e Lah Selmanit","lloji_trashegimise":"arkitekturore","kategoria":"kulla","periudha":"moderne","periudha_detaj":"Moderne","komuna":"Deçan","rajon":"Kosovë","lat":42.5402266,"lon":20.2882372,"easting_kosovaref01":7441537.033,"northing_kosovaref01":4711418.815,"sistemi_projeksion":"EPSG:9141 (KOSOVAREF01 / Balkans zone 7)","koordinata_burimi":"OSM qendra e komunës: Deçan","saktesia_koordinates":"e përafërt (qendra e komunës)","gjendja":"e mirë","status_mbrojtjes":"e pa përcaktuar","pershkrim_i_shkurter":"Familja Loshaj për të plotësuar kushtet e jetës si dhe të mbrojtjes në fund të shek. XVIII ndërtoi kullën tri katesh. E tëra është nga guri, qoshet janë të realizuara nga gurët e përpunuar. Kulla me bazament katërkëndësh...","burimi":"DTK","url_dtk":"https://dtk.rks-gov.net/Objekti?heritageId=8683","verifikuar":"po","shenime":"klasa=Monument; heritageId=8683"}},{"type":"Feature","id":"sites_arkitekturore.4","geometry":{"type":"Point","coordinates":[20.2882372,42.54022664]},"geometry_name":"geom","properties":{"id":"ARH-004","emri":"Kulla e Muhamet Dervish Qekaj","lloji_trashegimise":"arkitekturore","kategoria":"kulla","periudha":"osman","periudha_detaj":"Osmane","komuna":"Deçan","rajon":"Kosovë","lat":42.5402266,"lon":20.2882372,"easting_kosovaref01":7441537.033,"northing_kosovaref01":4711418.815,"sistemi_projeksion":"EPSG:9141 (KOSOVAREF01 / Balkans zone 7)","koordinata_burimi":"OSM qendra e komunës: Deçan","saktesia_koordinates":"e përafërt (qendra e komunës)","gjendja":"e mirë","status_mbrojtjes":"e pa përcaktuar","pershkrim_i_shkurter":"Kulla e Muhamet Dervish Çekaj- fshati Irzniq Deçan Në fshatin Irzniq të Deçanit gjendet Kulla trekatëshe e gurit (sipas njehsimit popullor) e Muhamet Dervish Çekaj e ndërtuar në fillim të shek. XIX. Kulla si ndërtim kom...","burimi":"DTK","url_dtk":"https://dtk.rks-gov.net/Objekti?heritageId=9023","verifikuar":"po","shenime":"klasa=Monument; heritageId=9023"}},{"type":"Feature","id":"sites_arkitekturore.5","geometry":{"type":"Point","coordinates":[20.331408,42.55147504]},"geometry_name":"geom","properties":{"id":"ARH-005","emri":"Kulla e Ramë Shabanit","lloji_trashegimise":"arkitekturore","kategoria":"kulla","periudha":"moderne","periudha_detaj":"Moderne","komuna":"Deçan","rajon":"Kosovë","lat":42.551475,"lon":20.331408,"easting_kosovaref01":7445092.881,"northing_kosovaref01":4712639.333,"sistemi_projeksion":"EPSG:9141 (KOSOVAREF01 / Balkans zone 7)","koordinata_burimi":"DTK; DMS?decimal","saktesia_koordinates":"e mirë","gjendja":"e mirë","status_mbrojtjes":"e pa përcaktuar","pershkrim_i_shkurter":"Kulla e Ramë Shabanit-Prapaqan Deçan Kulla si banesë e fortifikuar e familjes Shabanaj gjendet në fshatin Prapaqan të Deçanit. Ndërtimi i takon gjysmës së dytë të shek. XIX sipas variantës pa dyshekllëk. E shtrirë në tr...","burimi":"DTK","url_dtk":"https://dtk.rks-gov.net/Objekti?heritageId=8682","verifikuar":"po","shenime":"klasa=Monument; heritageId=8682"}},{"type":"Feature","id":"sites_arkitekturore.6","geometry":{"type":"Point","coordinates":[20.302317,42.56837204]},"geometry_name":"geom","properties":{"id":"ARH-006","emri":"Kulla e Shaban Gjukaj","lloji_trashegimise":"arkitekturore","kategoria":"kulla","periudha":"moderne","periudha_detaj":"Moderne","komuna":"Deçan","rajon":"Kosovë","lat":42.568372,"lon":20.302317,"easting_kosovaref01":7442719.274,"northing_kosovaref01":4714535.41,"sistemi_projeksion":"EPSG:9141 (KOSOVAREF01 / Balkans zone 7)","koordinata_burimi":"DTK; DMS?decimal","saktesia_koordinates":"e mirë","gjendja":"e mirë","status_mbrojtjes":"e pa përcaktuar","pershkrim_i_shkurter":"Kulla e Shaban Xhukaj, apo siç e quajnë populli Kulla e familjës Xhukaj, e ndërtuar në kohën e Sadri Rrustë Xhukaj në shek. XIX. Në kohën e pregaditjes së Kuvendit të Lidhjës së Pejës. Atëdhetari i dalluar Haxhi Zeka, me...","burimi":"DTK","url_dtk":"https://dtk.rks-gov.net/Objekti?heritageId=9914","verifikuar":"po","shenime":"klasa=Monument; heritageId=9914"}},{"type":"Feature","id":"sites_arkitekturore.7","geometry":{"type":"Point","coordinates":[20.2882372,42.54022664]},"geometry_name":"geom","properties":{"id":"ARH-007","emri":"Kulla e Zymer Himës","lloji_trashegimise":"arkitekturore","kategoria":"kulla","periudha":"osman","periudha_detaj":"Osmane","komuna":"Deçan","rajon":"Kosovë","lat":42.5402266,"lon":20.2882372,"easting_kosovaref01":7441537.033,"northing_kosovaref01":4711418.815,"sistemi_projeksion":"EPSG:9141 (KOSOVAREF01 / Balkans zone 7)","koordinata_burimi":"OSM qendra e komunës: Deçan","saktesia_koordinates":"e përafërt (qendra e komunës)","gjendja":"e mirë","status_mbrojtjes":"e pa përcaktuar","pershkrim_i_shkurter":"Kulla e Zymer Himës, Deçan Në pjesën e vjetër të Deçanit gjendet Kulla trekatëshe (sipas njehsimit të popullit) e njohur si Kulla e Zymer Himës, e ndërtuar në shek.XVIII. Kulla e Zymer Himës e shtrirë në tre etazhe i tak...","burimi":"DTK","url_dtk":"https://dtk.rks-gov.net/Objekti?heritageId=8684","verifikuar":"po","shenime":"klasa=Monument; heritageId=8684"}},{"type":"Feature","id":"sites_arkitekturore.8","geometry":{"type":"Point","coordinates":[20.70973059,42.11065284]},"geometry_name":"geom","properties":{"id":"ARH-008","emri":"Gërmadhat e objektit fetar Buzez (Namazxhah)","lloji_trashegimise":"arkitekturore","kategoria":"monument","periudha":"osman","periudha_detaj":"Osmane","komuna":"Dragash","rajon":"Kosovë","lat":42.1106528,"lon":20.7097306,"easting_kosovaref01":7475995.058,"northing_kosovaref01":4663501.95,"sistemi_projeksion":"EPSG:9141 (KOSOVAREF01 / Balkans zone 7)","koordinata_burimi":"DTK; DMS?decimal","saktesia_koordinates":"e mirë","gjendja":"e mirë","status_mbrojtjes":"e pa përcaktuar","pershkrim_i_shkurter":"Gërmadhat e objektit fetar namazxhahu gjenden në fshatin Buzez, rajoni i Opojës, komuna e Dragashit. Rrethohet me varrezat e fshatit. Namazxhahu i takon grupit të namazxhahëve të ndërtuar për faljen e namazit të përbashk...","burimi":"DTK","url_dtk":"https://dtk.rks-gov.net/Objekti?heritageId=8801","verifikuar":"po","shenime":"klasa=Monument; heritageId=8801"}},{"type":"Feature","id":"sites_arkitekturore.9","geometry":{"type":"Point","coordinates":[20.6847972,42.11729724]},"geometry_name":"geom","properties":{"id":"ARH-009","emri":"Valanicë - mulli","lloji_trashegimise":"arkitekturore","kategoria":"monument","periudha":"osman","periudha_detaj":"Osmane","komuna":"Dragash","rajon":"Kosovë","lat":42.1172972,"lon":20.6847972,"easting_kosovaref01":7473935.816,"northing_kosovaref01":4664247.213,"sistemi_projeksion":"EPSG:9141 (KOSOVAREF01 / Balkans zone 7)","koordinata_burimi":"DTK; DMS?decimal","saktesia_koordinates":"e mirë","gjendja":"e mirë","status_mbrojtjes":"e pa përcaktuar","pershkrim_i_shkurter":"Valanica dhe mulliri gjenden në fshatin Bellobrad, rajoni i Opojës, komuna e Dragashit. Në afërsi është lumi i cili shfrytëzohet për veprimtarinë e tyre dhe lugu i pjerrët për lëshimin e ujit nga lumi. Pranë tyre gjenden...","burimi":"DTK","url_dtk":"https://dtk.rks-gov.net/Objekti?heritageId=9265","verifikuar":"po","shenime":"klasa=Monument; heritageId=9265"}},{"type":"Feature","id":"sites_arkitekturore.10","geometry":{"type":"Point","coordinates":[20.6455472,42.02853614]},"geometry_name":"geom","properties":{"id":"ARH-010","emri":"Xhamia e fshatit Mlikë","lloji_trashegimise":"arkitekturore","kategoria":"objekt_fetar","periudha":"osman","periudha_detaj":"Osmane","komuna":"Dragash","rajon":"Kosovë","lat":42.0285361,"lon":20.6455472,"easting_kosovaref01":7470649.355,"northing_kosovaref01":4654401.787,"sistemi_projeksion":"EPSG:9141 (KOSOVAREF01 / Balkans zone 7)","koordinata_burimi":"DTK; DMS?decimal","saktesia_koordinates":"e mirë","gjendja":"e mirë","status_mbrojtjes":"e pa përcaktuar","pershkrim_i_shkurter":"Xhamia gjendet në fshatin Mlikë, rajoni i Gorës, komuna e Dragashit. Gjendet në lagjen Oxhina (Halebak), në rrugën kryesore të fshatit, me pjesën ballore të orientuar kah veriperëndimi. Në kuadër të xhamisë gjendet o...","burimi":"DTK","url_dtk":"https://dtk.rks-gov.net/Objekti?heritageId=4066","verifikuar":"po","shenime":"klasa=Monument; heritageId=4066"}},{"type":"Feature","id":"sites_arkitekturore.11","geometry":{"type":"Point","coordinates":[20.72607799,42.10838904]},"geometry_name":"geom","properties":{"id":"ARH-011","emri":"Xhamia e Kukli Beut","lloji_trashegimise":"arkitekturore","kategoria":"objekt_fetar","periudha":"osman","periudha_detaj":"Osmane","komuna":"Dragash","rajon":"Kosovë","lat":42.108389,"lon":20.726078,"easting_kosovaref01":7477346.164,"northing_kosovaref01":4663246.059,"sistemi_projeksion":"EPSG:9141 (KOSOVAREF01 / Balkans zone 7)","koordinata_burimi":"DTK; DMS?decimal","saktesia_koordinates":"e mirë","gjendja":"e mirë","status_mbrojtjes":"e pa përcaktuar","pershkrim_i_shkurter":"Në qendër të fshatit Bresanë, në një hapësirë mjaft të madhe, Kukli Mehmed Beu ndërtoi xhaminë në shek. XVI, respektivisht në vitin 1538. Xhamia është ndërtuar me material tradicional: gurë, qerpiçë, dru, dhe është mbulu...","burimi":"DTK","url_dtk":"https://dtk.rks-gov.net/Objekti?heritageId=6496","verifikuar":"po","shenime":"klasa=Monument; heritageId=6496"}},{"type":"Feature","id":"sites_arkitekturore.12","geometry":{"type":"Point","coordinates":[20.427475,42.38183064]},"geometry_name":"geom","properties":{"id":"ARH-012","emri":"Çarshia e Jupave","lloji_trashegimise":"arkitekturore","kategoria":"monument_arkitekture","periudha":"osman","periudha_detaj":"Osmane","komuna":"Gjakovë","rajon":"Kosovë","lat":42.3818306,"lon":20.427475,"easting_kosovaref01":7452855.138,"northing_kosovaref01":4693738.846,"sistemi_projeksion":"EPSG:9141 (KOSOVAREF01 / Balkans zone 7)","koordinata_burimi":"DTK; DMS?decimal","saktesia_koordinates":"e mirë","gjendja":"e mirë","status_mbrojtjes":"e pa përcaktuar","pershkrim_i_shkurter":"Kompleksi Çarshia e Jupave gjendet në \"Çarshinë e Madhe\" të qytetit të Gjakovës. Objekti fillimisht është ndërtuar nga familja Batusha në shek. XVIII. Më vonë ka kaluar në pronësi të familjes Buza. Pas Luftës së Dytë B...","burimi":"DTK","url_dtk":"https://dtk.rks-gov.net/Objekti?heritageId=2711","verifikuar":"po","shenime":"klasa=Ansambël; heritageId=2711"}},{"type":"Feature","id":"sites_arkitekturore.13","geometry":{"type":"Point","coordinates":[20.4276611,42.37587504]},"geometry_name":"geom","properties":{"id":"ARH-013","emri":"HANI I HARAQISË","lloji_trashegimise":"arkitekturore","kategoria":"monument_arkitekture","periudha":"osman","periudha_detaj":"Osmane","komuna":"Gjakovë","rajon":"Kosovë","lat":42.375875,"lon":20.4276611,"easting_kosovaref01":7452866.009,"northing_kosovaref01":4693077.254,"sistemi_projeksion":"EPSG:9141 (KOSOVAREF01 / Balkans zone 7)","koordinata_burimi":"DTK; DMS?decimal","saktesia_koordinates":"e mirë","gjendja":"e mirë","status_mbrojtjes":"e pa përcaktuar","pershkrim_i_shkurter":"Kompleksi Hani i Haraqisë gjendet në afërsi të Xhamisë së Hadumit, kjo dëshmon për vjetërsinë e këtyre objekteve. Objektet pjesën më të madhe të kohës kanë shërbyer si bujtinë (hotel), ku udhëtarët kanë ardhur në qytet p...","burimi":"DTK","url_dtk":"https://dtk.rks-gov.net/Objekti?heritageId=2864","verifikuar":"po","shenime":"klasa=Ansambël; heritageId=2864"}},{"type":"Feature","id":"sites_arkitekturore.14","geometry":{"type":"Point","coordinates":[20.4239056,42.37270834]},"geometry_name":"geom","properties":{"id":"ARH-014","emri":"KISHA KATOLIKE E SHËN ANTONIT (SHËN NDOUT)","lloji_trashegimise":"arkitekturore","kategoria":"objekt_fetar","periudha":"osman","periudha_detaj":"Osmane","komuna":"Gjakovë","rajon":"Kosovë","lat":42.3727083,"lon":20.4239056,"easting_kosovaref01":7452554.346,"northing_kosovaref01":4692727.618,"sistemi_projeksion":"EPSG:9141 (KOSOVAREF01 / Balkans zone 7)","koordinata_burimi":"DTK; DMS?decimal","saktesia_koordinates":"e mirë","gjendja":"e mirë","status_mbrojtjes":"e pa përcaktuar","pershkrim_i_shkurter":"Kisha e Shën Ndout gjendet në \"Rrugën e katolikëve, përballë Kishës së Shën Palit dhe Shën Pjetrit, në Gjakovë. Kisha e parë ishte ndërtuar më 1882 dhe quhej Kisha e Patër Milës, por ajo u shkatërrua më vonë. Më 1931, P...","burimi":"DTK","url_dtk":"https://dtk.rks-gov.net/Objekti?heritageId=2174","verifikuar":"po","shenime":"klasa=Monument; heritageId=2174"}},{"type":"Feature","id":"sites_arkitekturore.15","geometry":{"type":"Point","coordinates":[20.4316226,42.37987934]},"geometry_name":"geom","properties":{"id":"ARH-015","emri":"Kulla e Ahmet Islamit","lloji_trashegimise":"arkitekturore","kategoria":"kulla","periudha":"osman","periudha_detaj":"Osmane","komuna":"Gjakovë","rajon":"Kosovë","lat":42.3798793,"lon":20.4316226,"easting_kosovaref01":7453195.226,"northing_kosovaref01":4693519.823,"sistemi_projeksion":"EPSG:9141 (KOSOVAREF01 / Balkans zone 7)","koordinata_burimi":"OSM qendra e komunës: Gjakovë","saktesia_koordinates":"e përafërt (qendra e komunës)","gjendja":"e mirë","status_mbrojtjes":"e pa përcaktuar","pershkrim_i_shkurter":"Kulla gjendet në fshatin Dujakë të Gjakovës dhe është ndërtuar në shekullin XIX. Kulla është tipike e Rrafshit të Dukagjinit, që do të thotë se ka shërbyer për banim dhe fortifikim. Stili i ndërtimit është tradicional. K...","burimi":"DTK","url_dtk":"https://dtk.rks-gov.net/Objekti?heritageId=5452","verifikuar":"po","shenime":"klasa=Monument; heritageId=5452"}},{"type":"Feature","id":"sites_arkitekturore.16","geometry":{"type":"Point","coordinates":[20.4285556,42.37955834]},"geometry_name":"geom","properties":{"id":"ARH-016","emri":"Kulla e Astrit Tahsum Kryeziut","lloji_trashegimise":"arkitekturore","kategoria":"kulla","periudha":"osman","periudha_detaj":"Osmane","komuna":"Gjakovë","rajon":"Kosovë","lat":42.3795583,"lon":20.4285556,"easting_kosovaref01":7452942.424,"northing_kosovaref01":4693485.863,"sistemi_projeksion":"EPSG:9141 (KOSOVAREF01 / Balkans zone 7)","koordinata_burimi":"DTK; DMS?decimal","saktesia_koordinates":"e mirë","gjendja":"e mirë","status_mbrojtjes":"e pa përcaktuar","pershkrim_i_shkurter":"Kulla e Astrit Tahsum Kryeziut gjendet në kompleksin e quajtur Bregu i Sarajeve, në bërthamën e Çarshisë së Madhe, e ndërtuar rreth shek. XVIII-XIX. Gjatë themelimit të qytetit të Gjakovës, pas ndërtimit të disa obje...","burimi":"DTK","url_dtk":"https://dtk.rks-gov.net/Objekti?heritageId=2720","verifikuar":"po","shenime":"klasa=Monument; heritageId=2720"}},{"type":"Feature","id":"sites_arkitekturore.17","geometry":{"type":"Point","coordinates":[20.3945472,42.38318614]},"geometry_name":"geom","properties":{"id":"ARH-017","emri":"Kulla e Avdullah Pashë Drenit","lloji_trashegimise":"arkitekturore","kategoria":"kulla","periudha":"osman","periudha_detaj":"Osmane","komuna":"Gjakovë","rajon":"Kosovë","lat":42.3831861,"lon":20.3945472,"easting_kosovaref01":7450144.745,"northing_kosovaref01":4693908.191,"sistemi_projeksion":"EPSG:9141 (KOSOVAREF01 / Balkans zone 7)","koordinata_burimi":"DTK; DMS?decimal","saktesia_koordinates":"e mirë","gjendja":"e mirë","status_mbrojtjes":"e pa përcaktuar","pershkrim_i_shkurter":"Kulla e Avdullah Pashë Drenit gjendet në hyrje të Çarshisë së Madhe, në afërsi të cilës ndodhen edhe Lapidari i Lidhjes së Prizrenit, Teqeja e Sheh Eminit, Shtëpia e Sulejman Vokshit, Kulla e Koshit, Varri i Maxharr Pash...","burimi":"DTK","url_dtk":"https://dtk.rks-gov.net/Objekti?heritageId=2615","verifikuar":"po","shenime":"klasa=Monument; heritageId=2615"}},{"type":"Feature","id":"sites_arkitekturore.18","geometry":{"type":"Point","coordinates":[20.42708329,42.38173334]},"geometry_name":"geom","properties":{"id":"ARH-018","emri":"Kulla e Hysni Koshit","lloji_trashegimise":"arkitekturore","kategoria":"kulla","periudha":"osman","periudha_detaj":"Osmane","komuna":"Gjakovë","rajon":"Kosovë","lat":42.3817333,"lon":20.4270833,"easting_kosovaref01":7452822.81,"northing_kosovaref01":4693728.256,"sistemi_projeksion":"EPSG:9141 (KOSOVAREF01 / Balkans zone 7)","koordinata_burimi":"DTK; DMS?decimal","saktesia_koordinates":"e mirë","gjendja":"e mirë","status_mbrojtjes":"e pa përcaktuar","pershkrim_i_shkurter":"Kulla e Hysni Koshit gjendet në kompleksin e Çarshisë së Madhe, afër këtyre monumenteve: Teqeja e Sheh Ruzhdisë, Lapidari i Lidhjes së Prizrenit, Kulla e Sylejman Vokshit, Kulla e Avdullah Pashë Drenit. Objekti është ndë...","burimi":"DTK","url_dtk":"https://dtk.rks-gov.net/Objekti?heritageId=8461","verifikuar":"po","shenime":"klasa=Monument; heritageId=8461"}},{"type":"Feature","id":"sites_arkitekturore.19","geometry":{"type":"Point","coordinates":[20.4316226,42.37987934]},"geometry_name":"geom","properties":{"id":"ARH-019","emri":"Kulla e Ibish Alisë","lloji_trashegimise":"arkitekturore","kategoria":"kulla","periudha":"osman","periudha_detaj":"Osmane","komuna":"Gjakovë","rajon":"Kosovë","lat":42.3798793,"lon":20.4316226,"easting_kosovaref01":7453195.226,"northing_kosovaref01":4693519.823,"sistemi_projeksion":"EPSG:9141 (KOSOVAREF01 / Balkans zone 7)","koordinata_burimi":"OSM qendra e komunës: Gjakovë","saktesia_koordinates":"e përafërt (qendra e komunës)","gjendja":"e mirë","status_mbrojtjes":"e pa përcaktuar","pershkrim_i_shkurter":"Kulla gjendet në fshatin Brovinë dhe është një ndër kullat me dukjen më madhështore nga të gjitha objektet e këtij lloji. Kulla është ndërtuar në shek. XIX dhe i takon tipit të kullave të Rrafshit të Dukagjinit. Kulla ka...","burimi":"DTK","url_dtk":"https://dtk.rks-gov.net/Objekti?heritageId=9351","verifikuar":"po","shenime":"klasa=Monument; heritageId=9351"}},{"type":"Feature","id":"sites_arkitekturore.20","geometry":{"type":"Point","coordinates":[20.4316226,42.37987934]},"geometry_name":"geom","properties":{"id":"ARH-020","emri":"Kulla e Isuf Sadikut","lloji_trashegimise":"arkitekturore","kategoria":"kulla","periudha":"osman","periudha_detaj":"Osmane","komuna":"Gjakovë","rajon":"Kosovë","lat":42.3798793,"lon":20.4316226,"easting_kosovaref01":7453195.226,"northing_kosovaref01":4693519.823,"sistemi_projeksion":"EPSG:9141 (KOSOVAREF01 / Balkans zone 7)","koordinata_burimi":"OSM qendra e komunës: Gjakovë","saktesia_koordinates":"e përafërt (qendra e komunës)","gjendja":"e mirë","status_mbrojtjes":"e pa përcaktuar","pershkrim_i_shkurter":"Kulla gjendet në fshatin Nivokaz dhe është ndërtuar në shek. XIX. I takon tipit të kullave trekatëshe (tipike për Rrafshin e Dukagjinit), dhe ka shërbyer kryesisht për banim. Kulla është e punuar nga materiali i gurit si...","burimi":"DTK","url_dtk":"https://dtk.rks-gov.net/Objekti?heritageId=9353","verifikuar":"po","shenime":"klasa=Monument; heritageId=9353"}},{"type":"Feature","id":"sites_arkitekturore.21","geometry":{"type":"Point","coordinates":[20.4316226,42.37987934]},"geometry_name":"geom","properties":{"id":"ARH-021","emri":"Kulla e Sadik Nivokazit ( Teqja e Shejh Hazirit )","lloji_trashegimise":"arkitekturore","kategoria":"objekt_fetar","periudha":"osman","periudha_detaj":"Osmane","komuna":"Gjakovë","rajon":"Kosovë","lat":42.3798793,"lon":20.4316226,"easting_kosovaref01":7453195.226,"northing_kosovaref01":4693519.823,"sistemi_projeksion":"EPSG:9141 (KOSOVAREF01 / Balkans zone 7)","koordinata_burimi":"OSM qendra e komunës: Gjakovë","saktesia_koordinates":"e përafërt (qendra e komunës)","gjendja":"e mirë","status_mbrojtjes":"e pa përcaktuar","pershkrim_i_shkurter":"Kulla gjendet në fshatin Nivokaz, afër rrugës kryesore Gjakovë-Junik. Kulla është ndërtuar në fillimvitet e shek. XIX. Përveç rolit për banim kulla ka shërbyer edhe si teqe (i takon tarikatit Halveti). Në histori, kulla ...","burimi":"DTK","url_dtk":"https://dtk.rks-gov.net/Objekti?heritageId=5230","verifikuar":"po","shenime":"klasa=Monument; heritageId=5230"}},{"type":"Feature","id":"sites_arkitekturore.22","geometry":{"type":"Point","coordinates":[20.4316226,42.37987934]},"geometry_name":"geom","properties":{"id":"ARH-022","emri":"KULLA E SAHATIT","lloji_trashegimise":"arkitekturore","kategoria":"kulla","periudha":"osman","periudha_detaj":"Osmane","komuna":"Gjakovë","rajon":"Kosovë","lat":42.3798793,"lon":20.4316226,"easting_kosovaref01":7453195.226,"northing_kosovaref01":4693519.823,"sistemi_projeksion":"EPSG:9141 (KOSOVAREF01 / Balkans zone 7)","koordinata_burimi":"OSM qendra e komunës: Gjakovë","saktesia_koordinates":"e përafërt (qendra e komunës)","gjendja":"e mirë","status_mbrojtjes":"e pa përcaktuar","pershkrim_i_shkurter":"Objekti gjendet në bërthamën e \"Çarshisë së Madhe\", saktësisht në vendin e quajtur \"Fusha e Sahatit\" dhe është ndërtuar në fillim të shekullit XIX. Ky objekt është ndërtuar menjëherë pas ndërtimit të Xhamisë së Hadumit, ...","burimi":"DTK","url_dtk":"https://dtk.rks-gov.net/Objekti?heritageId=8467","verifikuar":"po","shenime":"klasa=Monument; heritageId=8467"}},{"type":"Feature","id":"sites_arkitekturore.23","geometry":{"type":"Point","coordinates":[20.4295194,42.38223894]},"geometry_name":"geom","properties":{"id":"ARH-023","emri":"Kulla e Sylejman Vokshit","lloji_trashegimise":"arkitekturore","kategoria":"kulla","periudha":"osman","periudha_detaj":"Osmane","komuna":"Gjakovë","rajon":"Kosovë","lat":42.3822389,"lon":20.4295194,"easting_kosovaref01":7453023.79,"northing_kosovaref01":4693783.064,"sistemi_projeksion":"EPSG:9141 (KOSOVAREF01 / Balkans zone 7)","koordinata_burimi":"DTK; DMS?decimal","saktesia_koordinates":"e mirë","gjendja":"e mirë","status_mbrojtjes":"e pa përcaktuar","pershkrim_i_shkurter":"Kulla gjendet në vendin e quajtur Mejtepi Ruzhdije në hyrjen e Çarshisë së Vjetër në Gjakovë. Objekti është ndërtuar në fillim të shek. XVIII dhe ka rëndësi të madhe historike sepse aty u lind heroi ynë kombëtar Sylejman...","burimi":"DTK","url_dtk":"https://dtk.rks-gov.net/Objekti?heritageId=2714","verifikuar":"po","shenime":"klasa=Monument; heritageId=2714"}},{"type":"Feature","id":"sites_arkitekturore.24","geometry":{"type":"Point","coordinates":[20.4316226,42.37987934]},"geometry_name":"geom","properties":{"id":"ARH-024","emri":"KULLA E YMER POGËS","lloji_trashegimise":"arkitekturore","kategoria":"kulla","periudha":"osman","periudha_detaj":"Osmane","komuna":"Gjakovë","rajon":"Kosovë","lat":42.3798793,"lon":20.4316226,"easting_kosovaref01":7453195.226,"northing_kosovaref01":4693519.823,"sistemi_projeksion":"EPSG:9141 (KOSOVAREF01 / Balkans zone 7)","koordinata_burimi":"OSM qendra e komunës: Gjakovë","saktesia_koordinates":"e përafërt (qendra e komunës)","gjendja":"e mirë","status_mbrojtjes":"e pa përcaktuar","pershkrim_i_shkurter":"Kulla gjendet në fshatin Rogovë të Hasit në anën e djathtë të Drinit të Bardhë. Kulla është ndërtuar në shekullin XVI nga Hasan Agë Qeli i Demjanit, i cili e ndërtoi edhe Xhaminë e Rogovës në vitin 1580 dhe Hamamin e Rog...","burimi":"DTK","url_dtk":"https://dtk.rks-gov.net/Objekti?heritageId=8161","verifikuar":"po","shenime":"klasa=Monument; heritageId=8161"}},{"type":"Feature","id":"sites_arkitekturore.25","geometry":{"type":"Point","coordinates":[20.46309199,42.49082504]},"geometry_name":"geom","properties":{"id":"ARH-025","emri":"Lokaliteti Arkeologjik-fortifikata Suka e Cërmjanit","lloji_trashegimise":"arkitekturore","kategoria":"monument_arkitekture","periudha":"bronz","periudha_detaj":"Epoka e Bronzit","komuna":"Gjakovë","rajon":"Kosovë","lat":42.490825,"lon":20.463092,"easting_kosovaref01":7455864.597,"northing_kosovaref01":4705825.833,"sistemi_projeksion":"EPSG:9141 (KOSOVAREF01 / Balkans zone 7)","koordinata_burimi":"DTK; DMS?decimal","saktesia_koordinates":"e mirë","gjendja":"e mirë","status_mbrojtjes":"e pa përcaktuar","pershkrim_i_shkurter":"Mbi një kodër të lartë rreth 500 metër mbi nivelin e detit, në pjesën veriore të fshatit Cërmjan, me një pozitë dominuese gjeostrategjike, pozicionohet Suka e Cërmjanit një vend gjetje arkeologjike njohur dhe si Kështjel...","burimi":"DTK","url_dtk":"https://dtk.rks-gov.net/Objekti?heritageId=6583","verifikuar":"po","shenime":"klasa=Ansambël; heritageId=6583"}},{"type":"Feature","id":"sites_arkitekturore.26","geometry":{"type":"Point","coordinates":[20.4250361,42.37933334]},"geometry_name":"geom","properties":{"id":"ARH-026","emri":"MEDRESA E MADHE","lloji_trashegimise":"arkitekturore","kategoria":"monument","periudha":"osman","periudha_detaj":"Osmane","komuna":"Gjakovë","rajon":"Kosovë","lat":42.3793333,"lon":20.4250361,"easting_kosovaref01":7452652.429,"northing_kosovaref01":4693462.827,"sistemi_projeksion":"EPSG:9141 (KOSOVAREF01 / Balkans zone 7)","koordinata_burimi":"DTK; DMS?decimal","saktesia_koordinates":"e mirë","gjendja":"e mirë","status_mbrojtjes":"e pa përcaktuar","pershkrim_i_shkurter":"Kompleksi Medreseja e Madhe shtrihet në afërsi të tërësisë urbanistike Çarshia e Madhe në Gjakovë. Medreseja e Madhe e Gjakovës me shekuj ishte gurrë diturie dhe vatër arsimore fetare si dhe konvikt i nxënësve dhe imam...","burimi":"DTK","url_dtk":"https://dtk.rks-gov.net/Objekti?heritageId=2870","verifikuar":"po","shenime":"klasa=Monument; heritageId=2870"}},{"type":"Feature","id":"sites_arkitekturore.27","geometry":{"type":"Point","coordinates":[20.4331306,42.37968064]},"geometry_name":"geom","properties":{"id":"ARH-027","emri":"MEJTEPI I HAXHI YMERIT","lloji_trashegimise":"arkitekturore","kategoria":"monument","periudha":"osman","periudha_detaj":"Osmane","komuna":"Gjakovë","rajon":"Kosovë","lat":42.3796806,"lon":20.4331306,"easting_kosovaref01":7453319.26,"northing_kosovaref01":4693496.924,"sistemi_projeksion":"EPSG:9141 (KOSOVAREF01 / Balkans zone 7)","koordinata_burimi":"DTK; DMS?decimal","saktesia_koordinates":"e mirë","gjendja":"e mirë","status_mbrojtjes":"e pa përcaktuar","pershkrim_i_shkurter":"Mejtepi i Haxhi Ymerit është objekt në kuadër të kompleksit të Xhamisë së Haxhi Ymerit dhe siç tregon emri gjendet në mëhallën e Haxhi Ymerit. Objekti është i vendosur përballë hyrjes së xhamisë. Në funksionin primar të ...","burimi":"DTK","url_dtk":"https://dtk.rks-gov.net/Objekti?heritageId=3466","verifikuar":"po","shenime":"klasa=Monument; heritageId=3466"}},{"type":"Feature","id":"sites_arkitekturore.28","geometry":{"type":"Point","coordinates":[20.4291778,42.38192224]},"geometry_name":"geom","properties":{"id":"ARH-028","emri":"Mejtepi Ruzhdije - Shkolla e parë Shqipe","lloji_trashegimise":"arkitekturore","kategoria":"monument","periudha":"osman","periudha_detaj":"Osmane","komuna":"Gjakovë","rajon":"Kosovë","lat":42.3819222,"lon":20.4291778,"easting_kosovaref01":7452995.425,"northing_kosovaref01":4693748.077,"sistemi_projeksion":"EPSG:9141 (KOSOVAREF01 / Balkans zone 7)","koordinata_burimi":"DTK; DMS?decimal","saktesia_koordinates":"e mirë","gjendja":"e mirë","status_mbrojtjes":"e pa përcaktuar","pershkrim_i_shkurter":"Mejtepi Ruzhdije gjendet në vendin e quajtur \"Mejtepi Ruzhdije\", pranë shtëpisë së Sylejman Vokshit. Objekti është ndërtuar në vitin 1810. Në fillim objekti përdorej si mejtep i ciklit të ulët në gjuhën turke. Gjatë viti...","burimi":"DTK","url_dtk":"https://dtk.rks-gov.net/Objekti?heritageId=2876","verifikuar":"po","shenime":"klasa=Monument; heritageId=2876"}},{"type":"Feature","id":"sites_arkitekturore.29","geometry":{"type":"Point","coordinates":[20.4316226,42.37987934]},"geometry_name":"geom","properties":{"id":"ARH-029","emri":"Mulliri i fshatit Mulliq","lloji_trashegimise":"arkitekturore","kategoria":"monument","periudha":"osman","periudha_detaj":"Osmane","komuna":"Gjakovë","rajon":"Kosovë","lat":42.3798793,"lon":20.4316226,"easting_kosovaref01":7453195.226,"northing_kosovaref01":4693519.823,"sistemi_projeksion":"EPSG:9141 (KOSOVAREF01 / Balkans zone 7)","koordinata_burimi":"OSM qendra e komunës: Gjakovë","saktesia_koordinates":"e përafërt (qendra e komunës)","gjendja":"e mirë","status_mbrojtjes":"e pa përcaktuar","pershkrim_i_shkurter":"Mulliri i fshatit Mulliq bën pjesë në kategorinë e objekteve mirë të ruajtura, i cili është i ndërtuar nga materiali i drurit në tërë konstruksionin e tij (bazament, dysheme, mure dhe në konstruksionin e kulmit). Sipas g...","burimi":"DTK","url_dtk":"https://dtk.rks-gov.net/Objekti?heritageId=4624","verifikuar":"po","shenime":"klasa=Monument; heritageId=4624"}},{"type":"Feature","id":"sites_arkitekturore.30","geometry":{"type":"Point","coordinates":[20.4306861,42.37950004]},"geometry_name":"geom","properties":{"id":"ARH-030","emri":"Muzeu Etnografik","lloji_trashegimise":"arkitekturore","kategoria":"monument","periudha":"osman","periudha_detaj":"Osmane","komuna":"Gjakovë","rajon":"Kosovë","lat":42.3795,"lon":20.4306861,"easting_kosovaref01":7453117.825,"northing_kosovaref01":4693478.21,"sistemi_projeksion":"EPSG:9141 (KOSOVAREF01 / Balkans zone 7)","koordinata_burimi":"DTK; DMS?decimal","saktesia_koordinates":"e mirë","gjendja":"e mirë","status_mbrojtjes":"e pa përcaktuar","pershkrim_i_shkurter":"Objekti gjendet mu në qendër të qytetit, përballë Kuvendit Komunal në Gjakovë. Është ndërtuar në vitin 1810 nga familja Sina. Shtëpia është ndërtuar në dy etazhe p+1. Etazhi i përdheses është përdorur si depo, ndërsa pje...","burimi":"DTK","url_dtk":"https://dtk.rks-gov.net/Objekti?heritageId=3207","verifikuar":"po","shenime":"klasa=Monument; heritageId=3207"}},{"type":"Feature","id":"sites_arkitekturore.31","geometry":{"type":"Point","coordinates":[20.4271806,42.37669444]},"geometry_name":"geom","properties":{"id":"ARH-031","emri":"Shtëpia e Dobrunave-Polloshkave","lloji_trashegimise":"arkitekturore","kategoria":"monument","periudha":"osman","periudha_detaj":"Osmane","komuna":"Gjakovë","rajon":"Kosovë","lat":42.3766944,"lon":20.4271806,"easting_kosovaref01":7452827.051,"northing_kosovaref01":4693168.532,"sistemi_projeksion":"EPSG:9141 (KOSOVAREF01 / Balkans zone 7)","koordinata_burimi":"DTK; DMS?decimal","saktesia_koordinates":"e mirë","gjendja":"e mirë","status_mbrojtjes":"e pa përcaktuar","pershkrim_i_shkurter":"Objekti është pjesë e tërësisë urbanistike \"Çarshia e Madhe\" dhe është ndërtuar në shek. XIX. Kjo shtëpi është tipike qytetare, e ndërtuar nga pjesa më e pasur e asaj kohe dhe ka shërbyer për banim, destinim të cilën e k...","burimi":"DTK","url_dtk":"https://dtk.rks-gov.net/Objekti?heritageId=2609","verifikuar":"po","shenime":"klasa=Monument; heritageId=2609"}},{"type":"Feature","id":"sites_arkitekturore.32","geometry":{"type":"Point","coordinates":[20.42253329,42.38325834]},"geometry_name":"geom","properties":{"id":"ARH-032","emri":"Shtëpia e Ismet Zhavelit","lloji_trashegimise":"arkitekturore","kategoria":"monument","periudha":"osman","periudha_detaj":"Osmane","komuna":"Gjakovë","rajon":"Kosovë","lat":42.3832583,"lon":20.4225333,"easting_kosovaref01":7452449.287,"northing_kosovaref01":4693900.174,"sistemi_projeksion":"EPSG:9141 (KOSOVAREF01 / Balkans zone 7)","koordinata_burimi":"DTK; DMS?decimal","saktesia_koordinates":"e mirë","gjendja":"e mirë","status_mbrojtjes":"e pa përcaktuar","pershkrim_i_shkurter":"Shtëpia e Ismet Zhavelit gjendet në Çarshinë e Madhe dhe është ndërtuar në shek. XIX. Ky objekt ka shërbyer për banim, të cilin funksion e kryen edhe sot. Hyn në rangun e shtëpive tradicionale qytetare. Është tip i sht...","burimi":"DTK","url_dtk":"https://dtk.rks-gov.net/Objekti?heritageId=9358","verifikuar":"po","shenime":"klasa=Monument; heritageId=9358"}},{"type":"Feature","id":"sites_arkitekturore.33","geometry":{"type":"Point","coordinates":[20.7446333,42.21535284]},"geometry_name":"geom","properties":{"id":"ARH-033","emri":"Shtëpia e Selim Bakijës","lloji_trashegimise":"arkitekturore","kategoria":"monument","periudha":"moderne","periudha_detaj":"Moderne","komuna":"Gjakovë","rajon":"Kosovë","lat":42.2153528,"lon":20.7446333,"easting_kosovaref01":7478916.263,"northing_kosovaref01":4675121.287,"sistemi_projeksion":"EPSG:9141 (KOSOVAREF01 / Balkans zone 7)","koordinata_burimi":"DTK; DMS?decimal","saktesia_koordinates":"e mirë","gjendja":"e mirë","status_mbrojtjes":"e pa përcaktuar","pershkrim_i_shkurter":"Shtëpia e Selim Bakijës gjendet në rrugën Skënderbeu në lagjen e quajtur Çarshia e Vogël. Objekti është ndërtuar në vitin 1910. Ky objekt ka shërbyer si shtëpi banimi. Ky objekt ka rëndësi të madhe historike sepse kë...","burimi":"DTK","url_dtk":"https://dtk.rks-gov.net/Objekti?heritageId=8581","verifikuar":"po","shenime":"klasa=Monument; heritageId=8581"}},{"type":"Feature","id":"sites_arkitekturore.34","geometry":{"type":"Point","coordinates":[20.42707779,42.38350834]},"geometry_name":"geom","properties":{"id":"ARH-034","emri":"Shtëpia tradicionale e Basri Kryeziut","lloji_trashegimise":"arkitekturore","kategoria":"monument","periudha":"osman","periudha_detaj":"Osmane","komuna":"Gjakovë","rajon":"Kosovë","lat":42.3835083,"lon":20.4270778,"easting_kosovaref01":7452823.686,"northing_kosovaref01":4693925.409,"sistemi_projeksion":"EPSG:9141 (KOSOVAREF01 / Balkans zone 7)","koordinata_burimi":"DTK; DMS?decimal","saktesia_koordinates":"e mirë","gjendja":"e mirë","status_mbrojtjes":"e pa përcaktuar","pershkrim_i_shkurter":"Shtëpia e Basri Kryeziut është shtëpi tradicionale qytetare e shekullit XIX, periudhë kur është ndërtuar ky tip i banesave qytetare, në të cilat jetonin klasa më e lartë e popullsisë. Objekti ka shërbyer për banim. Kjo s...","burimi":"DTK","url_dtk":"https://dtk.rks-gov.net/Objekti?heritageId=3307","verifikuar":"po","shenime":"klasa=Monument; heritageId=3307"}},{"type":"Feature","id":"sites_arkitekturore.35","geometry":{"type":"Point","coordinates":[20.4239278,42.38096114]},"geometry_name":"geom","properties":{"id":"ARH-035","emri":"Shtëpia tradicionale e Mazllom Zherrkës","lloji_trashegimise":"arkitekturore","kategoria":"monument","periudha":"osman","periudha_detaj":"Osmane","komuna":"Gjakovë","rajon":"Kosovë","lat":42.3809611,"lon":20.4239278,"easting_kosovaref01":7452562.387,"northing_kosovaref01":4693644.244,"sistemi_projeksion":"EPSG:9141 (KOSOVAREF01 / Balkans zone 7)","koordinata_burimi":"DTK; DMS?decimal","saktesia_koordinates":"e mirë","gjendja":"e mirë","status_mbrojtjes":"e pa përcaktuar","pershkrim_i_shkurter":"Ky objekt gjendet në vendin e quajtur Rruga e Çabratit, në afërsi të zonës historike \"Çarshia e Madhe \", në Gjakovë dhe është ndërtuar në shek. XIX. Shtëpia ka shërbyer për banim, kurse kohëve të fundit, pas restaurimi...","burimi":"DTK","url_dtk":"https://dtk.rks-gov.net/Objekti?heritageId=3210","verifikuar":"po","shenime":"klasa=Monument; heritageId=3210"}},{"type":"Feature","id":"sites_arkitekturore.36","geometry":{"type":"Point","coordinates":[20.426,42.37929444]},"geometry_name":"geom","properties":{"id":"ARH-036","emri":"Shtëpia tradicionale e Xhafer Grezdës","lloji_trashegimise":"arkitekturore","kategoria":"monument","periudha":"osman","periudha_detaj":"Osmane","komuna":"Gjakovë","rajon":"Kosovë","lat":42.3792944,"lon":20.426,"easting_kosovaref01":7452731.776,"northing_kosovaref01":4693457.969,"sistemi_projeksion":"EPSG:9141 (KOSOVAREF01 / Balkans zone 7)","koordinata_burimi":"DTK; DMS?decimal","saktesia_koordinates":"e mirë","gjendja":"e mirë","status_mbrojtjes":"e pa përcaktuar","pershkrim_i_shkurter":"Shtëpia e Xhafer Grezdës gjendet në kuadër të kompleksit Çarshia e Madhe në Gjakovë. Është shtëpi karakteristike qytetare, ku ka jetuar shtresa më e lartë dhe është e ndërtuar në shek. XIX. Kjo shtëpi gjatë tërë kohës ...","burimi":"DTK","url_dtk":"https://dtk.rks-gov.net/Objekti?heritageId=2801","verifikuar":"po","shenime":"klasa=Monument; heritageId=2801"}},{"type":"Feature","id":"sites_arkitekturore.37","geometry":{"type":"Point","coordinates":[20.4294611,42.37755834]},"geometry_name":"geom","properties":{"id":"ARH-037","emri":"Tabhanja","lloji_trashegimise":"arkitekturore","kategoria":"monument","periudha":"osman","periudha_detaj":"Osmane","komuna":"Gjakovë","rajon":"Kosovë","lat":42.3775583,"lon":20.4294611,"easting_kosovaref01":7453015.5,"northing_kosovaref01":4693263.222,"sistemi_projeksion":"EPSG:9141 (KOSOVAREF01 / Balkans zone 7)","koordinata_burimi":"DTK; DMS?decimal","saktesia_koordinates":"e mirë","gjendja":"e mirë","status_mbrojtjes":"e pa përcaktuar","pershkrim_i_shkurter":"Tabhanja gjendet në vendin e quajtur Livadhi i Tabhaneve pranë lumit Krena. Objekti i parë i Tabhanës është ndërtuar në vitin 1650 nga esnafi i tabakëve dhe ky objekt përfaqësonte zejtarët e kohës, të cilët pasi u forc...","burimi":"DTK","url_dtk":"https://dtk.rks-gov.net/Objekti?heritageId=3355","verifikuar":"po","shenime":"klasa=Monument; heritageId=3355"}},{"type":"Feature","id":"sites_arkitekturore.38","geometry":{"type":"Point","coordinates":[20.42640281,42.38961674]},"geometry_name":"geom","properties":{"id":"ARH-038","emri":"Teqeja e Sheh Danjollit","lloji_trashegimise":"arkitekturore","kategoria":"objekt_fetar","periudha":"osman","periudha_detaj":"Osmane","komuna":"Gjakovë","rajon":"Kosovë","lat":42.3896167,"lon":20.4264028,"easting_kosovaref01":7452772.684,"northing_kosovaref01":4694604.245,"sistemi_projeksion":"EPSG:9141 (KOSOVAREF01 / Balkans zone 7)","koordinata_burimi":"DTK; DMS?decimal","saktesia_koordinates":"e mirë","gjendja":"e mirë","status_mbrojtjes":"e pa përcaktuar","pershkrim_i_shkurter":"Objekti gjendet në rrugën kryesore në hyrje të qytetit nga Peja. Teqeja është ndërtuar nga Sheh Danjolli, ku edhe sot njihet me këtë emër. Objekti është ndërtuar në shek. XIX. Teqeja është ndërtesë sakrale-islamike dhe i...","burimi":"DTK","url_dtk":"https://dtk.rks-gov.net/Objekti?heritageId=2507","verifikuar":"po","shenime":"klasa=Monument; heritageId=2507"}},{"type":"Feature","id":"sites_arkitekturore.39","geometry":{"type":"Point","coordinates":[20.4236,42.38265564]},"geometry_name":"geom","properties":{"id":"ARH-039","emri":"Teqja e Babes Ali","lloji_trashegimise":"arkitekturore","kategoria":"objekt_fetar","periudha":"osman","periudha_detaj":"Osmane","komuna":"Gjakovë","rajon":"Kosovë","lat":42.3826556,"lon":20.4236,"easting_kosovaref01":7452536.67,"northing_kosovaref01":4693832.636,"sistemi_projeksion":"EPSG:9141 (KOSOVAREF01 / Balkans zone 7)","koordinata_burimi":"DTK; DMS?decimal","saktesia_koordinates":"e mirë","gjendja":"e mirë","status_mbrojtjes":"e pa përcaktuar","pershkrim_i_shkurter":"Teqeja e Babës Ali gjendet në vendin e quajtur \"Mëhalla e Hankës\" dhe është ndërtuar në fillim të shek. XIX nga Sheh Cena. Objekti në fjalë i takon tipit të objekteve religjioze të konfesionit islam dhe është qendra e ta...","burimi":"DTK","url_dtk":"https://dtk.rks-gov.net/Objekti?heritageId=2516","verifikuar":"po","shenime":"klasa=Monument; heritageId=2516"}},{"type":"Feature","id":"sites_arkitekturore.40","geometry":{"type":"Point","coordinates":[20.4274944,42.38266394]},"geometry_name":"geom","properties":{"id":"ARH-040","emri":"TEQJA E SHEH EMINIT","lloji_trashegimise":"arkitekturore","kategoria":"objekt_fetar","periudha":"osman","periudha_detaj":"Osmane","komuna":"Gjakovë","rajon":"Kosovë","lat":42.3826639,"lon":20.4274944,"easting_kosovaref01":7452857.359,"northing_kosovaref01":4693831.39,"sistemi_projeksion":"EPSG:9141 (KOSOVAREF01 / Balkans zone 7)","koordinata_burimi":"DTK; DMS?decimal","saktesia_koordinates":"e mirë","gjendja":"e mirë","status_mbrojtjes":"e pa përcaktuar","pershkrim_i_shkurter":"Gjendet në kompleksin historik të Çarshisë së Madhe dhe kompleksin e Lidhjes Shqiptare dega e Gjakovës, në pjesën e quajtur Kryepazari. Teqeja është ndërtuar në shek. XVIII. Objekti është teqe e sektit SADI, ndërsa Sheh ...","burimi":"DTK","url_dtk":"https://dtk.rks-gov.net/Objekti?heritageId=2381","verifikuar":"po","shenime":"klasa=Monument; heritageId=2381"}},{"type":"Feature","id":"sites_arkitekturore.41","geometry":{"type":"Point","coordinates":[20.42406111,42.38977784]},"geometry_name":"geom","properties":{"id":"ARH-041","emri":"Teqja e Shejh Banit","lloji_trashegimise":"arkitekturore","kategoria":"objekt_fetar","periudha":"osman","periudha_detaj":"Osmane","komuna":"Gjakovë","rajon":"Kosovë","lat":42.3897778,"lon":20.4240611,"easting_kosovaref01":7452580,"northing_kosovaref01":4694623.443,"sistemi_projeksion":"EPSG:9141 (KOSOVAREF01 / Balkans zone 7)","koordinata_burimi":"DTK; DMS?decimal","saktesia_koordinates":"e mirë","gjendja":"e mirë","status_mbrojtjes":"e pa përcaktuar","pershkrim_i_shkurter":"Teqeja e Sheh Banit gjendet në vendin e quajtur \"Mëhalla e Qylit, pranë lumit Krena. Objekti është ndërtuar në shek. XIX. Funksioni primar i teqesë ka qenë fetar, por në këtë objekt janë kryer edhe shumë veprimtari arsi...","burimi":"DTK","url_dtk":"https://dtk.rks-gov.net/Objekti?heritageId=2180","verifikuar":"po","shenime":"klasa=Monument; heritageId=2180"}},{"type":"Feature","id":"sites_arkitekturore.42","geometry":{"type":"Point","coordinates":[20.4331306,42.37968064]},"geometry_name":"geom","properties":{"id":"ARH-042","emri":"Tërësia Urbanistike Çarshia e Madhe","lloji_trashegimise":"arkitekturore","kategoria":"monument_arkitekture","periudha":"osman","periudha_detaj":"Osmane","komuna":"Gjakovë","rajon":"Kosovë","lat":42.3796806,"lon":20.4331306,"easting_kosovaref01":7453319.26,"northing_kosovaref01":4693496.924,"sistemi_projeksion":"EPSG:9141 (KOSOVAREF01 / Balkans zone 7)","koordinata_burimi":"DTK; DMS?decimal","saktesia_koordinates":"e mirë","gjendja":"e mirë","status_mbrojtjes":"e pa përcaktuar","pershkrim_i_shkurter":"Tërësia urbanistike e Çarshisë së Madhe përmban 525 objekte të rëndësishme. Njihet si çarshia më e madhe në Evropën Juglindore. Ka kryer funksionin e zejtarisë, tregtisë dhe administratës qendrore të asaj kohe. Sot është...","burimi":"DTK","url_dtk":"https://dtk.rks-gov.net/Objekti?heritageId=1259","verifikuar":"po","shenime":"klasa=Ansambël; heritageId=1259"}},{"type":"Feature","id":"sites_arkitekturore.43","geometry":{"type":"Point","coordinates":[20.4208944,42.37050284]},"geometry_name":"geom","properties":{"id":"ARH-043","emri":"Ura e Tabakëve","lloji_trashegimise":"arkitekturore","kategoria":"monument","periudha":"osman","periudha_detaj":"Osmane","komuna":"Gjakovë","rajon":"Kosovë","lat":42.3705028,"lon":20.4208944,"easting_kosovaref01":7452304.682,"northing_kosovaref01":4692484.338,"sistemi_projeksion":"EPSG:9141 (KOSOVAREF01 / Balkans zone 7)","koordinata_burimi":"DTK; DMS?decimal","saktesia_koordinates":"e mirë","gjendja":"e mirë","status_mbrojtjes":"e pa përcaktuar","pershkrim_i_shkurter":"Ura e Tabakëve gjendet mbi lumin Erenik në jug të qytetit të Gjakovës. Kjo urë lidh Gjakovën me fshatrat në jug dhe qytetet shqiptare si Bajram Curri, Shkodra dhe Kukësi. Ura është ndërtuar në shekullin XVII nga esnafët ...","burimi":"DTK","url_dtk":"https://dtk.rks-gov.net/Objekti?heritageId=2810","verifikuar":"po","shenime":"klasa=Monument; heritageId=2810"}},{"type":"Feature","id":"sites_arkitekturore.44","geometry":{"type":"Point","coordinates":[20.4283361,42.37583064]},"geometry_name":"geom","properties":{"id":"ARH-044","emri":"URA E TALIQIT","lloji_trashegimise":"arkitekturore","kategoria":"monument","periudha":"osman","periudha_detaj":"Osmane","komuna":"Gjakovë","rajon":"Kosovë","lat":42.3758306,"lon":20.4283361,"easting_kosovaref01":7452921.564,"northing_kosovaref01":4693071.949,"sistemi_projeksion":"EPSG:9141 (KOSOVAREF01 / Balkans zone 7)","koordinata_burimi":"DTK; DMS?decimal","saktesia_koordinates":"e mirë","gjendja":"e mirë","status_mbrojtjes":"e pa përcaktuar","pershkrim_i_shkurter":"Gjendet në kompleksin e Çarshisë së Madhe në pjesën jugore dhe është e ndërtuar mbi lumin Krena. Sipas mbishkrimit të gdhendur në mur ura daton nga viti 1816. Sipas burimeve të shkruara ura është ndërtuar në mëhallën e T...","burimi":"DTK","url_dtk":"https://dtk.rks-gov.net/Objekti?heritageId=2858","verifikuar":"po","shenime":"klasa=Monument; heritageId=2858"}},{"type":"Feature","id":"sites_arkitekturore.45","geometry":{"type":"Point","coordinates":[20.5094056,42.35930284]},"geometry_name":"geom","properties":{"id":"ARH-045","emri":"Ura e Terziut","lloji_trashegimise":"arkitekturore","kategoria":"monument","periudha":"osman","periudha_detaj":"Osmane","komuna":"Gjakovë","rajon":"Kosovë","lat":42.3593028,"lon":20.5094056,"easting_kosovaref01":7459587.333,"northing_kosovaref01":4691194.497,"sistemi_projeksion":"EPSG:9141 (KOSOVAREF01 / Balkans zone 7)","koordinata_burimi":"DTK; DMS?decimal","saktesia_koordinates":"e mirë","gjendja":"e mirë","status_mbrojtjes":"e pa përcaktuar","pershkrim_i_shkurter":"Ura e Terziut gjendet në kilometrin e 7-të të rrugës Gjakovë-Prizren mbi lumin Erenik. Ura është ndërtuar në shek.XVIII nga Esnafi i Terzive në Gjakovë. Objekti përmban në veti elemente të një monumenti kulture me vlera ...","burimi":"DTK","url_dtk":"https://dtk.rks-gov.net/Objekti?heritageId=2861","verifikuar":"po","shenime":"klasa=Monument; heritageId=2861"}},{"type":"Feature","id":"sites_arkitekturore.46","geometry":{"type":"Point","coordinates":[20.4316226,42.37987934]},"geometry_name":"geom","properties":{"id":"ARH-046","emri":"XHAMIA E FSHATIT SMOLICË","lloji_trashegimise":"arkitekturore","kategoria":"objekt_fetar","periudha":"osman","periudha_detaj":"Osmane","komuna":"Gjakovë","rajon":"Kosovë","lat":42.3798793,"lon":20.4316226,"easting_kosovaref01":7453195.226,"northing_kosovaref01":4693519.823,"sistemi_projeksion":"EPSG:9141 (KOSOVAREF01 / Balkans zone 7)","koordinata_burimi":"OSM qendra e komunës: Gjakovë","saktesia_koordinates":"e përafërt (qendra e komunës)","gjendja":"e mirë","status_mbrojtjes":"e pa përcaktuar","pershkrim_i_shkurter":"Xhamia gjendet në hyrje të fshatit Smolicë. Kjo ndërtesë është ndërtuar në fillim të shekullit XIX dhe është simbol i rezistencës. Xhamia është me bazë katrore, e ndërtuar kryesisht nga gurët e lumit me hatulla, ndërsa g...","burimi":"DTK","url_dtk":"https://dtk.rks-gov.net/Objekti?heritageId=7774","verifikuar":"po","shenime":"klasa=Monument; heritageId=7774"}},{"type":"Feature","id":"sites_arkitekturore.47","geometry":{"type":"Point","coordinates":[20.4242278,42.38417784]},"geometry_name":"geom","properties":{"id":"ARH-047","emri":"XHAMIA E GËRQARVE","lloji_trashegimise":"arkitekturore","kategoria":"objekt_fetar","periudha":"osman","periudha_detaj":"Osmane","komuna":"Gjakovë","rajon":"Kosovë","lat":42.3841778,"lon":20.4242278,"easting_kosovaref01":7452589.511,"northing_kosovaref01":4694001.356,"sistemi_projeksion":"EPSG:9141 (KOSOVAREF01 / Balkans zone 7)","koordinata_burimi":"DTK; DMS?decimal","saktesia_koordinates":"e mirë","gjendja":"e mirë","status_mbrojtjes":"e pa përcaktuar","pershkrim_i_shkurter":"Xhamia e Gërqarëve siç mund të konstatohet edhe nga vetë emri i takon Mëhallës së Gërqarëve, e cila është një lagje e pozicionuar rrëzë Çabratit. Sipas shënimeve që posedojmë, kjo xhami është ndërtuar në vitin 1907, ng...","burimi":"DTK","url_dtk":"https://dtk.rks-gov.net/Objekti?heritageId=2057","verifikuar":"po","shenime":"klasa=Monument; heritageId=2057"}},{"type":"Feature","id":"sites_arkitekturore.48","geometry":{"type":"Point","coordinates":[20.4273556,42.37918614]},"geometry_name":"geom","properties":{"id":"ARH-048","emri":"Xhamia e Hadumit, mejtepi, biblioteka, varrezat dhe shatërvani","lloji_trashegimise":"arkitekturore","kategoria":"objekt_fetar","periudha":"osman","periudha_detaj":"Osmane","komuna":"Gjakovë","rajon":"Kosovë","lat":42.3791861,"lon":20.4273556,"easting_kosovaref01":7452843.327,"northing_kosovaref01":4693445.188,"sistemi_projeksion":"EPSG:9141 (KOSOVAREF01 / Balkans zone 7)","koordinata_burimi":"DTK; DMS?decimal","saktesia_koordinates":"e mirë","gjendja":"e mirë","status_mbrojtjes":"e pa përcaktuar","pershkrim_i_shkurter":"Në bërthamën e Çarshisë së Madhe, në kryqëzimin e dy rrugëve kryesore, Ismail Qamajli dhe Abedin Tërbeshi, gjendet kompleksi historik i Xhamisë së Hadumit. Kompleksi është ndërtuar më 1585 (1001 sipas hixhrit), shek....","burimi":"DTK","url_dtk":"https://dtk.rks-gov.net/Objekti?heritageId=2066","verifikuar":"po","shenime":"klasa=Ansambël; heritageId=2066"}},{"type":"Feature","id":"sites_arkitekturore.49","geometry":{"type":"Point","coordinates":[20.7446333,42.21535284]},"geometry_name":"geom","properties":{"id":"ARH-049","emri":"Xhamia e Hasan Agës","lloji_trashegimise":"arkitekturore","kategoria":"objekt_fetar","periudha":"osman","periudha_detaj":"Osmane","komuna":"Gjakovë","rajon":"Kosovë","lat":42.2153528,"lon":20.7446333,"easting_kosovaref01":7478916.263,"northing_kosovaref01":4675121.287,"sistemi_projeksion":"EPSG:9141 (KOSOVAREF01 / Balkans zone 7)","koordinata_burimi":"DTK; DMS?decimal","saktesia_koordinates":"e mirë","gjendja":"e mirë","status_mbrojtjes":"e pa përcaktuar","pershkrim_i_shkurter":"Ndërtesa gjendet në hyrje të fshatit Rogovë, menjëherë pas urës ku kalon lumi Drin. Objekti supozohet të jetë ndërtuar në shek. XVI dhe nuk dallon shumë me teknikën e ndërtimit të Xhamisë së Hadumit në Gjakovë dhe të Sin...","burimi":"DTK","url_dtk":"https://dtk.rks-gov.net/Objekti?heritageId=8251","verifikuar":"po","shenime":"klasa=Monument; heritageId=8251"}},{"type":"Feature","id":"sites_arkitekturore.50","geometry":{"type":"Point","coordinates":[20.4339417,42.37458614]},"geometry_name":"geom","properties":{"id":"ARH-050","emri":"XHAMIA E KUSARIT","lloji_trashegimise":"arkitekturore","kategoria":"objekt_fetar","periudha":"osman","periudha_detaj":"Osmane","komuna":"Gjakovë","rajon":"Kosovë","lat":42.3745861,"lon":20.4339417,"easting_kosovaref01":7453382.285,"northing_kosovaref01":4692930.633,"sistemi_projeksion":"EPSG:9141 (KOSOVAREF01 / Balkans zone 7)","koordinata_burimi":"DTK; DMS?decimal","saktesia_koordinates":"e mirë","gjendja":"e mirë","status_mbrojtjes":"e pa përcaktuar","pershkrim_i_shkurter":"Xhamia e Kusarit është njëra ndër xhamitë më karakteristike të qytetit të Gjakovës dhe gjendet në vendin e quajtur Mëhalla e Kusarit nga edhe e ka marrë emrin. Në bazë të mbishkrimit që gjendet në hytbe të xhamisë shkr...","burimi":"DTK","url_dtk":"https://dtk.rks-gov.net/Objekti?heritageId=2063","verifikuar":"po","shenime":"klasa=Monument; heritageId=2063"}},{"type":"Feature","id":"sites_arkitekturore.51","geometry":{"type":"Point","coordinates":[20.4319694,42.37702784]},"geometry_name":"geom","properties":{"id":"ARH-051","emri":"XHAMIA E MAHMUT PASHËS","lloji_trashegimise":"arkitekturore","kategoria":"objekt_fetar","periudha":"osman","periudha_detaj":"Osmane","komuna":"Gjakovë","rajon":"Kosovë","lat":42.3770278,"lon":20.4319694,"easting_kosovaref01":7453221.668,"northing_kosovaref01":4693202.916,"sistemi_projeksion":"EPSG:9141 (KOSOVAREF01 / Balkans zone 7)","koordinata_burimi":"DTK; DMS?decimal","saktesia_koordinates":"e mirë","gjendja":"e mirë","status_mbrojtjes":"e pa përcaktuar","pershkrim_i_shkurter":"Xhamia e Mahmut Pashës gjendet në pjesën e quajtur \"Çarshia e Vogël\" e qytetit të Gjakovës. Objekti është ndërtuar në mes të viteve 1832-1836 nga Mahmut Pasha, i familjes gjakovare të Kurtpashëve, familje kjo me nam në t...","burimi":"DTK","url_dtk":"https://dtk.rks-gov.net/Objekti?heritageId=2075","verifikuar":"po","shenime":"klasa=Monument; heritageId=2075"}},{"type":"Feature","id":"sites_arkitekturore.52","geometry":{"type":"Point","coordinates":[21.4693599,42.46351504]},"geometry_name":"geom","properties":{"id":"ARH-052","emri":"Atik Xhamia","lloji_trashegimise":"arkitekturore","kategoria":"objekt_fetar","periudha":"osman","periudha_detaj":"Osmane","komuna":"Gjilan","rajon":"Kosovë","lat":42.463515,"lon":21.4693599,"easting_kosovaref01":7538599.521,"northing_kosovaref01":4702759.526,"sistemi_projeksion":"EPSG:9141 (KOSOVAREF01 / Balkans zone 7)","koordinata_burimi":"OSM qendra e komunës: Gjilan","saktesia_koordinates":"e përafërt (qendra e komunës)","gjendja":"e mirë","status_mbrojtjes":"e pa përcaktuar","pershkrim_i_shkurter":"Atik Xhamia, ndryshe e njohur si Xhamia e Medresesë, është ndërtuar në shekullin XVII. Është xhamia e parë e ndërtuar në qytet. Shënimet flasin për përfundimin e punimeve në vitin 1606, por hasen edhe shkrime që flasin p...","burimi":"DTK","url_dtk":"https://dtk.rks-gov.net/Objekti?heritageId=421","verifikuar":"po","shenime":"klasa=Monument; heritageId=421"}},{"type":"Feature","id":"sites_arkitekturore.53","geometry":{"type":"Point","coordinates":[21.4693599,42.46351504]},"geometry_name":"geom","properties":{"id":"ARH-053","emri":"Çezma e Sahit Agës","lloji_trashegimise":"arkitekturore","kategoria":"monument","periudha":"moderne","periudha_detaj":"Moderne","komuna":"Gjilan","rajon":"Kosovë","lat":42.463515,"lon":21.4693599,"easting_kosovaref01":7538599.521,"northing_kosovaref01":4702759.526,"sistemi_projeksion":"EPSG:9141 (KOSOVAREF01 / Balkans zone 7)","koordinata_burimi":"OSM qendra e komunës: Gjilan","saktesia_koordinates":"e përafërt (qendra e komunës)","gjendja":"e mirë","status_mbrojtjes":"e pa përcaktuar","pershkrim_i_shkurter":"Në afërsi të qyteti të Gjilanit, në dalje të qytetit kah fshati Malishevë, gjendet Çezma e Sahit Agës. Ky ndërtim u realizua, sipas të dhënave që janë marrë nga pronari i çezmës, para njëqind viteve. Pra, është ndërtuar ...","burimi":"DTK","url_dtk":"https://dtk.rks-gov.net/Objekti?heritageId=544","verifikuar":"po","shenime":"klasa=Monument; heritageId=544"}},{"type":"Feature","id":"sites_arkitekturore.54","geometry":{"type":"Point","coordinates":[21.533842,42.48574004]},"geometry_name":"geom","properties":{"id":"ARH-054","emri":"Gërmadhat e Kishës së Shën Varvarës (Shën Dhimitrit)- Kmetoc","lloji_trashegimise":"arkitekturore","kategoria":"objekt_fetar","periudha":"mesjetar","periudha_detaj":"Mesjetë e Vonë","komuna":"Gjilan","rajon":"Kosovë","lat":42.48574,"lon":21.533842,"easting_kosovaref01":7543886.922,"northing_kosovaref01":4705259.441,"sistemi_projeksion":"EPSG:9141 (KOSOVAREF01 / Balkans zone 7)","koordinata_burimi":"DTK; DMS?decimal","saktesia_koordinates":"e mirë","gjendja":"e mirë","status_mbrojtjes":"e pa përcaktuar","pershkrim_i_shkurter":"Kisha e Shën Dhimitrit, e njohur si Kisha Varvara e Kmetocit, gjendet në verilindje të fshatit Kmetoc dhe është datuar si kishë e shekullit XIV. Mbetjet dëshmojnë për ekzistencën e manastirit. Thuhet se në fillim kisha e...","burimi":"DTK","url_dtk":"https://dtk.rks-gov.net/Objekti?heritageId=403","verifikuar":"po","shenime":"klasa=Monument; heritageId=403"}},{"type":"Feature","id":"sites_arkitekturore.55","geometry":{"type":"Point","coordinates":[21.4693599,42.46351504]},"geometry_name":"geom","properties":{"id":"ARH-055","emri":"Hambari i Feriz Llashticës","lloji_trashegimise":"arkitekturore","kategoria":"monument","periudha":"i panjohur","periudha_detaj":null,"komuna":"Gjilan","rajon":"Kosovë","lat":42.463515,"lon":21.4693599,"easting_kosovaref01":7538599.521,"northing_kosovaref01":4702759.526,"sistemi_projeksion":"EPSG:9141 (KOSOVAREF01 / Balkans zone 7)","koordinata_burimi":"OSM qendra e komunës: Gjilan","saktesia_koordinates":"e përafërt (qendra e komunës)","gjendja":"e mirë","status_mbrojtjes":"e pa përcaktuar","pershkrim_i_shkurter":"Në fshatin Llashticë, komuna e Gjilanit, gjendet hambari i Feriz Llashticës. Ky ndërtim është realizuar në fund të shekullit XVIII. Hambari është karakteristik, në radhë të parë për madhësinë dhe patjetër për punën e bër...","burimi":"DTK","url_dtk":"https://dtk.rks-gov.net/Objekti?heritageId=8386","verifikuar":"po","shenime":"klasa=Monument; heritageId=8386"}},{"type":"Feature","id":"sites_arkitekturore.56","geometry":{"type":"Point","coordinates":[21.4693599,42.46351504]},"geometry_name":"geom","properties":{"id":"ARH-056","emri":"Hani i Fetah Qerimit  në fshatin Verbicë e Zhegocit","lloji_trashegimise":"arkitekturore","kategoria":"monument","periudha":"osman","periudha_detaj":"Osmane","komuna":"Gjilan","rajon":"Kosovë","lat":42.463515,"lon":21.4693599,"easting_kosovaref01":7538599.521,"northing_kosovaref01":4702759.526,"sistemi_projeksion":"EPSG:9141 (KOSOVAREF01 / Balkans zone 7)","koordinata_burimi":"OSM qendra e komunës: Gjilan","saktesia_koordinates":"e përafërt (qendra e komunës)","gjendja":"e mirë","status_mbrojtjes":"e pa përcaktuar","pershkrim_i_shkurter":"Në fshatin Verbicë e Zhegocit, 20 km në veri-perëndim të Gjilanit, gjendet Hani i Fetah Qerimit. Ky ndërtim është realizuar në shek. XX, rreth viteve 1906 - 1907. Objekti ka pasur funksion të bujtinës. Verbica e Zhegocit...","burimi":"DTK","url_dtk":"https://dtk.rks-gov.net/Objekti?heritageId=1072","verifikuar":"po","shenime":"klasa=Monument; heritageId=1072"}},{"type":"Feature","id":"sites_arkitekturore.57","geometry":{"type":"Point","coordinates":[21.4693599,42.46351504]},"geometry_name":"geom","properties":{"id":"ARH-057","emri":"Kisha e Shën Anës në Dunav","lloji_trashegimise":"arkitekturore","kategoria":"objekt_fetar","periudha":"moderne","periudha_detaj":"Moderne","komuna":"Gjilan","rajon":"Kosovë","lat":42.463515,"lon":21.4693599,"easting_kosovaref01":7538599.521,"northing_kosovaref01":4702759.526,"sistemi_projeksion":"EPSG:9141 (KOSOVAREF01 / Balkans zone 7)","koordinata_burimi":"OSM qendra e komunës: Gjilan","saktesia_koordinates":"e përafërt (qendra e komunës)","gjendja":"e mirë","status_mbrojtjes":"e pa përcaktuar","pershkrim_i_shkurter":"Në fshatin Dunav të Epërm të komunës së Gjilanit gjendet kisha e Shën Anës. Kisha e Shën Anës është ndërtuar në vitin 1938, në të njëjtin vit kur është ndërtuar edhe xhamia e fshatit. Është kjo kishë e vetme katolike në ...","burimi":"DTK","url_dtk":"https://dtk.rks-gov.net/Objekti?heritageId=772","verifikuar":"po","shenime":"klasa=Monument; heritageId=772"}},{"type":"Feature","id":"sites_arkitekturore.58","geometry":{"type":"Point","coordinates":[21.4693599,42.46351504]},"geometry_name":"geom","properties":{"id":"ARH-058","emri":"Kulla e Kadri Vebi Zeqirit në Haxhaj","lloji_trashegimise":"arkitekturore","kategoria":"kulla","periudha":"osman","periudha_detaj":"Osmane","komuna":"Gjilan","rajon":"Kosovë","lat":42.463515,"lon":21.4693599,"easting_kosovaref01":7538599.521,"northing_kosovaref01":4702759.526,"sistemi_projeksion":"EPSG:9141 (KOSOVAREF01 / Balkans zone 7)","koordinata_burimi":"OSM qendra e komunës: Gjilan","saktesia_koordinates":"e përafërt (qendra e komunës)","gjendja":"e mirë","status_mbrojtjes":"e pa përcaktuar","pershkrim_i_shkurter":"Në fshatin Haxhaj, 17 km në jug të Gjilanit, gjendet kulla dykatëshe e Kadri Vebi Zeqirit. Ky ndërtim u realizua në dekadën e tetë të shek. XIX, përkatësisht në vitin 1880. Kulla ka dy etazhe, ku çdo ambient ka pasur fun...","burimi":"DTK","url_dtk":"https://dtk.rks-gov.net/Objekti?heritageId=1295","verifikuar":"po","shenime":"klasa=Monument; heritageId=1295"}},{"type":"Feature","id":"sites_arkitekturore.59","geometry":{"type":"Point","coordinates":[21.4693599,42.46351504]},"geometry_name":"geom","properties":{"id":"ARH-059","emri":"Kulla e Xhelë Hajdinit","lloji_trashegimise":"arkitekturore","kategoria":"kulla","periudha":"moderne","periudha_detaj":"Moderne","komuna":"Gjilan","rajon":"Kosovë","lat":42.463515,"lon":21.4693599,"easting_kosovaref01":7538599.521,"northing_kosovaref01":4702759.526,"sistemi_projeksion":"EPSG:9141 (KOSOVAREF01 / Balkans zone 7)","koordinata_burimi":"OSM qendra e komunës: Gjilan","saktesia_koordinates":"e përafërt (qendra e komunës)","gjendja":"e mirë","status_mbrojtjes":"e pa përcaktuar","pershkrim_i_shkurter":"Në fshatin Terziaj komuna e Gjilanit, gjendet kulla e Xhelë Hajdinit e cila është ndërtuar në vitin 1947. Kulla ka pasur dhe ka funksion të banimit. I ka dy etazhe, përdhesën dhe katin e parë i cili është shtuar më 1950....","burimi":"DTK","url_dtk":"https://dtk.rks-gov.net/Objekti?heritageId=1271","verifikuar":"po","shenime":"klasa=Monument; heritageId=1271"}},{"type":"Feature","id":"sites_arkitekturore.60","geometry":{"type":"Point","coordinates":[21.4693599,42.46351504]},"geometry_name":"geom","properties":{"id":"ARH-060","emri":"Mulliri i Hakiut në Verbicë të Zhegocit","lloji_trashegimise":"arkitekturore","kategoria":"monument","periudha":"moderne","periudha_detaj":"Moderne","komuna":"Gjilan","rajon":"Kosovë","lat":42.463515,"lon":21.4693599,"easting_kosovaref01":7538599.521,"northing_kosovaref01":4702759.526,"sistemi_projeksion":"EPSG:9141 (KOSOVAREF01 / Balkans zone 7)","koordinata_burimi":"OSM qendra e komunës: Gjilan","saktesia_koordinates":"e përafërt (qendra e komunës)","gjendja":"e mirë","status_mbrojtjes":"e pa përcaktuar","pershkrim_i_shkurter":"Mulliri ndodhet në rrjedhën e lumit të Verbicës, i cili derdhet në lumin Sitnicë afër Lipjanit. Më saktë, ndodhet në lagjen e Bislimajve, pasi që fshati Verbicë është i ndarë në lagje të shpërndara, larg njëra-tjetrës....","burimi":"DTK","url_dtk":"https://dtk.rks-gov.net/Objekti?heritageId=9437","verifikuar":"po","shenime":"klasa=Monument; heritageId=9437"}},{"type":"Feature","id":"sites_arkitekturore.61","geometry":{"type":"Point","coordinates":[21.4693599,42.46351504]},"geometry_name":"geom","properties":{"id":"ARH-061","emri":"Objekti i ish Depos Ushtarake Turke","lloji_trashegimise":"arkitekturore","kategoria":"monument","periudha":"osman","periudha_detaj":"Osmane","komuna":"Gjilan","rajon":"Kosovë","lat":42.463515,"lon":21.4693599,"easting_kosovaref01":7538599.521,"northing_kosovaref01":4702759.526,"sistemi_projeksion":"EPSG:9141 (KOSOVAREF01 / Balkans zone 7)","koordinata_burimi":"OSM qendra e komunës: Gjilan","saktesia_koordinates":"e përafërt (qendra e komunës)","gjendja":"e mirë","status_mbrojtjes":"e pa përcaktuar","pershkrim_i_shkurter":"Në qytetin e Gjilanit, përballë stacionit të autobusëve, gjendet ish Depoja Ushtarake Turke, më vonë spital dhe për disa vite gjykatë për kundërvajtje, ndërsa tani është duke u shfrytëzuar nga partitë politike në Gjilan,...","burimi":"DTK","url_dtk":"https://dtk.rks-gov.net/Objekti?heritageId=1208","verifikuar":"po","shenime":"klasa=Monument; heritageId=1208"}},{"type":"Feature","id":"sites_arkitekturore.62","geometry":{"type":"Point","coordinates":[21.4693599,42.46351504]},"geometry_name":"geom","properties":{"id":"ARH-062","emri":"Objekti i Kajmekamllëkut (tani objekti i muzeut rajonal )","lloji_trashegimise":"arkitekturore","kategoria":"monument","periudha":"osman","periudha_detaj":"Osmane","komuna":"Gjilan","rajon":"Kosovë","lat":42.463515,"lon":21.4693599,"easting_kosovaref01":7538599.521,"northing_kosovaref01":4702759.526,"sistemi_projeksion":"EPSG:9141 (KOSOVAREF01 / Balkans zone 7)","koordinata_burimi":"OSM qendra e komunës: Gjilan","saktesia_koordinates":"e përafërt (qendra e komunës)","gjendja":"e mirë","status_mbrojtjes":"e pa përcaktuar","pershkrim_i_shkurter":"Në qendër të qytetit të Gjilanit gjendet Objekti i Kajmekamllëkut  tani selia e kryetarit të komunës së Gjilanit. Ky ndërtim u realizua në fund të shek. XVIII. Ky objekt fillimisht ka pasur funksion të banimit, ndërsa m...","burimi":"DTK","url_dtk":"https://dtk.rks-gov.net/Objekti?heritageId=1205","verifikuar":"po","shenime":"klasa=Monument; heritageId=1205"}},{"type":"Feature","id":"sites_arkitekturore.63","geometry":{"type":"Point","coordinates":[21.4693599,42.46351504]},"geometry_name":"geom","properties":{"id":"ARH-063","emri":"Objekti i shkollës së Muzikës në Gjilan (ish Saraji i Mustafë Pashës","lloji_trashegimise":"arkitekturore","kategoria":"monument","periudha":"osman","periudha_detaj":"Osmane","komuna":"Gjilan","rajon":"Kosovë","lat":42.463515,"lon":21.4693599,"easting_kosovaref01":7538599.521,"northing_kosovaref01":4702759.526,"sistemi_projeksion":"EPSG:9141 (KOSOVAREF01 / Balkans zone 7)","koordinata_burimi":"OSM qendra e komunës: Gjilan","saktesia_koordinates":"e përafërt (qendra e komunës)","gjendja":"e mirë","status_mbrojtjes":"e pa përcaktuar","pershkrim_i_shkurter":"Në qytetin e Gjilanit, përballë Atik Xhamisë, gjendet objekti i Shkollës së Muzikës, ish Saraji i Mustafë Pashës. Ky objekt është ndërtuar në vitin 1887 nga Mustafë Pasha dhe ka shërbyer për banim. Para Luftës së Dytë Bo...","burimi":"DTK","url_dtk":"https://dtk.rks-gov.net/Objekti?heritageId=733","verifikuar":"po","shenime":"klasa=Monument; heritageId=733"}},{"type":"Feature","id":"sites_arkitekturore.64","geometry":{"type":"Point","coordinates":[21.4693599,42.46351504]},"geometry_name":"geom","properties":{"id":"ARH-064","emri":"Objekti i Teknikës Popullore","lloji_trashegimise":"arkitekturore","kategoria":"monument","periudha":"moderne","periudha_detaj":"Moderne","komuna":"Gjilan","rajon":"Kosovë","lat":42.463515,"lon":21.4693599,"easting_kosovaref01":7538599.521,"northing_kosovaref01":4702759.526,"sistemi_projeksion":"EPSG:9141 (KOSOVAREF01 / Balkans zone 7)","koordinata_burimi":"OSM qendra e komunës: Gjilan","saktesia_koordinates":"e përafërt (qendra e komunës)","gjendja":"e mirë","status_mbrojtjes":"e pa përcaktuar","pershkrim_i_shkurter":"Objekti i ish -Teknikës Popullore gjendet në rrugën Adem Jashari, përballë postës së sotme, në qendër të Gjilanit. Është ndër objektet e pakta publike të vjetra të qytetit që ka shpëtuar ende pa u rrënuar. Ky objekt ës...","burimi":"DTK","url_dtk":"https://dtk.rks-gov.net/Objekti?heritageId=1211","verifikuar":"po","shenime":"klasa=Monument; heritageId=1211"}},{"type":"Feature","id":"sites_arkitekturore.65","geometry":{"type":"Point","coordinates":[21.4693599,42.46351504]},"geometry_name":"geom","properties":{"id":"ARH-065","emri":"Oda e Fevzi Hoxhës","lloji_trashegimise":"arkitekturore","kategoria":"monument","periudha":"moderne","periudha_detaj":"Moderne","komuna":"Gjilan","rajon":"Kosovë","lat":42.463515,"lon":21.4693599,"easting_kosovaref01":7538599.521,"northing_kosovaref01":4702759.526,"sistemi_projeksion":"EPSG:9141 (KOSOVAREF01 / Balkans zone 7)","koordinata_burimi":"OSM qendra e komunës: Gjilan","saktesia_koordinates":"e përafërt (qendra e komunës)","gjendja":"e mirë","status_mbrojtjes":"e pa përcaktuar","pershkrim_i_shkurter":"Në fshatin Cernicë, rreth 8 km në jug-perëndim të Gjilanit, gjendet Oda e Mulla Vehbiut, tani pronë e nipit të tij Fevzi Hoxhës (1932). Sipas Fevziut, oda është ndërtuar në vitin 1928, nga gjyshi i tij, mulla Vehbi Hoxha...","burimi":"DTK","url_dtk":"https://dtk.rks-gov.net/Objekti?heritageId=550","verifikuar":"po","shenime":"klasa=Monument; heritageId=550"}},{"type":"Feature","id":"sites_arkitekturore.66","geometry":{"type":"Point","coordinates":[21.4693599,42.46351504]},"geometry_name":"geom","properties":{"id":"ARH-066","emri":"Shtëpia e  Muhamer Shabanit në Përlepnicë","lloji_trashegimise":"arkitekturore","kategoria":"monument","periudha":"osman","periudha_detaj":"Osmane","komuna":"Gjilan","rajon":"Kosovë","lat":42.463515,"lon":21.4693599,"easting_kosovaref01":7538599.521,"northing_kosovaref01":4702759.526,"sistemi_projeksion":"EPSG:9141 (KOSOVAREF01 / Balkans zone 7)","koordinata_burimi":"OSM qendra e komunës: Gjilan","saktesia_koordinates":"e përafërt (qendra e komunës)","gjendja":"e mirë","status_mbrojtjes":"e pa përcaktuar","pershkrim_i_shkurter":"Shtëpia e Muhamer Shabanit gjendet në fshatin Përlepnicë të komunës së Gjilanit. Shtëpia është ndërtuar në dekadën e fundit të shek. XIX, pikërisht më 1880. Është e vendosur në vend të rrafshët dhe ka vlera historike, ar...","burimi":"DTK","url_dtk":"https://dtk.rks-gov.net/Objekti?heritageId=2732","verifikuar":"po","shenime":"klasa=Monument; heritageId=2732"}},{"type":"Feature","id":"sites_arkitekturore.67","geometry":{"type":"Point","coordinates":[21.4693599,42.46351504]},"geometry_name":"geom","properties":{"id":"ARH-067","emri":"Shtëpia e Ajet Kokës","lloji_trashegimise":"arkitekturore","kategoria":"monument","periudha":"moderne","periudha_detaj":"Moderne","komuna":"Gjilan","rajon":"Kosovë","lat":42.463515,"lon":21.4693599,"easting_kosovaref01":7538599.521,"northing_kosovaref01":4702759.526,"sistemi_projeksion":"EPSG:9141 (KOSOVAREF01 / Balkans zone 7)","koordinata_burimi":"OSM qendra e komunës: Gjilan","saktesia_koordinates":"e përafërt (qendra e komunës)","gjendja":"e mirë","status_mbrojtjes":"e pa përcaktuar","pershkrim_i_shkurter":"Shtëpia e Ajet Kokës gjendet në fshatin Kokaj të komunës së Gjilanit. Është ndërtuar në fillim të viteve të 60 të shekullit XX. Ajet Koka shtëpinë e kishte ndërtuar pasi ishte liruar nga burgu, në të cilin kishte qëndru...","burimi":"DTK","url_dtk":"https://dtk.rks-gov.net/Objekti?heritageId=3808","verifikuar":"po","shenime":"klasa=Monument; heritageId=3808"}},{"type":"Feature","id":"sites_arkitekturore.68","geometry":{"type":"Point","coordinates":[21.4693599,42.46351504]},"geometry_name":"geom","properties":{"id":"ARH-068","emri":"Shtëpia e Ilmi Rrustemit - Kokaj","lloji_trashegimise":"arkitekturore","kategoria":"monument","periudha":"moderne","periudha_detaj":"Moderne","komuna":"Gjilan","rajon":"Kosovë","lat":42.463515,"lon":21.4693599,"easting_kosovaref01":7538599.521,"northing_kosovaref01":4702759.526,"sistemi_projeksion":"EPSG:9141 (KOSOVAREF01 / Balkans zone 7)","koordinata_burimi":"OSM qendra e komunës: Gjilan","saktesia_koordinates":"e përafërt (qendra e komunës)","gjendja":"e mirë","status_mbrojtjes":"e pa përcaktuar","pershkrim_i_shkurter":"Shtëpia e Ilmi Rrustemit gjendet në fshatin Kokaj të komunës së Gjilanit. Sipas të dhënave të familjarëve të kësaj shtëpie, ky objekt u ndërtua rreth vitit 1947, menjëherë pas LDB-së. Shtëpia edhe pse mjaft e dëmtuar, en...","burimi":"DTK","url_dtk":"https://dtk.rks-gov.net/Objekti?heritageId=9961","verifikuar":"po","shenime":"klasa=Monument; heritageId=9961"}},{"type":"Feature","id":"sites_arkitekturore.69","geometry":{"type":"Point","coordinates":[21.4693599,42.46351504]},"geometry_name":"geom","properties":{"id":"ARH-069","emri":"Shtëpia e Isak Pozharanit","lloji_trashegimise":"arkitekturore","kategoria":"monument","periudha":"osman","periudha_detaj":"Osmane","komuna":"Gjilan","rajon":"Kosovë","lat":42.463515,"lon":21.4693599,"easting_kosovaref01":7538599.521,"northing_kosovaref01":4702759.526,"sistemi_projeksion":"EPSG:9141 (KOSOVAREF01 / Balkans zone 7)","koordinata_burimi":"OSM qendra e komunës: Gjilan","saktesia_koordinates":"e përafërt (qendra e komunës)","gjendja":"e mirë","status_mbrojtjes":"e pa përcaktuar","pershkrim_i_shkurter":"Në qytetin e Gjilanit në rrugën Abdulla Tahiri gjendet shtëpia dykatëshe e Isak Pozharanit. Kjo shtëpi ka filluar të ndërtohet në vitin 1908 nga Kurtesh Pozharani dhe ka përfunduar në vitin 1913. Vlerat që e shoqërojnë...","burimi":"DTK","url_dtk":"https://dtk.rks-gov.net/Objekti?heritageId=409","verifikuar":"po","shenime":"klasa=Monument; heritageId=409"}},{"type":"Feature","id":"sites_arkitekturore.70","geometry":{"type":"Point","coordinates":[21.4693599,42.46351504]},"geometry_name":"geom","properties":{"id":"ARH-070","emri":"Shtëpia e Zekirja Abdullahut -Gjilan","lloji_trashegimise":"arkitekturore","kategoria":"monument","periudha":"osman","periudha_detaj":"Osmane","komuna":"Gjilan","rajon":"Kosovë","lat":42.463515,"lon":21.4693599,"easting_kosovaref01":7538599.521,"northing_kosovaref01":4702759.526,"sistemi_projeksion":"EPSG:9141 (KOSOVAREF01 / Balkans zone 7)","koordinata_burimi":"OSM qendra e komunës: Gjilan","saktesia_koordinates":"e përafërt (qendra e komunës)","gjendja":"e mirë","status_mbrojtjes":"e pa përcaktuar","pershkrim_i_shkurter":"Në qytetin e Gjilanit, afër postës kryesore, gjendet Shtëpia e Zekirja Abdullahut. Shtëpia daton nga fundi i shek. XIX, ka pasur dhe ka funksionin e banimit. Shtëpia ka përdhesen dhe katin e parë, ku çdo ambient ka funks...","burimi":"DTK","url_dtk":"https://dtk.rks-gov.net/Objekti?heritageId=781","verifikuar":"po","shenime":"klasa=Monument; heritageId=781"}},{"type":"Feature","id":"sites_arkitekturore.71","geometry":{"type":"Point","coordinates":[21.4693599,42.46351504]},"geometry_name":"geom","properties":{"id":"ARH-071","emri":"Xhamia e Cërnicës (Minarja)","lloji_trashegimise":"arkitekturore","kategoria":"objekt_fetar","periudha":"osman","periudha_detaj":"Osmane","komuna":"Gjilan","rajon":"Kosovë","lat":42.463515,"lon":21.4693599,"easting_kosovaref01":7538599.521,"northing_kosovaref01":4702759.526,"sistemi_projeksion":"EPSG:9141 (KOSOVAREF01 / Balkans zone 7)","koordinata_burimi":"OSM qendra e komunës: Gjilan","saktesia_koordinates":"e përafërt (qendra e komunës)","gjendja":"e mirë","status_mbrojtjes":"e pa përcaktuar","pershkrim_i_shkurter":"Xhamia gjendet në fshatin Cernicë, 8 km në jug-perëndim të Gjilanit. Sipas të dhënave të Bashkësisë Islame të Kosovës, përkatësisht Këshillit të Bashkësisë Islame në Gjilan, xhamia e Cernicës daton nga viti 1775. Xhamia ...","burimi":"DTK","url_dtk":"https://dtk.rks-gov.net/Objekti?heritageId=514","verifikuar":"po","shenime":"klasa=Monument; heritageId=514"}},{"type":"Feature","id":"sites_arkitekturore.72","geometry":{"type":"Point","coordinates":[21.4693599,42.46351504]},"geometry_name":"geom","properties":{"id":"ARH-072","emri":"Xhamia në fshatin  Pidiç","lloji_trashegimise":"arkitekturore","kategoria":"objekt_fetar","periudha":"osman","periudha_detaj":"Osmane","komuna":"Gjilan","rajon":"Kosovë","lat":42.463515,"lon":21.4693599,"easting_kosovaref01":7538599.521,"northing_kosovaref01":4702759.526,"sistemi_projeksion":"EPSG:9141 (KOSOVAREF01 / Balkans zone 7)","koordinata_burimi":"OSM qendra e komunës: Gjilan","saktesia_koordinates":"e përafërt (qendra e komunës)","gjendja":"e mirë","status_mbrojtjes":"e pa përcaktuar","pershkrim_i_shkurter":"Në fshatin Pidiç, komuna e Gjilanit, gjendet Xhamia e Pidiçit. Xhamia e fshatit Pidiç supozohet se është ndërtuar në vitin e largët 1645. Është xhamia e tretë me radhë e ndërtuar në komunën e Gjilanit, pas asaj të Miresh...","burimi":"DTK","url_dtk":"https://dtk.rks-gov.net/Objekti?heritageId=910","verifikuar":"po","shenime":"klasa=Monument; heritageId=910"}},{"type":"Feature","id":"sites_arkitekturore.73","geometry":{"type":"Point","coordinates":[21.4693599,42.46351504]},"geometry_name":"geom","properties":{"id":"ARH-073","emri":"Xhamia në fshatin Verbicë e Zhegocit","lloji_trashegimise":"arkitekturore","kategoria":"objekt_fetar","periudha":"osman","periudha_detaj":"Osmane","komuna":"Gjilan","rajon":"Kosovë","lat":42.463515,"lon":21.4693599,"easting_kosovaref01":7538599.521,"northing_kosovaref01":4702759.526,"sistemi_projeksion":"EPSG:9141 (KOSOVAREF01 / Balkans zone 7)","koordinata_burimi":"OSM qendra e komunës: Gjilan","saktesia_koordinates":"e përafërt (qendra e komunës)","gjendja":"e mirë","status_mbrojtjes":"e pa përcaktuar","pershkrim_i_shkurter":"Fshati Verbicë e Zhegocit shtrihet rreth 22 km në veriperëndim të Gjilanit. Është vendbanim kodrinoro  malor, përbëhet prej 11 lagjesh që janë mjaftë larg njëra prej tjetrës. Në fshatin Verbicë e Zhegocit gjendet Xhamia...","burimi":"DTK","url_dtk":"https://dtk.rks-gov.net/Objekti?heritageId=892","verifikuar":"po","shenime":"klasa=Monument; heritageId=892"}},{"type":"Feature","id":"sites_arkitekturore.74","geometry":{"type":"Point","coordinates":[20.8957543,42.62525264]},"geometry_name":"geom","properties":{"id":"ARH-074","emri":"Kompleks banimi - Familja Dërvisholli","lloji_trashegimise":"arkitekturore","kategoria":"monument_arkitekture","periudha":"osman","periudha_detaj":"Osmane","komuna":"Gllogoc","rajon":"Kosovë","lat":42.6252526,"lon":20.8957543,"easting_kosovaref01":7491449.084,"northing_kosovaref01":4720622.696,"sistemi_projeksion":"EPSG:9141 (KOSOVAREF01 / Balkans zone 7)","koordinata_burimi":"DTK; korrigjuar (Gradicë, Gllogoc  OSM)","saktesia_koordinates":"e mirë","gjendja":"e mirë","status_mbrojtjes":"e pa përcaktuar","pershkrim_i_shkurter":"Kompleksi i Banimit i Familjes Dervisholli gjendet në fshatin Gradicë të komunës së Drenasit, i ndërtuar në shek. XVIII-XIX. Është një ndër shembujt e rrallë të mbetur të një kompleksi banimi. Njihet si vend ku janë tubu...","burimi":"DTK","url_dtk":"https://dtk.rks-gov.net/Objekti?heritageId=9076","verifikuar":"po","shenime":"klasa=Ansambël; heritageId=9076"}},{"type":"Feature","id":"sites_arkitekturore.75","geometry":{"type":"Point","coordinates":[20.909211,42.65515304]},"geometry_name":"geom","properties":{"id":"ARH-075","emri":"Kullë - Ibish Morina","lloji_trashegimise":"arkitekturore","kategoria":"kulla","periudha":"osman","periudha_detaj":"Osmane","komuna":"Gllogoc","rajon":"Kosovë","lat":42.655153,"lon":20.909211,"easting_kosovaref01":7492556.456,"northing_kosovaref01":4723942.6,"sistemi_projeksion":"EPSG:9141 (KOSOVAREF01 / Balkans zone 7)","koordinata_burimi":"DTK; DMS?decimal","saktesia_koordinates":"e mirë","gjendja":"e mirë","status_mbrojtjes":"e pa përcaktuar","pershkrim_i_shkurter":"Kjo ndërtesë banimi e tipit kullë, ndërtesë banimi dhe fortifikimi, pronë e z. Ibish Morinës, gjendet në fshatin Qikatovë në komunën e Drenasit dhe është ndërtuar nga fundi i shek. XIX. Kulla i përket tipit rural dhe shp...","burimi":"DTK","url_dtk":"https://dtk.rks-gov.net/Objekti?heritageId=9074","verifikuar":"po","shenime":"klasa=Monument; heritageId=9074"}},{"type":"Feature","id":"sites_arkitekturore.76","geometry":{"type":"Point","coordinates":[20.8957543,42.62525264]},"geometry_name":"geom","properties":{"id":"ARH-076","emri":"Shtëpi banimi  -  Smail Haxhiu","lloji_trashegimise":"arkitekturore","kategoria":"monument","periudha":"i panjohur","periudha_detaj":null,"komuna":"Gllogoc","rajon":"Kosovë","lat":42.6252526,"lon":20.8957543,"easting_kosovaref01":7491449.084,"northing_kosovaref01":4720622.696,"sistemi_projeksion":"EPSG:9141 (KOSOVAREF01 / Balkans zone 7)","koordinata_burimi":"OSM qendra e komunës: Gllogoc","saktesia_koordinates":"e përafërt (qendra e komunës)","gjendja":"e mirë","status_mbrojtjes":"e pa përcaktuar","pershkrim_i_shkurter":"Shtëpia e banimit P+1 është ndërtuar në fillim në shek. XIX. Përdhesja na paraqitet si një hapësirë e vetme pa mobilim arkitekturor, përveç kamareve të hapura, një oxhaku në anën verilindore. Në mes të katit përdhese gje...","burimi":"DTK","url_dtk":"https://dtk.rks-gov.net/Objekti?heritageId=9205","verifikuar":"po","shenime":"klasa=Monument; heritageId=9205"}},{"type":"Feature","id":"sites_arkitekturore.77","geometry":{"type":"Point","coordinates":[21.2978185,42.15133854]},"geometry_name":"geom","properties":{"id":"ARH-077","emri":"Lagja e Bravëve -lagje arkitektonike dhe historike në Puset e Nikës","lloji_trashegimise":"arkitekturore","kategoria":"monument","periudha":"osman","periudha_detaj":"Osmane","komuna":"Hani I Elezit","rajon":"Kosovë","lat":42.1513385,"lon":21.2978185,"easting_kosovaref01":7524613.487,"northing_kosovaref01":4668022.851,"sistemi_projeksion":"EPSG:9141 (KOSOVAREF01 / Balkans zone 7)","koordinata_burimi":"OSM qendra e komunës: Hani I Elezit","saktesia_koordinates":"e përafërt (qendra e komunës)","gjendja":"e mirë","status_mbrojtjes":"e pa përcaktuar","pershkrim_i_shkurter":"Shtëpitë e kësaj lagje janë të ndërtuara aty rreth viteve të tetëdhjeta të shek. e XIX, gjegjësisht në kohën e Lidhjes së Prizrenit. Kanë funksion të banimit. Janë shtëpi përdhese dhe njëkatëshe, të cilat përveç odës së ...","burimi":"DTK","url_dtk":"https://dtk.rks-gov.net/Objekti?heritageId=3817","verifikuar":"po","shenime":"klasa=Monument; heritageId=3817"}},{"type":"Feature","id":"sites_arkitekturore.78","geometry":{"type":"Point","coordinates":[21.2978185,42.15133854]},"geometry_name":"geom","properties":{"id":"ARH-078","emri":"Shtëpia -kullë e Nuhi Bravës-Puset e Nikës","lloji_trashegimise":"arkitekturore","kategoria":"kulla","periudha":"osman","periudha_detaj":"Osmane","komuna":"Hani I Elezit","rajon":"Kosovë","lat":42.1513385,"lon":21.2978185,"easting_kosovaref01":7524613.487,"northing_kosovaref01":4668022.851,"sistemi_projeksion":"EPSG:9141 (KOSOVAREF01 / Balkans zone 7)","koordinata_burimi":"OSM qendra e komunës: Hani I Elezit","saktesia_koordinates":"e përafërt (qendra e komunës)","gjendja":"e mirë","status_mbrojtjes":"e pa përcaktuar","pershkrim_i_shkurter":"Është njëra prej shtëpive të familjes Brava që në Listë ndodhet si e veçantë për faktin se përmbush disa kritere për tu marrë në mbrojtje, si kriterin e vjetërsisë, (rreth 100 vjet) atë arkitektonik e historik. Shtëpia ...","burimi":"DTK","url_dtk":"https://dtk.rks-gov.net/Objekti?heritageId=3823","verifikuar":"po","shenime":"klasa=Monument; heritageId=3823"}},{"type":"Feature","id":"sites_arkitekturore.79","geometry":{"type":"Point","coordinates":[21.2978185,42.15133854]},"geometry_name":"geom","properties":{"id":"ARH-079","emri":"Shtëpia e Islam, Nazmi e Rufat Bravës","lloji_trashegimise":"arkitekturore","kategoria":"monument","periudha":"osman","periudha_detaj":"Osmane","komuna":"Hani I Elezit","rajon":"Kosovë","lat":42.1513385,"lon":21.2978185,"easting_kosovaref01":7524613.487,"northing_kosovaref01":4668022.851,"sistemi_projeksion":"EPSG:9141 (KOSOVAREF01 / Balkans zone 7)","koordinata_burimi":"OSM qendra e komunës: Hani I Elezit","saktesia_koordinates":"e përafërt (qendra e komunës)","gjendja":"e mirë","status_mbrojtjes":"e pa përcaktuar","pershkrim_i_shkurter":"Në fshatin Puset e Nikës, komuna e Hanit të Elezit, gjendet shtëpia e Islam, Nazmi e Rifat Bravës. Ky ndërtim është realizuar në shek. XIX. Shtëpia ka shërbyer për banim. Është ndërtesë me karakteristika tipike të shtëpi...","burimi":"DTK","url_dtk":"https://dtk.rks-gov.net/Objekti?heritageId=3826","verifikuar":"po","shenime":"klasa=Monument; heritageId=3826"}},{"type":"Feature","id":"sites_arkitekturore.80","geometry":{"type":"Point","coordinates":[20.625942,42.81904404]},"geometry_name":"geom","properties":{"id":"ARH-080","emri":"Kisha e Shën Gjonit","lloji_trashegimise":"arkitekturore","kategoria":"objekt_fetar","periudha":"mesjetar","periudha_detaj":"Mesjetë e Hershme","komuna":"Istog","rajon":"Kosovë","lat":42.819044,"lon":20.625942,"easting_kosovaref01":7469412.637,"northing_kosovaref01":4742210.908,"sistemi_projeksion":"EPSG:9141 (KOSOVAREF01 / Balkans zone 7)","koordinata_burimi":"DTK; DMS?decimal","saktesia_koordinates":"e mirë","gjendja":"e mirë","status_mbrojtjes":"e pa përcaktuar","pershkrim_i_shkurter":"Kisha e Shën Gjonit në fshatin Cerkolez gjendet në varrezat e vjetra të fshatit Cerkolez. Fshati gjendet në largësi 10 km nga qendra e Istogut. Sipas burimeve serbe kisha është ndërtuar në shek. XIV (1355), por sipas bur...","burimi":"DTK","url_dtk":"https://dtk.rks-gov.net/Objekti?heritageId=8676","verifikuar":"po","shenime":"klasa=Monument; heritageId=8676"}},{"type":"Feature","id":"sites_arkitekturore.81","geometry":{"type":"Point","coordinates":[20.397272,42.73636404]},"geometry_name":"geom","properties":{"id":"ARH-081","emri":"Kulla e Avdurrahman Kajtazit","lloji_trashegimise":"arkitekturore","kategoria":"kulla","periudha":"moderne","periudha_detaj":"Moderne","komuna":"Istog","rajon":"Kosovë","lat":42.736364,"lon":20.397272,"easting_kosovaref01":7450648.239,"northing_kosovaref01":4733135.334,"sistemi_projeksion":"EPSG:9141 (KOSOVAREF01 / Balkans zone 7)","koordinata_burimi":"DTK; DMS?decimal","saktesia_koordinates":"e mirë","gjendja":"e mirë","status_mbrojtjes":"e pa përcaktuar","pershkrim_i_shkurter":"Kulla e Avdurrahman Ramë Kajtazit  Lubovë, Istog Në fshatin Lubovë të Istogut, përkatësisht në Lagjen e Kajtazëve në kuadër të kullave gjendet kulla e Avdurrahman Ramë Kajtazit, që si ndërtim u realizua nga mjeshtrit sh...","burimi":"DTK","url_dtk":"https://dtk.rks-gov.net/Objekti?heritageId=8125","verifikuar":"po","shenime":"klasa=Monument; heritageId=8125"}},{"type":"Feature","id":"sites_arkitekturore.82","geometry":{"type":"Point","coordinates":[20.4882544,42.78167774]},"geometry_name":"geom","properties":{"id":"ARH-082","emri":"Kulla e Hasan Rexhë Salihaj","lloji_trashegimise":"arkitekturore","kategoria":"kulla","periudha":"moderne","periudha_detaj":"Moderne","komuna":"Istog","rajon":"Kosovë","lat":42.7816777,"lon":20.4882544,"easting_kosovaref01":7458128.477,"northing_kosovaref01":4738119.487,"sistemi_projeksion":"EPSG:9141 (KOSOVAREF01 / Balkans zone 7)","koordinata_burimi":"OSM qendra e komunës: Istog","saktesia_koordinates":"e përafërt (qendra e komunës)","gjendja":"e mirë","status_mbrojtjes":"e pa përcaktuar","pershkrim_i_shkurter":"Kulla e Hasan Rexhë Salihajt, Shushicë- Istog Kulla e Hasan Rexhës gjendet në fshatin Shushicë të Komunës së Istogut. Është ndërtuar përgjatë periudhës kohore 1898-1900. Objekti është karakteristik dhe bën pjesë në mesin...","burimi":"DTK","url_dtk":"https://dtk.rks-gov.net/Objekti?heritageId=9066","verifikuar":"po","shenime":"klasa=Monument; heritageId=9066"}},{"type":"Feature","id":"sites_arkitekturore.83","geometry":{"type":"Point","coordinates":[20.403406,42.76923604]},"geometry_name":"geom","properties":{"id":"ARH-083","emri":"Kulla e Haxhi Kamer Bicaj","lloji_trashegimise":"arkitekturore","kategoria":"kulla","periudha":"osman","periudha_detaj":"Osmane","komuna":"Istog","rajon":"Kosovë","lat":42.769236,"lon":20.403406,"easting_kosovaref01":7451176.307,"northing_kosovaref01":4736783.1,"sistemi_projeksion":"EPSG:9141 (KOSOVAREF01 / Balkans zone 7)","koordinata_burimi":"DTK; DMS?decimal","saktesia_koordinates":"e mirë","gjendja":"e mirë","status_mbrojtjes":"e pa përcaktuar","pershkrim_i_shkurter":"Kulla e Sali Osmon Bicaj, Vrellë, Istog Në kuadrin e kompleksit të kullave në Vrellë të Istogut , në Lagjen e Bicajve, afër Xhamisë së Tedelit, gjendet kulla si banesë fshatare, e njohur me emrin kulla e Sali Bicaj. Ky n...","burimi":"DTK","url_dtk":"https://dtk.rks-gov.net/Objekti?heritageId=7585","verifikuar":"po","shenime":"klasa=Monument; heritageId=7585"}},{"type":"Feature","id":"sites_arkitekturore.84","geometry":{"type":"Point","coordinates":[20.352903,42.75701904]},"geometry_name":"geom","properties":{"id":"ARH-084","emri":"Kulla e Lash Ukaj","lloji_trashegimise":"arkitekturore","kategoria":"kulla","periudha":"moderne","periudha_detaj":"Moderne","komuna":"Istog","rajon":"Kosovë","lat":42.757019,"lon":20.352903,"easting_kosovaref01":7447032.853,"northing_kosovaref01":4735456.526,"sistemi_projeksion":"EPSG:9141 (KOSOVAREF01 / Balkans zone 7)","koordinata_burimi":"DTK; DMS?decimal","saktesia_koordinates":"e mirë","gjendja":"e mirë","status_mbrojtjes":"e pa përcaktuar","pershkrim_i_shkurter":"Kulla e Lash Ukaj- Kaliçan, Istog Në fshatin Kaliqan të Istogut, në Lagjen e Ukajve gjendet kulla e banimit e njohur si kulla e Lash Ukaj. Ky ndërtim u realizua në fillim të shekullit XIX nga guri i papërpunuar, guri i l...","burimi":"DTK","url_dtk":"https://dtk.rks-gov.net/Objekti?heritageId=8080","verifikuar":"po","shenime":"klasa=Monument; heritageId=8080"}},{"type":"Feature","id":"sites_arkitekturore.85","geometry":{"type":"Point","coordinates":[20.4882544,42.78167774]},"geometry_name":"geom","properties":{"id":"ARH-085","emri":"Kulla e Sali Dreshajt","lloji_trashegimise":"arkitekturore","kategoria":"kulla","periudha":"moderne","periudha_detaj":"Moderne","komuna":"Istog","rajon":"Kosovë","lat":42.7816777,"lon":20.4882544,"easting_kosovaref01":7458128.477,"northing_kosovaref01":4738119.487,"sistemi_projeksion":"EPSG:9141 (KOSOVAREF01 / Balkans zone 7)","koordinata_burimi":"OSM qendra e komunës: Istog","saktesia_koordinates":"e përafërt (qendra e komunës)","gjendja":"e mirë","status_mbrojtjes":"e pa përcaktuar","pershkrim_i_shkurter":"Kulla e Sali Bajram Dreshaj, Vrellë-Istog Në kuadrin e kompleksit të kullave në Vrellë të Istogut, në afërsi të Xhamisë së Tedelit, në Lagjen e Dreshajve ekziston Kulla e Sali Bajram Dreshaj. Ky ndërtim u realizua nga mj...","burimi":"DTK","url_dtk":"https://dtk.rks-gov.net/Objekti?heritageId=7630","verifikuar":"po","shenime":"klasa=Monument; heritageId=7630"}},{"type":"Feature","id":"sites_arkitekturore.86","geometry":{"type":"Point","coordinates":[20.506028,42.77288904]},"geometry_name":"geom","properties":{"id":"ARH-086","emri":"Kulla e Xhafer Sylës","lloji_trashegimise":"arkitekturore","kategoria":"kulla","periudha":"moderne","periudha_detaj":"Moderne","komuna":"Istog","rajon":"Kosovë","lat":42.772889,"lon":20.506028,"easting_kosovaref01":7459577.017,"northing_kosovaref01":4737134.59,"sistemi_projeksion":"EPSG:9141 (KOSOVAREF01 / Balkans zone 7)","koordinata_burimi":"DTK; DMS?decimal","saktesia_koordinates":"e mirë","gjendja":"e mirë","status_mbrojtjes":"e pa përcaktuar","pershkrim_i_shkurter":"Kulla e Ukë Januz Syles, Istog i ulët. Istog Në mesin e pesë kullave që dikur ekzistonin në fshatin Istog i ulët, dhe që i ka mbijetuar kohës gjer në ditët e sotme, është Kulla e Ukë Januz Sylaj. Në kohën e ndërtimit në ...","burimi":"DTK","url_dtk":"https://dtk.rks-gov.net/Objekti?heritageId=9114","verifikuar":"po","shenime":"klasa=Monument; heritageId=9114"}},{"type":"Feature","id":"sites_arkitekturore.87","geometry":{"type":"Point","coordinates":[20.333744,42.77306904]},"geometry_name":"geom","properties":{"id":"ARH-087","emri":"Mulliri me Kulle i Ali Bel Bicaj","lloji_trashegimise":"arkitekturore","kategoria":"kulla","periudha":"moderne","periudha_detaj":"Moderne","komuna":"Istog","rajon":"Kosovë","lat":42.773069,"lon":20.333744,"easting_kosovaref01":7445478.693,"northing_kosovaref01":4737251.525,"sistemi_projeksion":"EPSG:9141 (KOSOVAREF01 / Balkans zone 7)","koordinata_burimi":"DTK; DMS?decimal","saktesia_koordinates":"e mirë","gjendja":"e mirë","status_mbrojtjes":"e pa përcaktuar","pershkrim_i_shkurter":"Mulliri me Kulle i Ali Bel Bicaj, Vrellë, Istog Kulla Mulli e Ali Bel Bicaj, gjendet në fshatin Vrellë të Istogut, përkatësisht në lagjen e Bicajve. Monumenti është ndërtuar në shek. XIX nga mjeshtër shqiptar të shquar p...","burimi":"DTK","url_dtk":"https://dtk.rks-gov.net/Objekti?heritageId=8008","verifikuar":"po","shenime":"klasa=Monument; heritageId=8008"}},{"type":"Feature","id":"sites_arkitekturore.88","geometry":{"type":"Point","coordinates":[20.4128,42.71388604]},"geometry_name":"geom","properties":{"id":"ARH-088","emri":"Shkolla fillore me park","lloji_trashegimise":"arkitekturore","kategoria":"monument","periudha":"moderne","periudha_detaj":"Moderne","komuna":"Istog","rajon":"Kosovë","lat":42.713886,"lon":20.4128,"easting_kosovaref01":7451902.324,"northing_kosovaref01":4730629.591,"sistemi_projeksion":"EPSG:9141 (KOSOVAREF01 / Balkans zone 7)","koordinata_burimi":"DTK; DMS?decimal","saktesia_koordinates":"e mirë","gjendja":"e mirë","status_mbrojtjes":"e pa përcaktuar","pershkrim_i_shkurter":"Shkolla Fillore me Park të Pishave-Dobrushë, Istog Në fshatin Dobrushë të Komunës së Istogut, gjendet godina shkollore, e njohur si Shkolla Fillore me Park të Pishave. Ndërtesa e shkollës si kompozicion arkitekturor i ta...","burimi":"DTK","url_dtk":"https://dtk.rks-gov.net/Objekti?heritageId=8680","verifikuar":"po","shenime":"klasa=Monument; heritageId=8680"}},{"type":"Feature","id":"sites_arkitekturore.89","geometry":{"type":"Point","coordinates":[20.355431,42.75721704]},"geometry_name":"geom","properties":{"id":"ARH-089","emri":"Xhamia e Kaliqanit","lloji_trashegimise":"arkitekturore","kategoria":"objekt_fetar","periudha":"osman","periudha_detaj":"Osmane","komuna":"Istog","rajon":"Kosovë","lat":42.757217,"lon":20.355431,"easting_kosovaref01":7447239.947,"northing_kosovaref01":4735476.936,"sistemi_projeksion":"EPSG:9141 (KOSOVAREF01 / Balkans zone 7)","koordinata_burimi":"DTK; DMS?decimal","saktesia_koordinates":"e mirë","gjendja":"e mirë","status_mbrojtjes":"e pa përcaktuar","pershkrim_i_shkurter":"Xhamia në fshatin Kaliqa- Kaliqan, Istog Në fshatin Kaliqan të Istogut, në një vend bregor, gjendet xhamia e fshatit e ndërtuar në vitin 1871. E ndërtuar nga materiale të kombinuara është e tëra në gurë, dru dhe tullë zj...","burimi":"DTK","url_dtk":"https://dtk.rks-gov.net/Objekti?heritageId=8071","verifikuar":"po","shenime":"klasa=Monument; heritageId=8071"}},{"type":"Feature","id":"sites_arkitekturore.90","geometry":{"type":"Point","coordinates":[20.276614,42.47621704]},"geometry_name":"geom","properties":{"id":"ARH-090","emri":"Kulla e Jah Imerit","lloji_trashegimise":"arkitekturore","kategoria":"kulla","periudha":"moderne","periudha_detaj":"Moderne","komuna":"Junik","rajon":"Kosovë","lat":42.476217,"lon":20.276614,"easting_kosovaref01":7440521.663,"northing_kosovaref01":4704317.172,"sistemi_projeksion":"EPSG:9141 (KOSOVAREF01 / Balkans zone 7)","koordinata_burimi":"DTK; DMS?decimal","saktesia_koordinates":"e mirë","gjendja":"e mirë","status_mbrojtjes":"e pa përcaktuar","pershkrim_i_shkurter":"Kulla e Jahë Imerit  Junik Në qendër të Junikut, në afërsi të xhamisë, në lagjen Hoxhaj, ekziston kulla e gurit, e njohur si Kulla e Jahë Imerit. E ndërtuar në fillim të shek. XIX kjo banesë fshatare me vlera të shumëfi...","burimi":"DTK","url_dtk":"https://dtk.rks-gov.net/Objekti?heritageId=8687","verifikuar":"po","shenime":"klasa=Monument; heritageId=8687"}},{"type":"Feature","id":"sites_arkitekturore.91","geometry":{"type":"Point","coordinates":[21.2579777,42.22806024]},"geometry_name":"geom","properties":{"id":"ARH-091","emri":"Shtëpia - kullë e Rufki Brahës në Stagovë","lloji_trashegimise":"arkitekturore","kategoria":"kulla","periudha":"moderne","periudha_detaj":"Moderne","komuna":"Kaçanik","rajon":"Kosovë","lat":42.2280602,"lon":21.2579777,"easting_kosovaref01":7521295.038,"northing_kosovaref01":4676533.304,"sistemi_projeksion":"EPSG:9141 (KOSOVAREF01 / Balkans zone 7)","koordinata_burimi":"OSM qendra e komunës: Kaçanik","saktesia_koordinates":"e përafërt (qendra e komunës)","gjendja":"e mirë","status_mbrojtjes":"e pa përcaktuar","pershkrim_i_shkurter":"Në fshatin Stagovë, komuna e Kaçanikut, gjendet shtëpia  kullë e Rufki Brahës. Shtëpia e Rufki Brahës është ndërtuar më 1952 në teknikë tradicionale vernakulare me gurë, llaç balte dhe hatulla. Meqë është shtëpi e madhe...","burimi":"DTK","url_dtk":"https://dtk.rks-gov.net/Objekti?heritageId=3505","verifikuar":"po","shenime":"klasa=Monument; heritageId=3505"}},{"type":"Feature","id":"sites_arkitekturore.92","geometry":{"type":"Point","coordinates":[21.50054199,42.66717204]},"geometry_name":"geom","properties":{"id":"ARH-092","emri":"Kisha e Dëftimit të Shënë Mërisë","lloji_trashegimise":"arkitekturore","kategoria":"objekt_fetar","periudha":"mesjetar","periudha_detaj":"Mesjetë e Vonë","komuna":"Kamenicë","rajon":"Kosovë","lat":42.667172,"lon":21.500542,"easting_kosovaref01":7541030.221,"northing_kosovaref01":4725395.082,"sistemi_projeksion":"EPSG:9141 (KOSOVAREF01 / Balkans zone 7)","koordinata_burimi":"DTK; DMS?decimal","saktesia_koordinates":"e mirë","gjendja":"e mirë","status_mbrojtjes":"e pa përcaktuar","pershkrim_i_shkurter":"Kisha e Dëftimit të Shën Mërisë gjendet në fshatin Vaganesh dhe i takon periudhës së shek. XIII-XIV. Vaganeshi është një vendbanim me lartësi mbidetare mbi 750 m dhe gjendet rreth 20 km në veri-perëndim të Kamenicës. Për...","burimi":"DTK","url_dtk":"https://dtk.rks-gov.net/Objekti?heritageId=2834","verifikuar":"po","shenime":"klasa=Monument; heritageId=2834"}},{"type":"Feature","id":"sites_arkitekturore.93","geometry":{"type":"Point","coordinates":[21.5796877,42.57838184]},"geometry_name":"geom","properties":{"id":"ARH-093","emri":"Manastiri burg në Hajnoc","lloji_trashegimise":"arkitekturore","kategoria":"objekt_fetar","periudha":"mesjetar","periudha_detaj":"Mesjetë e Vonë","komuna":"Kamenicë","rajon":"Kosovë","lat":42.5783818,"lon":21.5796877,"easting_kosovaref01":7547585.509,"northing_kosovaref01":4715574.182,"sistemi_projeksion":"EPSG:9141 (KOSOVAREF01 / Balkans zone 7)","koordinata_burimi":"OSM qendra e komunës: Kamenicë","saktesia_koordinates":"e përafërt (qendra e komunës)","gjendja":"e mirë","status_mbrojtjes":"e pa përcaktuar","pershkrim_i_shkurter":"Manastiri gjendet në fshatin Hajnoc, i cili gjendet në veri të Kamenicës, në aksin rrugor Kamenicë - Strezoc. Është i ndërtuar mbi një kodrinë të vogël afër rrugës së asfaltuar. Pranë këtij objekti në rrugë gjendet edhe ...","burimi":"DTK","url_dtk":"https://dtk.rks-gov.net/Objekti?heritageId=2840","verifikuar":"po","shenime":"klasa=Monument; heritageId=2840"}},{"type":"Feature","id":"sites_arkitekturore.94","geometry":{"type":"Point","coordinates":[21.5796877,42.57838184]},"geometry_name":"geom","properties":{"id":"ARH-094","emri":"Manastiri i Moçarit","lloji_trashegimise":"arkitekturore","kategoria":"objekt_fetar","periudha":"mesjetar","periudha_detaj":"Mesjetë e Vonë","komuna":"Kamenicë","rajon":"Kosovë","lat":42.5783818,"lon":21.5796877,"easting_kosovaref01":7547585.509,"northing_kosovaref01":4715574.182,"sistemi_projeksion":"EPSG:9141 (KOSOVAREF01 / Balkans zone 7)","koordinata_burimi":"OSM qendra e komunës: Kamenicë","saktesia_koordinates":"e përafërt (qendra e komunës)","gjendja":"e mirë","status_mbrojtjes":"e pa përcaktuar","pershkrim_i_shkurter":"Manastiri i Moçarit ndodhet në verilindje të Dardanës (Kamenicës), pikërisht afër fshatit Moçar. Sipas të dhënave ky manastir është ndërtuar në shek. XIV. Stili i ndërtimit i përket Shkollës së Moravës, stil ky që rezult...","burimi":"DTK","url_dtk":"https://dtk.rks-gov.net/Objekti?heritageId=2603","verifikuar":"po","shenime":"klasa=Monument; heritageId=2603"}},{"type":"Feature","id":"sites_arkitekturore.95","geometry":{"type":"Point","coordinates":[21.5796877,42.57838184]},"geometry_name":"geom","properties":{"id":"ARH-095","emri":"Shtëpia e Abdyl Cakollit","lloji_trashegimise":"arkitekturore","kategoria":"monument","periudha":"osman","periudha_detaj":"Osmane","komuna":"Kamenicë","rajon":"Kosovë","lat":42.5783818,"lon":21.5796877,"easting_kosovaref01":7547585.509,"northing_kosovaref01":4715574.182,"sistemi_projeksion":"EPSG:9141 (KOSOVAREF01 / Balkans zone 7)","koordinata_burimi":"OSM qendra e komunës: Kamenicë","saktesia_koordinates":"e përafërt (qendra e komunës)","gjendja":"e mirë","status_mbrojtjes":"e pa përcaktuar","pershkrim_i_shkurter":"Në fshatin Krilevë, komuna e Dardanës (Kamenicës), gjendet shtëpia e Abdyl Cakollit. Kjo shtëpi është ndërtuar kah fundi i shek. XIX. Arkitektura dhe stili i ndërtimit të kësaj shtëpie dëshmojnë kulturën e banimit të shq...","burimi":"DTK","url_dtk":"https://dtk.rks-gov.net/Objekti?heritageId=2747","verifikuar":"po","shenime":"klasa=Monument; heritageId=2747"}},{"type":"Feature","id":"sites_arkitekturore.96","geometry":{"type":"Point","coordinates":[21.5796877,42.57838184]},"geometry_name":"geom","properties":{"id":"ARH-096","emri":"Shtëpia e Jusuf Ademit  në Leshtar","lloji_trashegimise":"arkitekturore","kategoria":"monument","periudha":"osman","periudha_detaj":"Osmane","komuna":"Kamenicë","rajon":"Kosovë","lat":42.5783818,"lon":21.5796877,"easting_kosovaref01":7547585.509,"northing_kosovaref01":4715574.182,"sistemi_projeksion":"EPSG:9141 (KOSOVAREF01 / Balkans zone 7)","koordinata_burimi":"OSM qendra e komunës: Kamenicë","saktesia_koordinates":"e përafërt (qendra e komunës)","gjendja":"e mirë","status_mbrojtjes":"e pa përcaktuar","pershkrim_i_shkurter":"Shtëpia e Jusuf Ademit gjendet në Leshtar të komunës së Kamenicës. Në bazë të të dhënave gojore supozohet se shtëpia është ndërtuar para 150 viteve. Karakterizohet me arkitekturë popullore shqiptare. I pari i familjes së...","burimi":"DTK","url_dtk":"https://dtk.rks-gov.net/Objekti?heritageId=2663","verifikuar":"po","shenime":"klasa=Monument; heritageId=2663"}},{"type":"Feature","id":"sites_arkitekturore.97","geometry":{"type":"Point","coordinates":[21.5796877,42.57838184]},"geometry_name":"geom","properties":{"id":"ARH-097","emri":"Teqeja e Sheh Zenel Abedinit","lloji_trashegimise":"arkitekturore","kategoria":"objekt_fetar","periudha":"osman","periudha_detaj":"Osmane","komuna":"Kamenicë","rajon":"Kosovë","lat":42.5783818,"lon":21.5796877,"easting_kosovaref01":7547585.509,"northing_kosovaref01":4715574.182,"sistemi_projeksion":"EPSG:9141 (KOSOVAREF01 / Balkans zone 7)","koordinata_burimi":"OSM qendra e komunës: Kamenicë","saktesia_koordinates":"e përafërt (qendra e komunës)","gjendja":"e mirë","status_mbrojtjes":"e pa përcaktuar","pershkrim_i_shkurter":"Në fshatin Topanicë, komuna e Dardanës (Kamenicës), gjendet teqeja e Sheh Zenelit bashkë me tyrben. Ndërtesa daton nga viti 1754, përkatësisht nga gjysma e shek. XVIII. Teqeja ka shërbyer për kryerjen e ceremonive fetare...","burimi":"DTK","url_dtk":"https://dtk.rks-gov.net/Objekti?heritageId=8413","verifikuar":"po","shenime":"klasa=Monument; heritageId=8413"}},{"type":"Feature","id":"sites_arkitekturore.98","geometry":{"type":"Point","coordinates":[21.5796877,42.57838184]},"geometry_name":"geom","properties":{"id":"ARH-098","emri":"Xhamia në Meshinë","lloji_trashegimise":"arkitekturore","kategoria":"objekt_fetar","periudha":"osman","periudha_detaj":"Osmane","komuna":"Kamenicë","rajon":"Kosovë","lat":42.5783818,"lon":21.5796877,"easting_kosovaref01":7547585.509,"northing_kosovaref01":4715574.182,"sistemi_projeksion":"EPSG:9141 (KOSOVAREF01 / Balkans zone 7)","koordinata_burimi":"OSM qendra e komunës: Kamenicë","saktesia_koordinates":"e përafërt (qendra e komunës)","gjendja":"e mirë","status_mbrojtjes":"e pa përcaktuar","pershkrim_i_shkurter":"Në fshatin Meshinë, komuna e Dardanës, gjendet xhamia e fshatit Meshinë. Është ndërtuar në vitin 1886. Xhamia ka bazë drejtkëndëshe, të mbuluar me kulm katërujor. I ka dy etazhe. Karakterizohet me minaren nga druri, që k...","burimi":"DTK","url_dtk":"https://dtk.rks-gov.net/Objekti?heritageId=976","verifikuar":"po","shenime":"klasa=Monument; heritageId=976"}},{"type":"Feature","id":"sites_arkitekturore.99","geometry":{"type":"Point","coordinates":[20.7430294,42.48383884]},"geometry_name":"geom","properties":{"id":"ARH-099","emri":"Mulliri i vjetër","lloji_trashegimise":"arkitekturore","kategoria":"monument","periudha":"osman","periudha_detaj":"Osmane","komuna":"Malishevë","rajon":"Kosovë","lat":42.4838388,"lon":20.7430294,"easting_kosovaref01":7478873.938,"northing_kosovaref01":4704942.176,"sistemi_projeksion":"EPSG:9141 (KOSOVAREF01 / Balkans zone 7)","koordinata_burimi":"OSM qendra e komunës: Malishevë","saktesia_koordinates":"e përafërt (qendra e komunës)","gjendja":"e mirë","status_mbrojtjes":"e pa përcaktuar","pershkrim_i_shkurter":"Mulliri me ujë në fshatin Banjë të komunës së Malishevës është njëri nga mullinjtë e paktë që kanë mbetur në trevat tona. Data e saktë e ndërtimit të këtij mulliri nuk dihet, por supozohet të jetë ndërtuar në fund të she...","burimi":"DTK","url_dtk":"https://dtk.rks-gov.net/Objekti?heritageId=9485","verifikuar":"po","shenime":"klasa=Monument; heritageId=9485"}},{"type":"Feature","id":"sites_arkitekturore.100","geometry":{"type":"Point","coordinates":[20.7430294,42.48383884]},"geometry_name":"geom","properties":{"id":"ARH-100","emri":"Rrënojat e Mullirit të urës në Bubël","lloji_trashegimise":"arkitekturore","kategoria":"monument","periudha":"osman","periudha_detaj":"Osmane","komuna":"Malishevë","rajon":"Kosovë","lat":42.4838388,"lon":20.7430294,"easting_kosovaref01":7478873.938,"northing_kosovaref01":4704942.176,"sistemi_projeksion":"EPSG:9141 (KOSOVAREF01 / Balkans zone 7)","koordinata_burimi":"OSM qendra e komunës: Malishevë","saktesia_koordinates":"e përafërt (qendra e komunës)","gjendja":"e mirë","status_mbrojtjes":"e pa përcaktuar","pershkrim_i_shkurter":"Mulliri është ndërtuar në bregun lindor të lumit Mirusha, pranë urës së vjetër, që i takon fshatit Damanek, te vendi i quajtur Çupevë. Fshati Damanek gjendet 10 km në veriperëndim të Malishevës. Nuk dihet saktë koha e nd...","burimi":"DTK","url_dtk":"https://dtk.rks-gov.net/Objekti?heritageId=9273","verifikuar":"po","shenime":"klasa=Monument; heritageId=9273"}},{"type":"Feature","id":"sites_arkitekturore.101","geometry":{"type":"Point","coordinates":[20.7430294,42.48383884]},"geometry_name":"geom","properties":{"id":"ARH-101","emri":"Ura e fshatit Bubël","lloji_trashegimise":"arkitekturore","kategoria":"monument","periudha":"osman","periudha_detaj":"Osmane","komuna":"Malishevë","rajon":"Kosovë","lat":42.4838388,"lon":20.7430294,"easting_kosovaref01":7478873.938,"northing_kosovaref01":4704942.176,"sistemi_projeksion":"EPSG:9141 (KOSOVAREF01 / Balkans zone 7)","koordinata_burimi":"OSM qendra e komunës: Malishevë","saktesia_koordinates":"e përafërt (qendra e komunës)","gjendja":"e mirë","status_mbrojtjes":"e pa përcaktuar","pershkrim_i_shkurter":"Ura është ndërtuar mbi lumin Mirushë që bashkon fshatin Bubël me Çupevën. Në këtë zonë përveç urës janë edhe rrënojat e mullirit të fshatit, hambari i vjetër dhe varrezat e vjetra, të cilat kanë arritur ti mbijetojnë rr...","burimi":"DTK","url_dtk":"https://dtk.rks-gov.net/Objekti?heritageId=4126","verifikuar":"po","shenime":"klasa=Monument; heritageId=4126"}},{"type":"Feature","id":"sites_arkitekturore.102","geometry":{"type":"Point","coordinates":[20.868917,42.88651404]},"geometry_name":"geom","properties":{"id":"ARH-102","emri":"Enti për punësim","lloji_trashegimise":"arkitekturore","kategoria":"monument","periudha":"i panjohur","periudha_detaj":null,"komuna":"Mitrovicë","rajon":"Kosovë","lat":42.886514,"lon":20.868917,"easting_kosovaref01":7489292.785,"northing_kosovaref01":4749645.863,"sistemi_projeksion":"EPSG:9141 (KOSOVAREF01 / Balkans zone 7)","koordinata_burimi":"DTK; DMS?decimal","saktesia_koordinates":"e mirë","gjendja":"e mirë","status_mbrojtjes":"e pa përcaktuar","pershkrim_i_shkurter":"Enti për Punësim (Qendra Rajonale për Punësim  Mitrovicë) Në zonën e Planit Rregullativ Qendra të PZHU-së në Mitrovicë gjendet ndërtesa e njohur në popullatë si ndërtesa e Entit të Punësimit. Objekti u ndërtua në vite...","burimi":"DTK","url_dtk":"https://dtk.rks-gov.net/Objekti?heritageId=9231","verifikuar":"po","shenime":"klasa=Monument; heritageId=9231"}},{"type":"Feature","id":"sites_arkitekturore.103","geometry":{"type":"Point","coordinates":[20.869486,42.88903104]},"geometry_name":"geom","properties":{"id":"ARH-103","emri":"Hotel \"Jadran\"","lloji_trashegimise":"arkitekturore","kategoria":"monument","periudha":"moderne","periudha_detaj":"Moderne","komuna":"Mitrovicë","rajon":"Kosovë","lat":42.889031,"lon":20.869486,"easting_kosovaref01":7489339.696,"northing_kosovaref01":4749925.378,"sistemi_projeksion":"EPSG:9141 (KOSOVAREF01 / Balkans zone 7)","koordinata_burimi":"DTK; DMS?decimal","saktesia_koordinates":"e mirë","gjendja":"e mirë","status_mbrojtjes":"e pa përcaktuar","pershkrim_i_shkurter":"Ndërtesa e Ish Hotel Jadran, ndodhet në qendër të qytetit, në Sheshin Adem Jashari në Mitrovicë. Kjo ndërtesë është e ndërtuar në vitin 1928. Objekti është investim i familjes pasanike Zharkoviq nga Mitrovica. Në fil...","burimi":"DTK","url_dtk":"https://dtk.rks-gov.net/Objekti?heritageId=1631","verifikuar":"po","shenime":"klasa=Monument; heritageId=1631"}},{"type":"Feature","id":"sites_arkitekturore.104","geometry":{"type":"Point","coordinates":[20.921436,42.93923104]},"geometry_name":"geom","properties":{"id":"ARH-104","emri":"Kisha Katolike  \"Shën Pjetri\"","lloji_trashegimise":"arkitekturore","kategoria":"objekt_fetar","periudha":"mesjetar","periudha_detaj":"Mesjetë e Vonë","komuna":"Mitrovicë","rajon":"Kosovë","lat":42.939231,"lon":20.921436,"easting_kosovaref01":7493588.147,"northing_kosovaref01":4755496.323,"sistemi_projeksion":"EPSG:9141 (KOSOVAREF01 / Balkans zone 7)","koordinata_burimi":"DTK; DMS?decimal","saktesia_koordinates":"e mirë","gjendja":"e mirë","status_mbrojtjes":"e pa përcaktuar","pershkrim_i_shkurter":"Bazilika - Kisha Katolike  Shën Pjetri gjendet rreth 9 km në lindje të qytetit të Mitrovicës, në Stan-Tërg, komuna e Mitrovicës. Kisha katolike Shën Pjetrit është monument sakral. Është ndërtim i shek. XIII. Gërmadhat e...","burimi":"DTK","url_dtk":"https://dtk.rks-gov.net/Objekti?heritageId=8","verifikuar":"po","shenime":"klasa=Monument; heritageId=8"}},{"type":"Feature","id":"sites_arkitekturore.105","geometry":{"type":"Point","coordinates":[20.80616401,42.87734704]},"geometry_name":"geom","properties":{"id":"ARH-105","emri":"Kisha Katolike në Vinarc të epërm","lloji_trashegimise":"arkitekturore","kategoria":"objekt_fetar","periudha":"i panjohur","periudha_detaj":null,"komuna":"Mitrovicë","rajon":"Kosovë","lat":42.877347,"lon":20.806164,"easting_kosovaref01":7484164.605,"northing_kosovaref01":4748637.49,"sistemi_projeksion":"EPSG:9141 (KOSOVAREF01 / Balkans zone 7)","koordinata_burimi":"DTK; DMS?decimal","saktesia_koordinates":"e mirë","gjendja":"e mirë","status_mbrojtjes":"e pa përcaktuar","pershkrim_i_shkurter":"Në fshatin Vinarc, i cili gjendet 7-8 km larg Mitrovicës, gjendet Kisha Mortore, e ndërtuar (sipas disa hulumtimeve të papublikuara) në shek. XVIII nga mjeshtrit vendorë, me materiale vendore, për nevojat e komunitetit v...","burimi":"DTK","url_dtk":"https://dtk.rks-gov.net/Objekti?heritageId=1697","verifikuar":"po","shenime":"klasa=Monument; heritageId=1697"}},{"type":"Feature","id":"sites_arkitekturore.106","geometry":{"type":"Point","coordinates":[20.902069,42.87127504]},"geometry_name":"geom","properties":{"id":"ARH-106","emri":"Kulla e Asllan Tupellës","lloji_trashegimise":"arkitekturore","kategoria":"kulla","periudha":"i panjohur","periudha_detaj":null,"komuna":"Mitrovicë","rajon":"Kosovë","lat":42.871275,"lon":20.902069,"easting_kosovaref01":7491998.762,"northing_kosovaref01":4747949.443,"sistemi_projeksion":"EPSG:9141 (KOSOVAREF01 / Balkans zone 7)","koordinata_burimi":"DTK; DMS?decimal","saktesia_koordinates":"e mirë","gjendja":"e mirë","status_mbrojtjes":"e pa përcaktuar","pershkrim_i_shkurter":"Në lagjen e Tupellëve të fshatit Kçiq i Vogël, komuna e Mitrovicës, gjendet kulla (sipas njësimit në popull) e Asllan Tupellës. Sipas të dhënave të marra nga Ferat Asllan Tupella (1947) thuhet se kullën e ka ndërtuar A...","burimi":"DTK","url_dtk":"https://dtk.rks-gov.net/Objekti?heritageId=1655","verifikuar":"po","shenime":"klasa=Monument; heritageId=1655"}},{"type":"Feature","id":"sites_arkitekturore.107","geometry":{"type":"Point","coordinates":[20.894739,42.93720604]},"geometry_name":"geom","properties":{"id":"ARH-107","emri":"Kulla e Imer Imerit","lloji_trashegimise":"arkitekturore","kategoria":"kulla","periudha":"i panjohur","periudha_detaj":null,"komuna":"Mitrovicë","rajon":"Kosovë","lat":42.937206,"lon":20.894739,"easting_kosovaref01":7491409.04,"northing_kosovaref01":4755273.766,"sistemi_projeksion":"EPSG:9141 (KOSOVAREF01 / Balkans zone 7)","koordinata_burimi":"DTK; DMS?decimal","saktesia_koordinates":"e mirë","gjendja":"e mirë","status_mbrojtjes":"e pa përcaktuar","pershkrim_i_shkurter":"Kulla e Ymer Ymerit gjendet në Mëhallën e mesme të fshatit Rahovë, fshat ky që shtrihet në zonën e Shalës së Bajgorës, komuna e Mitrovicës. Kulla është ndërtuar në fundin e shek. XIX. Hapësira ku ndodhet kulla ishte nj...","burimi":"DTK","url_dtk":"https://dtk.rks-gov.net/Objekti?heritageId=1712","verifikuar":"po","shenime":"klasa=Monument; heritageId=1712"}},{"type":"Feature","id":"sites_arkitekturore.108","geometry":{"type":"Point","coordinates":[20.90275299,42.87367504]},"geometry_name":"geom","properties":{"id":"ARH-108","emri":"Kulla e Sali Kajtazit","lloji_trashegimise":"arkitekturore","kategoria":"kulla","periudha":"i panjohur","periudha_detaj":null,"komuna":"Mitrovicë","rajon":"Kosovë","lat":42.873675,"lon":20.902753,"easting_kosovaref01":7492054.954,"northing_kosovaref01":4748215.968,"sistemi_projeksion":"EPSG:9141 (KOSOVAREF01 / Balkans zone 7)","koordinata_burimi":"DTK; DMS?decimal","saktesia_koordinates":"e mirë","gjendja":"e mirë","status_mbrojtjes":"e pa përcaktuar","pershkrim_i_shkurter":"Në lagjen Kajtazi të fshatit Kçiq i Vogël, komuna e Mitrovicës, gjendet kulla dykatëshe (sipas njësimit në popull) e Sali Kajtazit. Sipas të dhënave të marra nga Xhafer (Ramë) Kajtazi, vëllai i Salihut, thuhet se kulla...","burimi":"DTK","url_dtk":"https://dtk.rks-gov.net/Objekti?heritageId=1652","verifikuar":"po","shenime":"klasa=Monument; heritageId=1652"}},{"type":"Feature","id":"sites_arkitekturore.109","geometry":{"type":"Point","coordinates":[20.903467,42.89131904]},"geometry_name":"geom","properties":{"id":"ARH-109","emri":"Kulla e Sefedin Zasellës","lloji_trashegimise":"arkitekturore","kategoria":"kulla","periudha":"i panjohur","periudha_detaj":null,"komuna":"Mitrovicë","rajon":"Kosovë","lat":42.891319,"lon":20.903467,"easting_kosovaref01":7492115.535,"northing_kosovaref01":4750175.785,"sistemi_projeksion":"EPSG:9141 (KOSOVAREF01 / Balkans zone 7)","koordinata_burimi":"DTK; DMS?decimal","saktesia_koordinates":"e mirë","gjendja":"e mirë","status_mbrojtjes":"e pa përcaktuar","pershkrim_i_shkurter":"Në terrenin me rënie të lehtë në lagjen e Abazëve në fshatin Zasellë, komuna e Mitrovicës, gjendet kulla dykatëshe (sipas njësimit në popull) e Sefedin Zasellës. Sipas të dhënave të marra nga Ibrahim Sefedin Abazi, kjo...","burimi":"DTK","url_dtk":"https://dtk.rks-gov.net/Objekti?heritageId=9865","verifikuar":"po","shenime":"klasa=Monument; heritageId=9865"}},{"type":"Feature","id":"sites_arkitekturore.110","geometry":{"type":"Point","coordinates":[20.873503,42.89033104]},"geometry_name":"geom","properties":{"id":"ARH-110","emri":"Kulla e Tupellëve","lloji_trashegimise":"arkitekturore","kategoria":"kulla","periudha":"i panjohur","periudha_detaj":null,"komuna":"Mitrovicë","rajon":"Kosovë","lat":42.890331,"lon":20.873503,"easting_kosovaref01":7489668.019,"northing_kosovaref01":4750069.281,"sistemi_projeksion":"EPSG:9141 (KOSOVAREF01 / Balkans zone 7)","koordinata_burimi":"DTK; DMS?decimal","saktesia_koordinates":"e mirë","gjendja":"e mirë","status_mbrojtjes":"e pa përcaktuar","pershkrim_i_shkurter":"Jo larg qendrës së qytetit, në rrugën Marie Shllaku, pa numër, gjendet objekti profan urban, kulla me etazhitet P+1, në popull e njohur si Kulla e Tupellëve. Kulla është ndërtuar nga Haxhi Fazli Tupella, në dekadën e d...","burimi":"DTK","url_dtk":"https://dtk.rks-gov.net/Objekti?heritageId=1580","verifikuar":"po","shenime":"klasa=Monument; heritageId=1580"}},{"type":"Feature","id":"sites_arkitekturore.111","geometry":{"type":"Point","coordinates":[20.871453,42.94194704]},"geometry_name":"geom","properties":{"id":"ARH-111","emri":"Kulla ne Zhazhe - Kulla e Hajzer Ahmet Pecit","lloji_trashegimise":"arkitekturore","kategoria":"kulla","periudha":"i panjohur","periudha_detaj":null,"komuna":"Mitrovicë","rajon":"Kosovë","lat":42.941947,"lon":20.871453,"easting_kosovaref01":7489509.339,"northing_kosovaref01":4755803.04,"sistemi_projeksion":"EPSG:9141 (KOSOVAREF01 / Balkans zone 7)","koordinata_burimi":"DTK; DMS?decimal","saktesia_koordinates":"e mirë","gjendja":"e mirë","status_mbrojtjes":"e pa përcaktuar","pershkrim_i_shkurter":"Në lagjen Smaka të fshatit Zhazhë, komuna e Zveçanit, gjendet kulla e Hajzer Ahmet Pecit. Fshati Zhazhë nga qyteti i Mitrovicës gjendet në distancë 10 km, ndërsa nga komuna e Zveçanit 7 km. Kulla e Hajzer Ahmet Pecit ë...","burimi":"DTK","url_dtk":"https://dtk.rks-gov.net/Objekti?heritageId=1736","verifikuar":"po","shenime":"klasa=Monument; heritageId=1736"}},{"type":"Feature","id":"sites_arkitekturore.112","geometry":{"type":"Point","coordinates":[20.876111,42.95976104]},"geometry_name":"geom","properties":{"id":"ARH-112","emri":"Kullë e Halim Miftarit","lloji_trashegimise":"arkitekturore","kategoria":"kulla","periudha":"i panjohur","periudha_detaj":null,"komuna":"Mitrovicë","rajon":"Kosovë","lat":42.959761,"lon":20.876111,"easting_kosovaref01":7489892.392,"northing_kosovaref01":4757781.261,"sistemi_projeksion":"EPSG:9141 (KOSOVAREF01 / Balkans zone 7)","koordinata_burimi":"DTK; DMS?decimal","saktesia_koordinates":"e mirë","gjendja":"e mirë","status_mbrojtjes":"e pa përcaktuar","pershkrim_i_shkurter":"Në lagjen Miftaraj të fshatit Vllahi, komuna e Mitrovicës, gjendet kulla (sipas njësimit në popull) e Halim Miftarit. Sipas të dhënave të marra, kulla është ndërtuar në gjysmën e dytë të shekullit XIX, konkretisht në v...","burimi":"DTK","url_dtk":"https://dtk.rks-gov.net/Objekti?heritageId=1859","verifikuar":"po","shenime":"klasa=Monument; heritageId=1859"}},{"type":"Feature","id":"sites_arkitekturore.113","geometry":{"type":"Point","coordinates":[20.870719,42.88802804]},"geometry_name":"geom","properties":{"id":"ARH-113","emri":"Ndërtesa e Hamamit të Vjetër","lloji_trashegimise":"arkitekturore","kategoria":"objekt_urban","periudha":"osman","periudha_detaj":"Osmane","komuna":"Mitrovicë","rajon":"Kosovë","lat":42.888028,"lon":20.870719,"easting_kosovaref01":7489440.236,"northing_kosovaref01":4749813.81,"sistemi_projeksion":"EPSG:9141 (KOSOVAREF01 / Balkans zone 7)","koordinata_burimi":"DTK; DMS?decimal","saktesia_koordinates":"e mirë","gjendja":"e mirë","status_mbrojtjes":"e pa përcaktuar","pershkrim_i_shkurter":"Hamami i Qytetit gjendet në Bulevardin Shemsi Ahmeti pa numër, ish bërthama e vjetër e qytetit aty pranë objekteve të tjera të cilat kanë përbërë dikur qendrën e qytetit. Hamami i Qytetit u ndërtua në fund të shek. XVIII...","burimi":"DTK","url_dtk":"https://dtk.rks-gov.net/Objekti?heritageId=4","verifikuar":"po","shenime":"klasa=Monument; heritageId=4"}},{"type":"Feature","id":"sites_arkitekturore.114","geometry":{"type":"Point","coordinates":[20.870147,42.88699404]},"geometry_name":"geom","properties":{"id":"ARH-114","emri":"Shtëpi banimi - Shtëpia e Xhafer Devës","lloji_trashegimise":"arkitekturore","kategoria":"monument","periudha":"osman","periudha_detaj":"Osmane","komuna":"Mitrovicë","rajon":"Kosovë","lat":42.886994,"lon":20.870147,"easting_kosovaref01":7489393.337,"northing_kosovaref01":4749699.026,"sistemi_projeksion":"EPSG:9141 (KOSOVAREF01 / Balkans zone 7)","koordinata_burimi":"DTK; DMS?decimal","saktesia_koordinates":"e mirë","gjendja":"e mirë","status_mbrojtjes":"e pa përcaktuar","pershkrim_i_shkurter":"Shtëpia e Xhafer Devës është e ndërtuar në bërthamën e vjetër të qytetit. Kjo ndërtesë i takon shek XIX. Shtëpia fillimisht kishte karakter banimi. Ky objekt kryesisht e ka ruajtur gjendjen fillestare të ndërtimit. Shtëp...","burimi":"DTK","url_dtk":"https://dtk.rks-gov.net/Objekti?heritageId=1595","verifikuar":"po","shenime":"klasa=Monument; heritageId=1595"}},{"type":"Feature","id":"sites_arkitekturore.115","geometry":{"type":"Point","coordinates":[20.87058601,42.88910804]},"geometry_name":"geom","properties":{"id":"ARH-115","emri":"Shtëpi Banimi e Asim Leniqit","lloji_trashegimise":"arkitekturore","kategoria":"monument","periudha":"osman","periudha_detaj":"Osmane","komuna":"Mitrovicë","rajon":"Kosovë","lat":42.889108,"lon":20.870586,"easting_kosovaref01":7489429.557,"northing_kosovaref01":4749933.793,"sistemi_projeksion":"EPSG:9141 (KOSOVAREF01 / Balkans zone 7)","koordinata_burimi":"DTK; DMS?decimal","saktesia_koordinates":"e mirë","gjendja":"e mirë","status_mbrojtjes":"e pa përcaktuar","pershkrim_i_shkurter":"Në zonën e qytetit të përfshirë në planin rregullativ Qendra gjendet objekti rezidencial urban (P+1). Në qytet, kjo ndërtesë është e njohur si Shtëpia e Asim Leniqit. Në kujtesën e qytetarëve mbahet mend se Asim Leniqi...","burimi":"DTK","url_dtk":"https://dtk.rks-gov.net/Objekti?heritageId=1562","verifikuar":"po","shenime":"klasa=Monument; heritageId=1562"}},{"type":"Feature","id":"sites_arkitekturore.116","geometry":{"type":"Point","coordinates":[20.87195001,42.88829404]},"geometry_name":"geom","properties":{"id":"ARH-116","emri":"Shtëpi Banimi e Reshat Feratit","lloji_trashegimise":"arkitekturore","kategoria":"monument","periudha":"i panjohur","periudha_detaj":null,"komuna":"Mitrovicë","rajon":"Kosovë","lat":42.888294,"lon":20.87195,"easting_kosovaref01":7489540.83,"northing_kosovaref01":4749843.203,"sistemi_projeksion":"EPSG:9141 (KOSOVAREF01 / Balkans zone 7)","koordinata_burimi":"DTK; DMS?decimal","saktesia_koordinates":"e mirë","gjendja":"e mirë","status_mbrojtjes":"e pa përcaktuar","pershkrim_i_shkurter":"Në bërthamën e qytetit të Mitrovicës gjendet shtëpia e banimit me pronar Reshat Feratin. Shtëpia është ndërtuar në shek. XX. Shtëpia me etazhe P+1 ka pasur funksion banimi. Deri në luftën e fundit në Kosovë më 1998-1999 ...","burimi":"DTK","url_dtk":"https://dtk.rks-gov.net/Objekti?heritageId=1529","verifikuar":"po","shenime":"klasa=Monument; heritageId=1529"}},{"type":"Feature","id":"sites_arkitekturore.117","geometry":{"type":"Point","coordinates":[20.865119,42.88745804]},"geometry_name":"geom","properties":{"id":"ARH-117","emri":"Shtëpia e Familjes Koroglu","lloji_trashegimise":"arkitekturore","kategoria":"monument","periudha":"osman","periudha_detaj":"Osmane","komuna":"Mitrovicë","rajon":"Kosovë","lat":42.887458,"lon":20.865119,"easting_kosovaref01":7488982.722,"northing_kosovaref01":4749751.212,"sistemi_projeksion":"EPSG:9141 (KOSOVAREF01 / Balkans zone 7)","koordinata_burimi":"DTK; DMS?decimal","saktesia_koordinates":"e mirë","gjendja":"e mirë","status_mbrojtjes":"e pa përcaktuar","pershkrim_i_shkurter":"Në popull e njohur si Kaçamak Mëhallë, jo larg nga qendra e vjetër e qytetit të Mitrovicës, në oborrin e gjërë, gjendet shtëpia e familjes Koroglu. Sipas të dhënave shtëpia është ndërtuar rreth gjysmës së parë të shek. X...","burimi":"DTK","url_dtk":"https://dtk.rks-gov.net/Objekti?heritageId=5","verifikuar":"po","shenime":"klasa=Monument; heritageId=5"}},{"type":"Feature","id":"sites_arkitekturore.118","geometry":{"type":"Point","coordinates":[20.870436,42.88880804]},"geometry_name":"geom","properties":{"id":"ARH-118","emri":"Shtëpia e Shoqatës së Gjyetarëve","lloji_trashegimise":"arkitekturore","kategoria":"monument","periudha":"moderne","periudha_detaj":"Moderne","komuna":"Mitrovicë","rajon":"Kosovë","lat":42.888808,"lon":20.870436,"easting_kosovaref01":7489417.253,"northing_kosovaref01":4749900.488,"sistemi_projeksion":"EPSG:9141 (KOSOVAREF01 / Balkans zone 7)","koordinata_burimi":"DTK; DMS?decimal","saktesia_koordinates":"e mirë","gjendja":"e mirë","status_mbrojtjes":"e pa përcaktuar","pershkrim_i_shkurter":"Në zonën e Planit Rregullativ Qendra të PZHU të Mitrovicës, gjendet objekti i njohur si Shtëpia e Gjuetarëve. Ndërtesa u ndërtua në shek. XX, gjerësisht në vitet 1932-33. Ndërtesa ka pasur funksion të banimit. Ky obje...","burimi":"DTK","url_dtk":"https://dtk.rks-gov.net/Objekti?heritageId=1565","verifikuar":"po","shenime":"klasa=Monument; heritageId=1565"}},{"type":"Feature","id":"sites_arkitekturore.119","geometry":{"type":"Point","coordinates":[20.870264,42.88943104]},"geometry_name":"geom","properties":{"id":"ARH-119","emri":"Shtëpia e Xhafer Devës","lloji_trashegimise":"arkitekturore","kategoria":"monument","periudha":"moderne","periudha_detaj":"Moderne","komuna":"Mitrovicë","rajon":"Kosovë","lat":42.889431,"lon":20.870264,"easting_kosovaref01":7489403.311,"northing_kosovaref01":4749969.712,"sistemi_projeksion":"EPSG:9141 (KOSOVAREF01 / Balkans zone 7)","koordinata_burimi":"DTK; DMS?decimal","saktesia_koordinates":"e mirë","gjendja":"e mirë","status_mbrojtjes":"e pa përcaktuar","pershkrim_i_shkurter":"Shtëpia e Xhafer Devës është e ndërtuar në qendër të qytetit, gjegjësisht në bërthamën e vjetër të qytetit të Mitrovicës, dhe atë mu pranë objekteve dhe institucioneve qendrore të qytetit. Shtëpia u ndërtua në vitin 1930...","burimi":"DTK","url_dtk":"https://dtk.rks-gov.net/Objekti?heritageId=1619","verifikuar":"po","shenime":"klasa=Monument; heritageId=1619"}},{"type":"Feature","id":"sites_arkitekturore.120","geometry":{"type":"Point","coordinates":[20.851542,42.88751104]},"geometry_name":"geom","properties":{"id":"ARH-120","emri":"Teqja e Hafuz Halil Mripës","lloji_trashegimise":"arkitekturore","kategoria":"objekt_fetar","periudha":"moderne","periudha_detaj":"Moderne","komuna":"Mitrovicë","rajon":"Kosovë","lat":42.887511,"lon":20.851542,"easting_kosovaref01":7487873.743,"northing_kosovaref01":4749758.966,"sistemi_projeksion":"EPSG:9141 (KOSOVAREF01 / Balkans zone 7)","koordinata_burimi":"DTK; DMS?decimal","saktesia_koordinates":"e mirë","gjendja":"e mirë","status_mbrojtjes":"e pa përcaktuar","pershkrim_i_shkurter":"Teqeja e Hafiz Halil Mripës, ndodhet në hyrje të fshatit Suhodoll i Poshtëm, larg 5 km nga qyteti i Mitrovicës. Hafiz Halil efendi Mripa (1892-1967), deri sa ishte në jetë, kishte shërbyer në teqenë e Junus Sabri efendiu...","burimi":"DTK","url_dtk":"https://dtk.rks-gov.net/Objekti?heritageId=1682","verifikuar":"po","shenime":"klasa=Monument; heritageId=1682"}},{"type":"Feature","id":"sites_arkitekturore.121","geometry":{"type":"Point","coordinates":[20.848606,42.88673904]},"geometry_name":"geom","properties":{"id":"ARH-121","emri":"Teqja e Jonuz Efendisë","lloji_trashegimise":"arkitekturore","kategoria":"objekt_fetar","periudha":"osman","periudha_detaj":"Osmane","komuna":"Mitrovicë","rajon":"Kosovë","lat":42.886739,"lon":20.848606,"easting_kosovaref01":7487633.772,"northing_kosovaref01":4749673.639,"sistemi_projeksion":"EPSG:9141 (KOSOVAREF01 / Balkans zone 7)","koordinata_burimi":"DTK; DMS?decimal","saktesia_koordinates":"e mirë","gjendja":"e mirë","status_mbrojtjes":"e pa përcaktuar","pershkrim_i_shkurter":"Teqeja e Junuz Sabri efendiut, ndodhet në fshatin Suhodoll i Poshtëm, 5 km larg nga Mitrovica. Junus Sabri efendiu (1848-1909), pas kthimit nga shkollimi dhe studimi i Melamet-it në Stamboll, e ndërtoi teqenë, në Suhodol...","burimi":"DTK","url_dtk":"https://dtk.rks-gov.net/Objekti?heritageId=1685","verifikuar":"po","shenime":"klasa=Monument; heritageId=1685"}},{"type":"Feature","id":"sites_arkitekturore.122","geometry":{"type":"Point","coordinates":[20.946886,42.93842504]},"geometry_name":"geom","properties":{"id":"ARH-122","emri":"Xhamia e Mazhiqit  me Varre","lloji_trashegimise":"arkitekturore","kategoria":"objekt_fetar","periudha":"osman","periudha_detaj":"Osmane","komuna":"Mitrovicë","rajon":"Kosovë","lat":42.938425,"lon":20.946886,"easting_kosovaref01":7495665.144,"northing_kosovaref01":4755405.166,"sistemi_projeksion":"EPSG:9141 (KOSOVAREF01 / Balkans zone 7)","koordinata_burimi":"DTK; DMS?decimal","saktesia_koordinates":"e mirë","gjendja":"e mirë","status_mbrojtjes":"e pa përcaktuar","pershkrim_i_shkurter":"Në rrugën Mitrovicë  Podujevë, në kilomertrin e trembëdhjetë, larg Mitrovicës, në fshatin Mazhiq gjendet Xhamia me Varre e njohur me emrin Xhamia e Trepçës. Xhamia e Trepçës me varrezat, paraqet mbeturinat e qytetit të ...","burimi":"DTK","url_dtk":"https://dtk.rks-gov.net/Objekti?heritageId=6","verifikuar":"po","shenime":"klasa=Monument; heritageId=6"}},{"type":"Feature","id":"sites_arkitekturore.123","geometry":{"type":"Point","coordinates":[20.877611,42.96992804]},"geometry_name":"geom","properties":{"id":"ARH-123","emri":"Xhamia në Vllahi","lloji_trashegimise":"arkitekturore","kategoria":"objekt_fetar","periudha":"i panjohur","periudha_detaj":null,"komuna":"Mitrovicë","rajon":"Kosovë","lat":42.969928,"lon":20.877611,"easting_kosovaref01":7490016.415,"northing_kosovaref01":4758910.442,"sistemi_projeksion":"EPSG:9141 (KOSOVAREF01 / Balkans zone 7)","koordinata_burimi":"DTK; DMS?decimal","saktesia_koordinates":"e mirë","gjendja":"e mirë","status_mbrojtjes":"e pa përcaktuar","pershkrim_i_shkurter":"Në fshatin Vllahi, i cili ndodhet 20 kilometra në veri të Mitrovicës, gjendet xhamia e Vllahisë. Me përhapjen e fesë islame filloi të paraqitet edhe kultura dhe arti islam. Në arkitekturën e xhamive arti islam ishte mjet...","burimi":"DTK","url_dtk":"https://dtk.rks-gov.net/Objekti?heritageId=1853","verifikuar":"po","shenime":"klasa=Monument; heritageId=1853"}},{"type":"Feature","id":"sites_arkitekturore.124","geometry":{"type":"Point","coordinates":[21.4316667,42.61611114]},"geometry_name":"geom","properties":{"id":"ARH-124","emri":"Kalaja e  Novobërdës (Artanës)","lloji_trashegimise":"arkitekturore","kategoria":"monument","periudha":"mesjetar","periudha_detaj":"Mesjetë e Vonë","komuna":"N.A.","rajon":"Kosovë","lat":42.6161111,"lon":21.4316667,"easting_kosovaref01":7535413.34,"northing_kosovaref01":4719692.369,"sistemi_projeksion":"EPSG:9141 (KOSOVAREF01 / Balkans zone 7)","koordinata_burimi":"DTK; DMS?decimal","saktesia_koordinates":"e mirë","gjendja":"e mirë","status_mbrojtjes":"e pa përcaktuar","pershkrim_i_shkurter":"Në një mal të vogël ndërmjet Përlepnicës dhe Krivarekës, rreth 30-35 km në perëndim prej Gjilanit dhe rreth 39 kilometra në jug-lindje të Prishtinës, ruhen rrënojat e qytetit dhe fortesës mesjetare të Novobërdës. Sipas d...","burimi":"DTK","url_dtk":"https://dtk.rks-gov.net/Objekti?heritageId=265","verifikuar":"po","shenime":"klasa=Monument; heritageId=265"}},{"type":"Feature","id":"sites_arkitekturore.125","geometry":{"type":"Point","coordinates":[21.1640849,42.66387714]},"geometry_name":"geom","properties":{"id":"ARH-125","emri":"Mulliri i Shabanajve","lloji_trashegimise":"arkitekturore","kategoria":"monument","periudha":"moderne","periudha_detaj":"Moderne","komuna":"N.A.","rajon":"Kosovë","lat":42.6638771,"lon":21.1640849,"easting_kosovaref01":7513450.997,"northing_kosovaref01":4724920.686,"sistemi_projeksion":"EPSG:9141 (KOSOVAREF01 / Balkans zone 7)","koordinata_burimi":"OSM qendra e komunës: Prishtinë","saktesia_koordinates":"e përafërt (qendra e komunës)","gjendja":"e mirë","status_mbrojtjes":"e pa përcaktuar","pershkrim_i_shkurter":"Mulliri i Shabanajve  Deçan Në qendër të Deçanit gjendet një nga objektet më të vjetra të qytezës i quajtur Mulliri i Shabanajve, pronë e familjes Cacaj, i ndërtuar në shek. XIX nga mjeshtrit popullorë vendorë. Ky mulli...","burimi":"DTK","url_dtk":"https://dtk.rks-gov.net/Objekti?heritageId=4690","verifikuar":"po","shenime":"klasa=Monument; heritageId=4690"}},{"type":"Feature","id":"sites_arkitekturore.126","geometry":{"type":"Point","coordinates":[20.998261,42.90867504]},"geometry_name":"geom","properties":{"id":"ARH-126","emri":"Shtëpi Banimi - Nezir Hyseni","lloji_trashegimise":"arkitekturore","kategoria":"monument","periudha":"i panjohur","periudha_detaj":null,"komuna":"N.A.","rajon":"Kosovë","lat":42.908675,"lon":20.998261,"easting_kosovaref01":7499858.005,"northing_kosovaref01":4752099.165,"sistemi_projeksion":"EPSG:9141 (KOSOVAREF01 / Balkans zone 7)","koordinata_burimi":"DTK; DMS?decimal","saktesia_koordinates":"e mirë","gjendja":"e mirë","status_mbrojtjes":"e pa përcaktuar","pershkrim_i_shkurter":"Në lagjen Malet të fshatit Gumnishtë, komuna e Vushtrrisë, në verilindje, në distancë 11 kilometra nga Vushtrria, gjendet një shtëpi banimi (sipas njësimit në popull) e Nezir Hysenit. Koha e ndërtimit të kësaj shtëpie ...","burimi":"DTK","url_dtk":"https://dtk.rks-gov.net/Objekti?heritageId=9867","verifikuar":"po","shenime":"klasa=Monument; heritageId=9867"}},{"type":"Feature","id":"sites_arkitekturore.127","geometry":{"type":"Point","coordinates":[21.4389,42.61085004]},"geometry_name":"geom","properties":{"id":"ARH-127","emri":"Gërmadhat e Kishës së Sasëve në Artanë (Novobërdës)","lloji_trashegimise":"arkitekturore","kategoria":"objekt_fetar","periudha":"mesjetar","periudha_detaj":"Mesjetë e Vonë","komuna":"Novo Bërdë","rajon":"Kosovë","lat":42.61085,"lon":21.4389,"easting_kosovaref01":7536009.782,"northing_kosovaref01":4719111.048,"sistemi_projeksion":"EPSG:9141 (KOSOVAREF01 / Balkans zone 7)","koordinata_burimi":"DTK (pa koordinatë në faqe)","saktesia_koordinates":"e përafërt (qendra e komunës)","gjendja":"e mirë","status_mbrojtjes":"e pa përcaktuar","pershkrim_i_shkurter":"Në komunën e Artanës, në fshatin Boston, gjenden themele apo rrënoja të kishës së vjetër të ashtuquajtur Saksone. Kisha quhet Santa Maria Cieza Canonicale, hyn në kuadër të kompleksit të Kalasë së Artanës dhe gjendet 1 k...","burimi":"DTK","url_dtk":"https://dtk.rks-gov.net/Objekti?heritageId=3385","verifikuar":"po","shenime":"klasa=Monument; heritageId=3385"}},{"type":"Feature","id":"sites_arkitekturore.128","geometry":{"type":"Point","coordinates":[21.426389,42.61555604]},"geometry_name":"geom","properties":{"id":"ARH-128","emri":"Katedrala e Artanës(Novobërdës)","lloji_trashegimise":"arkitekturore","kategoria":"monument","periudha":"mesjetar","periudha_detaj":"Mesjetë e Vonë","komuna":"Novo Bërdë","rajon":"Kosovë","lat":42.615556,"lon":21.426389,"easting_kosovaref01":7534980.675,"northing_kosovaref01":4719628.516,"sistemi_projeksion":"EPSG:9141 (KOSOVAREF01 / Balkans zone 7)","koordinata_burimi":"DTK; DMS?decimal","saktesia_koordinates":"e mirë","gjendja":"e mirë","status_mbrojtjes":"e pa përcaktuar","pershkrim_i_shkurter":"Kisha me përmasa më të mëdha në Artanë është e ashtuquajtur Katedralja e cila mendohet të ketë qenë Katedrale Katolike. Gërmadhat e Katedrales së Artanës gjenden në veri-lindje të kompleksit të Kalasë së Artanës dhe i ta...","burimi":"DTK","url_dtk":"https://dtk.rks-gov.net/Objekti?heritageId=283","verifikuar":"po","shenime":"klasa=Monument; heritageId=283"}},{"type":"Feature","id":"sites_arkitekturore.129","geometry":{"type":"Point","coordinates":[21.42484799,42.60153104]},"geometry_name":"geom","properties":{"id":"ARH-129","emri":"Kisha e Shndërrimit në Bostan","lloji_trashegimise":"arkitekturore","kategoria":"objekt_fetar","periudha":"osman","periudha_detaj":"Osmane","komuna":"Novo Bërdë","rajon":"Kosovë","lat":42.601531,"lon":21.424848,"easting_kosovaref01":7534862.072,"northing_kosovaref01":4718070.063,"sistemi_projeksion":"EPSG:9141 (KOSOVAREF01 / Balkans zone 7)","koordinata_burimi":"DTK (pa koordinatë në faqe)","saktesia_koordinates":"e mirë","gjendja":"e mirë","status_mbrojtjes":"e pa përcaktuar","pershkrim_i_shkurter":"Në qendër të fshatit Boston, në jug të Artanës (Novobërdës), gjendet kisha e Shndërrimit. Sipas banorëve të fshatit dhe priftit të kishës, kjo kishë është ndërtuar në gjysmën e dytë të shek XIX, ndërsa është rikonstruktu...","burimi":"DTK","url_dtk":"https://dtk.rks-gov.net/Objekti?heritageId=3261","verifikuar":"po","shenime":"klasa=Monument; heritageId=3261"}},{"type":"Feature","id":"sites_arkitekturore.130","geometry":{"type":"Point","coordinates":[21.44399999,42.53710004]},"geometry_name":"geom","properties":{"id":"ARH-130","emri":"Manastiri i Shën Nikollës në fshatin Strazhë","lloji_trashegimise":"arkitekturore","kategoria":"objekt_fetar","periudha":"osman","periudha_detaj":"Osmane","komuna":"Novo Bërdë","rajon":"Kosovë","lat":42.5371,"lon":21.444,"easting_kosovaref01":7536471.162,"northing_kosovaref01":4710921.551,"sistemi_projeksion":"EPSG:9141 (KOSOVAREF01 / Balkans zone 7)","koordinata_burimi":"DTK (pa koordinatë në faqe)","saktesia_koordinates":"e përafërt (qendra e komunës)","gjendja":"e mirë","status_mbrojtjes":"e pa përcaktuar","pershkrim_i_shkurter":"Manastiri i Shën Nikollës gjendet në fshatin Strazhë, rreth 8 km në veri të Gjilanit. Manastiri daton nga shekulli XVI, por gjatë hulumtimeve të bëra në terren, duke u bazuar në shtresat e mureve është vërejtur që ndërte...","burimi":"DTK","url_dtk":"https://dtk.rks-gov.net/Objekti?heritageId=1226","verifikuar":"po","shenime":"klasa=Monument; heritageId=1226"}},{"type":"Feature","id":"sites_arkitekturore.131","geometry":{"type":"Point","coordinates":[21.130472,42.68550804]},"geometry_name":"geom","properties":{"id":"ARH-131","emri":"Tyrbja e Bajraktarit","lloji_trashegimise":"arkitekturore","kategoria":"monument","periudha":"osman","periudha_detaj":"Osmane","komuna":"Obiliq","rajon":"Kosovë","lat":42.685508,"lon":21.130472,"easting_kosovaref01":7510691.842,"northing_kosovaref01":4727318.545,"sistemi_projeksion":"EPSG:9141 (KOSOVAREF01 / Balkans zone 7)","koordinata_burimi":"DTK; DMS?decimal","saktesia_koordinates":"e mirë","gjendja":"e mirë","status_mbrojtjes":"e pa përcaktuar","pershkrim_i_shkurter":"Tyrbja e Bajraktarit gjendet në të dalë të qytetit të Prishtinës në drejtim të Vushtrrisë, në rrafshnaltën e quajtur Mazgit dhe i përket shek. XIV. Në rrafshnaltë përpos Tyrbes së Bajraktarit gjendet edhe një numër i var...","burimi":"DTK","url_dtk":"https://dtk.rks-gov.net/Objekti?heritageId=8817","verifikuar":"po","shenime":"klasa=Monument; heritageId=8817"}},{"type":"Feature","id":"sites_arkitekturore.132","geometry":{"type":"Point","coordinates":[20.7446333,42.21535284]},"geometry_name":"geom","properties":{"id":"ARH-132","emri":"Tyrbja e Sulltan Muratit","lloji_trashegimise":"arkitekturore","kategoria":"ure","periudha":"osman","periudha_detaj":"Osmane","komuna":"Obiliq","rajon":"Kosovë","lat":42.2153528,"lon":20.7446333,"easting_kosovaref01":7478916.263,"northing_kosovaref01":4675121.287,"sistemi_projeksion":"EPSG:9141 (KOSOVAREF01 / Balkans zone 7)","koordinata_burimi":"DTK; DMS?decimal","saktesia_koordinates":"e mirë","gjendja":"e mirë","status_mbrojtjes":"e pa përcaktuar","pershkrim_i_shkurter":"Tyrbja e Sulltan Muratit gjendet në fshatin Mazgit të Obiliqit. E ndërtuar në shek. XIV, është një ndër veprat më të vjetra të arkitekturës osmane në Ballkan. Kjo tyrbe u ndërtua për trashëgimtarin e tretë të fronit osma...","burimi":"DTK","url_dtk":"https://dtk.rks-gov.net/Objekti?heritageId=8970","verifikuar":"po","shenime":"klasa=Ansambël; heritageId=8970"}},{"type":"Feature","id":"sites_arkitekturore.133","geometry":{"type":"Point","coordinates":[21.4333276,42.40090014]},"geometry_name":"geom","properties":{"id":"ARH-133","emri":"Kisha e Shndërrimit në Pasjan","lloji_trashegimise":"arkitekturore","kategoria":"objekt_fetar","periudha":"osman","periudha_detaj":"Osmane","komuna":"Partesh","rajon":"Kosovë","lat":42.4009001,"lon":21.4333276,"easting_kosovaref01":7535671.758,"northing_kosovaref01":4695789.075,"sistemi_projeksion":"EPSG:9141 (KOSOVAREF01 / Balkans zone 7)","koordinata_burimi":"OSM qendra e komunës: Partesh","saktesia_koordinates":"e përafërt (qendra e komunës)","gjendja":"e mirë","status_mbrojtjes":"e pa përcaktuar","pershkrim_i_shkurter":"Në fshatin Pasjan, komuna e Gjilanit, gjendet Kisha e Shndërrimit e Pasjanit. Sipas të dhënave, kisha është ndërtuar më 1861, kur është ndërtuar edhe kisha e qytetit të Gjilanit, dhe ka shërbyer për mbajtjen e ceremonive...","burimi":"DTK","url_dtk":"https://dtk.rks-gov.net/Objekti?heritageId=1223","verifikuar":"po","shenime":"klasa=Monument; heritageId=1223"}},{"type":"Feature","id":"sites_arkitekturore.134","geometry":{"type":"Point","coordinates":[20.294431,42.66033304]},"geometry_name":"geom","properties":{"id":"ARH-134","emri":"Bajrakli xhamia","lloji_trashegimise":"arkitekturore","kategoria":"objekt_fetar","periudha":"osman","periudha_detaj":"Osmane","komuna":"Pejë","rajon":"Kosovë","lat":42.660333,"lon":20.294431,"easting_kosovaref01":7442156.99,"northing_kosovaref01":4724755.327,"sistemi_projeksion":"EPSG:9141 (KOSOVAREF01 / Balkans zone 7)","koordinata_burimi":"DTK; DMS?decimal","saktesia_koordinates":"e mirë","gjendja":"e mirë","status_mbrojtjes":"e pa përcaktuar","pershkrim_i_shkurter":"Bajrakli Xhamia Në bërthamën e Çarshisë së vjetër në Pejë ( ku më parë ishte tregu i hapur, karakteristikë kjo e qyteteve shqiptare) u ndërtua Bajrakli Xhamia. Donator i kësaj xhamie ishte Mehmet Fatihu i cili e financoi...","burimi":"DTK","url_dtk":"https://dtk.rks-gov.net/Objekti?heritageId=1319","verifikuar":"po","shenime":"klasa=Monument; heritageId=1319"}},{"type":"Feature","id":"sites_arkitekturore.135","geometry":{"type":"Point","coordinates":[20.29716701,42.65838104]},"geometry_name":"geom","properties":{"id":"ARH-135","emri":"Hamam Xhamia","lloji_trashegimise":"arkitekturore","kategoria":"objekt_fetar","periudha":"osman","periudha_detaj":"Osmane","komuna":"Pejë","rajon":"Kosovë","lat":42.658381,"lon":20.297167,"easting_kosovaref01":7442379.488,"northing_kosovaref01":4724536.639,"sistemi_projeksion":"EPSG:9141 (KOSOVAREF01 / Balkans zone 7)","koordinata_burimi":"DTK; DMS?decimal","saktesia_koordinates":"e mirë","gjendja":"e mirë","status_mbrojtjes":"e pa përcaktuar","pershkrim_i_shkurter":"Hamam Xhamia Hamam xhamia është ndërtuar në vitin 1587, ajo gjendët në pjesën e vjetër të qytetit, në lagjen e Haxhi Zekës, pranë Hamamit të Haxhi Beut dhe ndërtesës së shkollës së parë shqipe në Pejë. Sipas të dhënave n...","burimi":"DTK","url_dtk":"https://dtk.rks-gov.net/Objekti?heritageId=8650","verifikuar":"po","shenime":"klasa=Monument; heritageId=8650"}},{"type":"Feature","id":"sites_arkitekturore.136","geometry":{"type":"Point","coordinates":[20.28745,42.64177204]},"geometry_name":"geom","properties":{"id":"ARH-136","emri":"Kisha e Zonjës së Bekuar","lloji_trashegimise":"arkitekturore","kategoria":"objekt_fetar","periudha":"moderne","periudha_detaj":"Moderne","komuna":"Pejë","rajon":"Kosovë","lat":42.641772,"lon":20.28745,"easting_kosovaref01":7441567.308,"northing_kosovaref01":4722698.453,"sistemi_projeksion":"EPSG:9141 (KOSOVAREF01 / Balkans zone 7)","koordinata_burimi":"DTK; DMS?decimal","saktesia_koordinates":"e mirë","gjendja":"e mirë","status_mbrojtjes":"e pa përcaktuar","pershkrim_i_shkurter":"Në të djathtë të rrugës Pejë-Deçan, në fshatin Bellopojë, gjendet kisha kushtuar Zonjës së Bekuar, e ndërtuar në fund të shekullit XIX. Kjo kishë ortodokse është një rindërtim i realizuar mbi themelet e një objekti po as...","burimi":"DTK","url_dtk":"https://dtk.rks-gov.net/Objekti?heritageId=1394","verifikuar":"po","shenime":"klasa=Monument; heritageId=1394"}},{"type":"Feature","id":"sites_arkitekturore.137","geometry":{"type":"Point","coordinates":[20.371983,42.63893604]},"geometry_name":"geom","properties":{"id":"ARH-137","emri":"Kisha varrezore e Shën Jeremisë","lloji_trashegimise":"arkitekturore","kategoria":"objekt_fetar","periudha":"moderne","periudha_detaj":"Moderne","komuna":"Pejë","rajon":"Kosovë","lat":42.638936,"lon":20.371983,"easting_kosovaref01":7448497.126,"northing_kosovaref01":4722328.505,"sistemi_projeksion":"EPSG:9141 (KOSOVAREF01 / Balkans zone 7)","koordinata_burimi":"DTK; DMS?decimal","saktesia_koordinates":"e mirë","gjendja":"e mirë","status_mbrojtjes":"e pa përcaktuar","pershkrim_i_shkurter":"Në fshatin Gorazhdevc, banuar me minoritetin serb në komunën e Pejës, gjendet e ndërtuar Kisha e Shën Jeremisë. Kisha i takon tipit të trarit, ndërtuar nga druri i bungut, e ruajtur relativisht mirë. Kisha është e shekul...","burimi":"DTK","url_dtk":"https://dtk.rks-gov.net/Objekti?heritageId=8669","verifikuar":"po","shenime":"klasa=Monument; heritageId=8669"}},{"type":"Feature","id":"sites_arkitekturore.138","geometry":{"type":"Point","coordinates":[20.2885757,42.65939864]},"geometry_name":"geom","properties":{"id":"ARH-138","emri":"Kompleksi i mullirit të Haxhi Zekës","lloji_trashegimise":"arkitekturore","kategoria":"monument_arkitekture","periudha":"moderne","periudha_detaj":"Moderne","komuna":"Pejë","rajon":"Kosovë","lat":42.6593986,"lon":20.2885757,"easting_kosovaref01":7441676.093,"northing_kosovaref01":4724655.56,"sistemi_projeksion":"EPSG:9141 (KOSOVAREF01 / Balkans zone 7)","koordinata_burimi":"OSM qendra e komunës: Pejë","saktesia_koordinates":"e përafërt (qendra e komunës)","gjendja":"e mirë","status_mbrojtjes":"e pa përcaktuar","pershkrim_i_shkurter":"Kompleksi i Mullirit të Haxhi Zekës Në pjesën veriore të qytetit, në afërsi të tregut të vjetër, gjendet Kompleksi i Mullirit të Haxhi Zekës i ndërtuar në gjysmën e dytë të shek. XIX nga atdhetari Haxhi Zeka, i cili komp...","burimi":"DTK","url_dtk":"https://dtk.rks-gov.net/Objekti?heritageId=10","verifikuar":"po","shenime":"klasa=N.A.; heritageId=10"}},{"type":"Feature","id":"sites_arkitekturore.139","geometry":{"type":"Point","coordinates":[20.2885757,42.65939864]},"geometry_name":"geom","properties":{"id":"ARH-139","emri":"Konaku i Haki Spahiut","lloji_trashegimise":"arkitekturore","kategoria":"monument","periudha":"moderne","periudha_detaj":"Moderne","komuna":"Pejë","rajon":"Kosovë","lat":42.6593986,"lon":20.2885757,"easting_kosovaref01":7441676.093,"northing_kosovaref01":4724655.56,"sistemi_projeksion":"EPSG:9141 (KOSOVAREF01 / Balkans zone 7)","koordinata_burimi":"OSM qendra e komunës: Pejë","saktesia_koordinates":"e përafërt (qendra e komunës)","gjendja":"e mirë","status_mbrojtjes":"e pa përcaktuar","pershkrim_i_shkurter":"Konaki i Haki Spahiut Konaku i Haki Spahiut është pjesë përbërëse e kompleksit të familjes së Spahive, që ndodhet në pjesën perëndimore të qytetit të Pejës, në afërsi të Pehlivan Mejdanit. Në të kaluarën pos Konakut në k...","burimi":"DTK","url_dtk":"https://dtk.rks-gov.net/Objekti?heritageId=3167","verifikuar":"po","shenime":"klasa=Monument; heritageId=3167"}},{"type":"Feature","id":"sites_arkitekturore.140","geometry":{"type":"Point","coordinates":[20.2885757,42.65939864]},"geometry_name":"geom","properties":{"id":"ARH-140","emri":"Konaku i Jashar Pashës","lloji_trashegimise":"arkitekturore","kategoria":"monument","periudha":"moderne","periudha_detaj":"Moderne","komuna":"Pejë","rajon":"Kosovë","lat":42.6593986,"lon":20.2885757,"easting_kosovaref01":7441676.093,"northing_kosovaref01":4724655.56,"sistemi_projeksion":"EPSG:9141 (KOSOVAREF01 / Balkans zone 7)","koordinata_burimi":"OSM qendra e komunës: Pejë","saktesia_koordinates":"e përafërt (qendra e komunës)","gjendja":"e mirë","status_mbrojtjes":"e pa përcaktuar","pershkrim_i_shkurter":"Konaku i Jashar Pashës Në bërthamën e vjetër të qytetit, në pjesën e zgjeruar të Çarshisë së gjatë në Pejë, gjendet Konaku dy katesh i Jashar Pashës ( sipas njehsimit të popullit ) apo P+1 sipas njehsimit zyrtar. Ky ndër...","burimi":"DTK","url_dtk":"https://dtk.rks-gov.net/Objekti?heritageId=6568","verifikuar":"po","shenime":"klasa=Monument; heritageId=6568"}},{"type":"Feature","id":"sites_arkitekturore.141","geometry":{"type":"Point","coordinates":[20.292619,42.65908104]},"geometry_name":"geom","properties":{"id":"ARH-141","emri":"Konaku i Tahir Beut","lloji_trashegimise":"arkitekturore","kategoria":"monument","periudha":"moderne","periudha_detaj":"Moderne","komuna":"Pejë","rajon":"Kosovë","lat":42.659081,"lon":20.292619,"easting_kosovaref01":7442007.277,"northing_kosovaref01":4724617.501,"sistemi_projeksion":"EPSG:9141 (KOSOVAREF01 / Balkans zone 7)","koordinata_burimi":"DTK; DMS?decimal","saktesia_koordinates":"e mirë","gjendja":"e mirë","status_mbrojtjes":"e pa përcaktuar","pershkrim_i_shkurter":"Konaku i Tahir Beut i ndërtuar në vitin 1800 gjendet në Pejën e vjetër. Deri në vitin 1960 ishte në qendër të qytetit (ndërmjet objektit të komunës dhe postës), mirëpo më pas u dislokua në Sheshin Haxhi Zeka, për tu de...","burimi":"DTK","url_dtk":"https://dtk.rks-gov.net/Objekti?heritageId=3173","verifikuar":"po","shenime":"klasa=Monument; heritageId=3173"}},{"type":"Feature","id":"sites_arkitekturore.142","geometry":{"type":"Point","coordinates":[20.2885757,42.65939864]},"geometry_name":"geom","properties":{"id":"ARH-142","emri":"Kulla e Ali Bajraktarit","lloji_trashegimise":"arkitekturore","kategoria":"kulla","periudha":"osman","periudha_detaj":"Osmane","komuna":"Pejë","rajon":"Kosovë","lat":42.6593986,"lon":20.2885757,"easting_kosovaref01":7441676.093,"northing_kosovaref01":4724655.56,"sistemi_projeksion":"EPSG:9141 (KOSOVAREF01 / Balkans zone 7)","koordinata_burimi":"OSM qendra e komunës: Pejë","saktesia_koordinates":"e përafërt (qendra e komunës)","gjendja":"e mirë","status_mbrojtjes":"e pa përcaktuar","pershkrim_i_shkurter":"Kulla e Ali Bajraktarit Në qendër të fshatit Vranoc , në kuadër të kompleksit të kullave gjendet kulla e atdhetarit të çështjes kombëtare shqiptare Ali Bajraktarit, e cila daton nga gjysma e dytë e shek. XVIII. Ky ndërti...","burimi":"DTK","url_dtk":"https://dtk.rks-gov.net/Objekti?heritageId=2030","verifikuar":"po","shenime":"klasa=Monument; heritageId=2030"}},{"type":"Feature","id":"sites_arkitekturore.143","geometry":{"type":"Point","coordinates":[20.2885757,42.65939864]},"geometry_name":"geom","properties":{"id":"ARH-143","emri":"Kulla e Binak Dinës","lloji_trashegimise":"arkitekturore","kategoria":"kulla","periudha":"moderne","periudha_detaj":"Moderne","komuna":"Pejë","rajon":"Kosovë","lat":42.6593986,"lon":20.2885757,"easting_kosovaref01":7441676.093,"northing_kosovaref01":4724655.56,"sistemi_projeksion":"EPSG:9141 (KOSOVAREF01 / Balkans zone 7)","koordinata_burimi":"OSM qendra e komunës: Pejë","saktesia_koordinates":"e përafërt (qendra e komunës)","gjendja":"e mirë","status_mbrojtjes":"e pa përcaktuar","pershkrim_i_shkurter":"Kulla e Binak Dinës-Raushiq-Pejë Në dalje të fshatit Raushiq, ekziston Kulla tre katërshe (sipas njehsimit të popullit) e Binak Dinës, e realizuar në gjysmën e dytë të shek. XIX. Ky ndërtim, banesë e fortifikuar posedont...","burimi":"DTK","url_dtk":"https://dtk.rks-gov.net/Objekti?heritageId=1880","verifikuar":"po","shenime":"klasa=Monument; heritageId=1880"}},{"type":"Feature","id":"sites_arkitekturore.144","geometry":{"type":"Point","coordinates":[20.2885757,42.65939864]},"geometry_name":"geom","properties":{"id":"ARH-144","emri":"Kulla e Goskajve","lloji_trashegimise":"arkitekturore","kategoria":"kulla","periudha":"moderne","periudha_detaj":"Moderne","komuna":"Pejë","rajon":"Kosovë","lat":42.6593986,"lon":20.2885757,"easting_kosovaref01":7441676.093,"northing_kosovaref01":4724655.56,"sistemi_projeksion":"EPSG:9141 (KOSOVAREF01 / Balkans zone 7)","koordinata_burimi":"OSM qendra e komunës: Pejë","saktesia_koordinates":"e përafërt (qendra e komunës)","gjendja":"e mirë","status_mbrojtjes":"e pa përcaktuar","pershkrim_i_shkurter":"Kulla e Gockajve Në qytetin e Pejës, në lagjen Varret e Gjata, gjendet kulla trekatëshe e Shaban Gockës (sipas njësimit në popull) e cila shquhet për tipare të mirëfillta stilistiko-ndërtimore dhe arkitektoniko-funksiona...","burimi":"DTK","url_dtk":"https://dtk.rks-gov.net/Objekti?heritageId=1232","verifikuar":"po","shenime":"klasa=Monument; heritageId=1232"}},{"type":"Feature","id":"sites_arkitekturore.145","geometry":{"type":"Point","coordinates":[20.2885757,42.65939864]},"geometry_name":"geom","properties":{"id":"ARH-145","emri":"Kulla e Jashar Pashës","lloji_trashegimise":"arkitekturore","kategoria":"kulla","periudha":"moderne","periudha_detaj":"Moderne","komuna":"Pejë","rajon":"Kosovë","lat":42.6593986,"lon":20.2885757,"easting_kosovaref01":7441676.093,"northing_kosovaref01":4724655.56,"sistemi_projeksion":"EPSG:9141 (KOSOVAREF01 / Balkans zone 7)","koordinata_burimi":"OSM qendra e komunës: Pejë","saktesia_koordinates":"e përafërt (qendra e komunës)","gjendja":"e mirë","status_mbrojtjes":"e pa përcaktuar","pershkrim_i_shkurter":"Kulla e Jashar Pashës  Pejë Kulla e Jashar Pashës gjendet në Zonën e zgjeruar të Çarshisë së Pejës. Si Kullë qytetare e realizuar në gjysmën e dytë të shek. XIX ka pasur funksionin e shtëpisë së miqve. Kulla ka tri kate...","burimi":"DTK","url_dtk":"https://dtk.rks-gov.net/Objekti?heritageId=3228","verifikuar":"po","shenime":"klasa=Monument; heritageId=3228"}},{"type":"Feature","id":"sites_arkitekturore.146","geometry":{"type":"Point","coordinates":[20.2885757,42.65939864]},"geometry_name":"geom","properties":{"id":"ARH-146","emri":"Kulla e Nitajve","lloji_trashegimise":"arkitekturore","kategoria":"kulla","periudha":"moderne","periudha_detaj":"Moderne","komuna":"Pejë","rajon":"Kosovë","lat":42.6593986,"lon":20.2885757,"easting_kosovaref01":7441676.093,"northing_kosovaref01":4724655.56,"sistemi_projeksion":"EPSG:9141 (KOSOVAREF01 / Balkans zone 7)","koordinata_burimi":"OSM qendra e komunës: Pejë","saktesia_koordinates":"e përafërt (qendra e komunës)","gjendja":"e mirë","status_mbrojtjes":"e pa përcaktuar","pershkrim_i_shkurter":"Kulla e Nitajve Në Pejë në afërsi të Lagjes Jarina, përballë Mesxhidit të madh, gjendet objekti i fortifikuar ekzistencial familjar, i njohur si Kulla e Halil Kasapollit, me pronar aktual familjen Nitaj. Si pjesë e kompl...","burimi":"DTK","url_dtk":"https://dtk.rks-gov.net/Objekti?heritageId=3246","verifikuar":"po","shenime":"klasa=Monument; heritageId=3246"}},{"type":"Feature","id":"sites_arkitekturore.147","geometry":{"type":"Point","coordinates":[20.2885757,42.65939864]},"geometry_name":"geom","properties":{"id":"ARH-147","emri":"Kulla e Sylë Rexhës","lloji_trashegimise":"arkitekturore","kategoria":"kulla","periudha":"osman","periudha_detaj":"Osmane","komuna":"Pejë","rajon":"Kosovë","lat":42.6593986,"lon":20.2885757,"easting_kosovaref01":7441676.093,"northing_kosovaref01":4724655.56,"sistemi_projeksion":"EPSG:9141 (KOSOVAREF01 / Balkans zone 7)","koordinata_burimi":"OSM qendra e komunës: Pejë","saktesia_koordinates":"e përafërt (qendra e komunës)","gjendja":"e mirë","status_mbrojtjes":"e pa përcaktuar","pershkrim_i_shkurter":"Kulla e Sylërexhëve  Vranoc, Pejë Në qendër të fshatit Vranoc, i cili dikur ishte qendër e Bajrakut të Lugut të Baranit, është kulla trekatëshe(sipas njehsimit popullor) e familjes së Sylërexhëve, e ndërtuar në shek.XVI...","burimi":"DTK","url_dtk":"https://dtk.rks-gov.net/Objekti?heritageId=2561","verifikuar":"po","shenime":"klasa=Monument; heritageId=2561"}},{"type":"Feature","id":"sites_arkitekturore.148","geometry":{"type":"Point","coordinates":[20.2885757,42.65939864]},"geometry_name":"geom","properties":{"id":"ARH-148","emri":"Kulla e Ymer Vesel Rexhaj","lloji_trashegimise":"arkitekturore","kategoria":"kulla","periudha":"osman","periudha_detaj":"Osmane","komuna":"Pejë","rajon":"Kosovë","lat":42.6593986,"lon":20.2885757,"easting_kosovaref01":7441676.093,"northing_kosovaref01":4724655.56,"sistemi_projeksion":"EPSG:9141 (KOSOVAREF01 / Balkans zone 7)","koordinata_burimi":"OSM qendra e komunës: Pejë","saktesia_koordinates":"e përafërt (qendra e komunës)","gjendja":"e mirë","status_mbrojtjes":"e pa përcaktuar","pershkrim_i_shkurter":"Kulla e Ymer Veseli Rexhaj, Jabllanicë e Vogël-Pejë Në fshatin Jabllanicë e vogël e Pejës, në kuadër të një kompleksi banimi, nga mjeshtër popullor shqiptar të Podgurit, në shekullin XIX u ndërtua kulla dy katërshe (sipa...","burimi":"DTK","url_dtk":"https://dtk.rks-gov.net/Objekti?heritageId=2600","verifikuar":"po","shenime":"klasa=Monument; heritageId=2600"}},{"type":"Feature","id":"sites_arkitekturore.149","geometry":{"type":"Point","coordinates":[20.2885757,42.65939864]},"geometry_name":"geom","properties":{"id":"ARH-149","emri":"Kulla e Zenel Beut","lloji_trashegimise":"arkitekturore","kategoria":"kulla","periudha":"osman","periudha_detaj":"Osmane","komuna":"Pejë","rajon":"Kosovë","lat":42.6593986,"lon":20.2885757,"easting_kosovaref01":7441676.093,"northing_kosovaref01":4724655.56,"sistemi_projeksion":"EPSG:9141 (KOSOVAREF01 / Balkans zone 7)","koordinata_burimi":"OSM qendra e komunës: Pejë","saktesia_koordinates":"e përafërt (qendra e komunës)","gjendja":"e mirë","status_mbrojtjes":"e pa përcaktuar","pershkrim_i_shkurter":"Kulla e Zenel Beut Në pjesën qendrore të qytetit në Pejë, gjendet kulla monumentale shqiptare e Rrafshit të Dukagjinit, e njohur si Rezidenca e Begut, apo Kulla e Zenel Beut, e cila si ndërtim u realizua në vitin 1854, p...","burimi":"DTK","url_dtk":"https://dtk.rks-gov.net/Objekti?heritageId=3301","verifikuar":"po","shenime":"klasa=Monument; heritageId=3301"}},{"type":"Feature","id":"sites_arkitekturore.150","geometry":{"type":"Point","coordinates":[20.446308,42.62999404]},"geometry_name":"geom","properties":{"id":"ARH-150","emri":"Kulla shqiptare e Jashar Pashës","lloji_trashegimise":"arkitekturore","kategoria":"kulla","periudha":"moderne","periudha_detaj":"Moderne","komuna":"Pejë","rajon":"Kosovë","lat":42.629994,"lon":20.446308,"easting_kosovaref01":7454585.94,"northing_kosovaref01":4721292.694,"sistemi_projeksion":"EPSG:9141 (KOSOVAREF01 / Balkans zone 7)","koordinata_burimi":"DTK; DMS?decimal","saktesia_koordinates":"e mirë","gjendja":"e mirë","status_mbrojtjes":"e pa përcaktuar","pershkrim_i_shkurter":"Kulla e Haxhi Zekës në fshatin Leshan të Pejës është ndërtim arkitektural me vlera kulturo-historike, e ndërtuar nga rilindësi i shquar Haxhi Zeka. Ndërtimi është realizuar në gjysmën e dytë të shekullit XIX. Shërbeu për...","burimi":"DTK","url_dtk":"https://dtk.rks-gov.net/Objekti?heritageId=2051","verifikuar":"po","shenime":"klasa=Monument; heritageId=2051"}},{"type":"Feature","id":"sites_arkitekturore.151","geometry":{"type":"Point","coordinates":[20.307411,42.54545804]},"geometry_name":"geom","properties":{"id":"ARH-151","emri":"Mejtepi i fshatit Llukë e Epërme","lloji_trashegimise":"arkitekturore","kategoria":"monument","periudha":"osman","periudha_detaj":"Osmane","komuna":"Pejë","rajon":"Kosovë","lat":42.545458,"lon":20.307411,"easting_kosovaref01":7443116.692,"northing_kosovaref01":4711986.835,"sistemi_projeksion":"EPSG:9141 (KOSOVAREF01 / Balkans zone 7)","koordinata_burimi":"DTK; DMS?decimal","saktesia_koordinates":"e mirë","gjendja":"e mirë","status_mbrojtjes":"e pa përcaktuar","pershkrim_i_shkurter":"Mejtepi i Tahir Efendi Llukës, Lluka e epërme-Deçan Në qendër të fshatit Llukë e epërme gjendet Mejtepi që njihet si Mejtepi i Tahir Efendi Llukës. Objekti është ndërtuar në fund të shekullit XVIII nga mjeshtrit popullor...","burimi":"DTK","url_dtk":"https://dtk.rks-gov.net/Objekti?heritageId=5185","verifikuar":"po","shenime":"klasa=Monument; heritageId=5185"}},{"type":"Feature","id":"sites_arkitekturore.152","geometry":{"type":"Point","coordinates":[20.318475,42.73310304]},"geometry_name":"geom","properties":{"id":"ARH-152","emri":"Mulliri i Tahir Lush Bërdynaj","lloji_trashegimise":"arkitekturore","kategoria":"monument","periudha":"moderne","periudha_detaj":"Moderne","komuna":"Pejë","rajon":"Kosovë","lat":42.733103,"lon":20.318475,"easting_kosovaref01":7444193.342,"northing_kosovaref01":4732822.184,"sistemi_projeksion":"EPSG:9141 (KOSOVAREF01 / Balkans zone 7)","koordinata_burimi":"DTK; DMS?decimal","saktesia_koordinates":"e mirë","gjendja":"e mirë","status_mbrojtjes":"e pa përcaktuar","pershkrim_i_shkurter":"Mulliri i Tahir Lush Bërdynaj-Radavc,Pejë Në fshatin Radavc të Pejës, ku buron Drini i bardhë, gjendet edhe Mulliri i Tahir Lush Bërdynaj. Prania e ujit të bollshëm nga rrjedha e Drinit, dhe nevojat e banorëve për tu ush...","burimi":"DTK","url_dtk":"https://dtk.rks-gov.net/Objekti?heritageId=2681","verifikuar":"po","shenime":"klasa=Monument; heritageId=2681"}},{"type":"Feature","id":"sites_arkitekturore.153","geometry":{"type":"Point","coordinates":[20.298792,42.65965304]},"geometry_name":"geom","properties":{"id":"ARH-153","emri":"Përmendorja Mbivarrore e Halil Beut, në Kushumli Xhami","lloji_trashegimise":"arkitekturore","kategoria":"objekt_fetar","periudha":"osman","periudha_detaj":"Osmane","komuna":"Pejë","rajon":"Kosovë","lat":42.659653,"lon":20.298792,"easting_kosovaref01":7442513.883,"northing_kosovaref01":4724676.821,"sistemi_projeksion":"EPSG:9141 (KOSOVAREF01 / Balkans zone 7)","koordinata_burimi":"DTK; DMS?decimal","saktesia_koordinates":"e mirë","gjendja":"e mirë","status_mbrojtjes":"e pa përcaktuar","pershkrim_i_shkurter":"Përmendorja Mbivarrore e Halil Beut Në Pejë në lagjen e Ahmet Beut (Lagjja e Haxhi Zekës), në rrugën Emrush Myftari në njësinë kadastrale nr. 462/1, përkatësisht në perëndim të Kushumli Xhamisë gjendet monumenti memo...","burimi":"DTK","url_dtk":"https://dtk.rks-gov.net/Objekti?heritageId=3769","verifikuar":"po","shenime":"klasa=Monument; heritageId=3769"}},{"type":"Feature","id":"sites_arkitekturore.154","geometry":{"type":"Point","coordinates":[20.306086,42.73781704]},"geometry_name":"geom","properties":{"id":"ARH-154","emri":"Shpella e Radavcit","lloji_trashegimise":"arkitekturore","kategoria":"monument","periudha":"Paleolit","periudha_detaj":"Paleolit","komuna":"Pejë","rajon":"Kosovë","lat":42.737817,"lon":20.306086,"easting_kosovaref01":7443183.169,"northing_kosovaref01":4733354.065,"sistemi_projeksion":"EPSG:9141 (KOSOVAREF01 / Balkans zone 7)","koordinata_burimi":"DTK; DMS?decimal","saktesia_koordinates":"e mirë","gjendja":"e mirë","status_mbrojtjes":"e pa përcaktuar","pershkrim_i_shkurter":"Shpella gjendet afër fshatit Radac, pranë burimit të Drinit të Bardhë, rreth 11 kilometra larg qytetit të Pejës, në të majtë të rrugës Pejë-Rozhajë. Hyrja e shpellës është e orientuar nga veri-lindja me përmasa 2.80 m e ...","burimi":"DTK","url_dtk":"https://dtk.rks-gov.net/Objekti?heritageId=2735","verifikuar":"po","shenime":"klasa=Monument; heritageId=2735"}},{"type":"Feature","id":"sites_arkitekturore.155","geometry":{"type":"Point","coordinates":[20.290492,42.66246104]},"geometry_name":"geom","properties":{"id":"ARH-155","emri":"Shtëpi Banimi Pilingjurka","lloji_trashegimise":"arkitekturore","kategoria":"monument","periudha":"moderne","periudha_detaj":"Moderne","komuna":"Pejë","rajon":"Kosovë","lat":42.662461,"lon":20.290492,"easting_kosovaref01":7441836.05,"northing_kosovaref01":4724994.398,"sistemi_projeksion":"EPSG:9141 (KOSOVAREF01 / Balkans zone 7)","koordinata_burimi":"DTK; DMS?decimal","saktesia_koordinates":"e mirë","gjendja":"e mirë","status_mbrojtjes":"e pa përcaktuar","pershkrim_i_shkurter":"Shtëpia e Pilingjurkajve (Tahirbegollëve) Në afërsi të kodrës Tabie në Pejë, në lagjen Jarinë gjendet Shtëpia e vjetër qytetare, e quajtur Shtëpia e Pilingjurkajve. Ky ndërtim si objekt banimi është realizuar nga mjesh...","burimi":"DTK","url_dtk":"https://dtk.rks-gov.net/Objekti?heritageId=3697","verifikuar":"po","shenime":"klasa=Monument; heritageId=3697"}},{"type":"Feature","id":"sites_arkitekturore.156","geometry":{"type":"Point","coordinates":[20.294069,42.66240304]},"geometry_name":"geom","properties":{"id":"ARH-156","emri":"Shtëpia e Emin Musës (Ehat Musës)","lloji_trashegimise":"arkitekturore","kategoria":"monument","periudha":"moderne","periudha_detaj":"Moderne","komuna":"Pejë","rajon":"Kosovë","lat":42.662403,"lon":20.294069,"easting_kosovaref01":7442129.233,"northing_kosovaref01":4724985.501,"sistemi_projeksion":"EPSG:9141 (KOSOVAREF01 / Balkans zone 7)","koordinata_burimi":"DTK; DMS?decimal","saktesia_koordinates":"e mirë","gjendja":"e mirë","status_mbrojtjes":"e pa përcaktuar","pershkrim_i_shkurter":"Shtëpia e Emin Musës Gjendet në rrugën Halil Kasapolli nr. 9 në Pejë. Shtëpia, si nevojë elementare për strehim dhe siguri, paraqet bazën themelore të të gjitha ndërtimeve. Mund të themi se ka arritur një nivel të lart...","burimi":"DTK","url_dtk":"https://dtk.rks-gov.net/Objekti?heritageId=8658","verifikuar":"po","shenime":"klasa=Monument; heritageId=8658"}},{"type":"Feature","id":"sites_arkitekturore.157","geometry":{"type":"Point","coordinates":[20.29405,42.65762204]},"geometry_name":"geom","properties":{"id":"ARH-157","emri":"Shtëpia e Heroit të popullit Boro Vukmiroviq","lloji_trashegimise":"arkitekturore","kategoria":"monument","periudha":"moderne","periudha_detaj":"Moderne","komuna":"Pejë","rajon":"Kosovë","lat":42.657622,"lon":20.29405,"easting_kosovaref01":7442123.241,"northing_kosovaref01":4724454.461,"sistemi_projeksion":"EPSG:9141 (KOSOVAREF01 / Balkans zone 7)","koordinata_burimi":"DTK; DMS?decimal","saktesia_koordinates":"e mirë","gjendja":"e mirë","status_mbrojtjes":"e pa përcaktuar","pershkrim_i_shkurter":"Shtëpia e Heroit Boro Vukmiroviq Në qytetin e Pejës, në lagjen e Karagaqit, rruga Bukureshtë nr. 17, ishte monumenti (shtëpi), i mbrojtur me ligj që nga viti 1949 me nr. të vendimit, v.E.K.1199/49, i ashtuquajtur Sht...","burimi":"DTK","url_dtk":"https://dtk.rks-gov.net/Objekti?heritageId=3054","verifikuar":"po","shenime":"klasa=Monument; heritageId=3054"}},{"type":"Feature","id":"sites_arkitekturore.158","geometry":{"type":"Point","coordinates":[20.30100801,42.66035004]},"geometry_name":"geom","properties":{"id":"ARH-158","emri":"Shtëpia e Heroit të popullit Ramiz Sadiku","lloji_trashegimise":"arkitekturore","kategoria":"monument","periudha":"moderne","periudha_detaj":"Moderne","komuna":"Pejë","rajon":"Kosovë","lat":42.66035,"lon":20.301008,"easting_kosovaref01":7442696.195,"northing_kosovaref01":4724752.736,"sistemi_projeksion":"EPSG:9141 (KOSOVAREF01 / Balkans zone 7)","koordinata_burimi":"DTK; DMS?decimal","saktesia_koordinates":"e mirë","gjendja":"e mirë","status_mbrojtjes":"e pa përcaktuar","pershkrim_i_shkurter":"Shtëpia e Ramiz Sadikut Në qytetin e Pejës, ende ekziston një shtëpi banimi e shek. XX e familjes së Ramiz Sadikut në rrugën ish Ramiz Sadiku, tani rruga Emrush Miftari nr. 181, me karakteristika të veçanta. Tani ësh...","burimi":"DTK","url_dtk":"https://dtk.rks-gov.net/Objekti?heritageId=3700","verifikuar":"po","shenime":"klasa=Monument; heritageId=3700"}},{"type":"Feature","id":"sites_arkitekturore.159","geometry":{"type":"Point","coordinates":[20.2885757,42.65939864]},"geometry_name":"geom","properties":{"id":"ARH-159","emri":"Taftali xhamia","lloji_trashegimise":"arkitekturore","kategoria":"objekt_fetar","periudha":"osman","periudha_detaj":"Osmane","komuna":"Pejë","rajon":"Kosovë","lat":42.6593986,"lon":20.2885757,"easting_kosovaref01":7441676.093,"northing_kosovaref01":4724655.56,"sistemi_projeksion":"EPSG:9141 (KOSOVAREF01 / Balkans zone 7)","koordinata_burimi":"OSM qendra e komunës: Pejë","saktesia_koordinates":"e përafërt (qendra e komunës)","gjendja":"e mirë","status_mbrojtjes":"e pa përcaktuar","pershkrim_i_shkurter":"Tahtali Xhamia Në lagjen e quajtur Sahat Kulla të Pejës gjendet objekti sakral i besimit islam i njohur si Tahtali Xhamia që u ndërtua në vitin 1587. Xhamia mori emrin nga fjala turketaft që do të thotë dru, ngase në f...","burimi":"DTK","url_dtk":"https://dtk.rks-gov.net/Objekti?heritageId=3739","verifikuar":"po","shenime":"klasa=Monument; heritageId=3739"}},{"type":"Feature","id":"sites_arkitekturore.160","geometry":{"type":"Point","coordinates":[20.282831,42.47085804]},"geometry_name":"geom","properties":{"id":"ARH-160","emri":"Tyrbja e Dades Hatë","lloji_trashegimise":"arkitekturore","kategoria":"monument","periudha":"osman","periudha_detaj":"Osmane","komuna":"Pejë","rajon":"Kosovë","lat":42.470858,"lon":20.282831,"easting_kosovaref01":7441027.809,"northing_kosovaref01":4703717.596,"sistemi_projeksion":"EPSG:9141 (KOSOVAREF01 / Balkans zone 7)","koordinata_burimi":"DTK; DMS?decimal","saktesia_koordinates":"e mirë","gjendja":"e mirë","status_mbrojtjes":"e pa përcaktuar","pershkrim_i_shkurter":"Tyrbja e Dadës Hatë-Junik Gjatë periudhës osmane, pos xhamive, si objekte kulti, u ndërtuan edhe një numër i konsiderueshëm i tyrbeve. Mauzoleunet (monumentet mbivarrore) ngriteshin në shenjë përkujtimi ndaj personalit...","burimi":"DTK","url_dtk":"https://dtk.rks-gov.net/Objekti?heritageId=9022","verifikuar":"po","shenime":"klasa=Monument; heritageId=9022"}},{"type":"Feature","id":"sites_arkitekturore.161","geometry":{"type":"Point","coordinates":[20.294431,42.66033304]},"geometry_name":"geom","properties":{"id":"ARH-161","emri":"Varri i Ali Pashë Gusisë","lloji_trashegimise":"arkitekturore","kategoria":"monument","periudha":"moderne","periudha_detaj":"Moderne","komuna":"Pejë","rajon":"Kosovë","lat":42.660333,"lon":20.294431,"easting_kosovaref01":7442156.99,"northing_kosovaref01":4724755.327,"sistemi_projeksion":"EPSG:9141 (KOSOVAREF01 / Balkans zone 7)","koordinata_burimi":"DTK; DMS?decimal","saktesia_koordinates":"e mirë","gjendja":"e mirë","status_mbrojtjes":"e pa përcaktuar","pershkrim_i_shkurter":"Varri i Ali Pashë Gucis Në oborrin e Bajrakli Xhamisë gjendet edhe varri i Ali Pashë Gucisë. Është monument i tipit sakral. Daton që nga viti i varrosjes së Ali Pashë Gucisë, më 1885. Ka një rëndësi të veçantë për përmba...","burimi":"DTK","url_dtk":"https://dtk.rks-gov.net/Objekti?heritageId=3763","verifikuar":"po","shenime":"klasa=Monument; heritageId=3763"}},{"type":"Feature","id":"sites_arkitekturore.162","geometry":{"type":"Point","coordinates":[20.294389,42.66033304]},"geometry_name":"geom","properties":{"id":"ARH-162","emri":"Varri i Haxhi Zekës (1902)","lloji_trashegimise":"arkitekturore","kategoria":"monument","periudha":"moderne","periudha_detaj":"Moderne","komuna":"Pejë","rajon":"Kosovë","lat":42.660333,"lon":20.294389,"easting_kosovaref01":7442153.547,"northing_kosovaref01":4724755.356,"sistemi_projeksion":"EPSG:9141 (KOSOVAREF01 / Balkans zone 7)","koordinata_burimi":"DTK; DMS?decimal","saktesia_koordinates":"e mirë","gjendja":"e mirë","status_mbrojtjes":"e pa përcaktuar","pershkrim_i_shkurter":"Varri I Haxhi Zekes Në Çarshinë e Gjatë të Pejës, në oborrin e Bajrakli Xhamisë, gjenden 52 varreza, e në mesin e tyre bën pjesë edhe varri i rilindësit të shquar pejan Haxhi Zekës. Haxhi Zeka u lind më 1832,në një famil...","burimi":"DTK","url_dtk":"https://dtk.rks-gov.net/Objekti?heritageId=3772","verifikuar":"po","shenime":"klasa=Monument; heritageId=3772"}},{"type":"Feature","id":"sites_arkitekturore.163","geometry":{"type":"Point","coordinates":[20.2885757,42.65939864]},"geometry_name":"geom","properties":{"id":"ARH-163","emri":"Xhamia e Deçanit","lloji_trashegimise":"arkitekturore","kategoria":"objekt_fetar","periudha":"osman","periudha_detaj":"Osmane","komuna":"Pejë","rajon":"Kosovë","lat":42.6593986,"lon":20.2885757,"easting_kosovaref01":7441676.093,"northing_kosovaref01":4724655.56,"sistemi_projeksion":"EPSG:9141 (KOSOVAREF01 / Balkans zone 7)","koordinata_burimi":"OSM qendra e komunës: Pejë","saktesia_koordinates":"e përafërt (qendra e komunës)","gjendja":"e mirë","status_mbrojtjes":"e pa përcaktuar","pershkrim_i_shkurter":"Xhamia e Deçanit Në rrugën kryesore, në Deçanin e vjetër gjendet Xhamia e Deçanit, që si objekt sakral islam është ndërtuar në vitin 1851, dhe është ndër monumentet me arkitekturë të vjetër dhe të njohur osmane. Xhamia i...","burimi":"DTK","url_dtk":"https://dtk.rks-gov.net/Objekti?heritageId=4936","verifikuar":"po","shenime":"klasa=Monument; heritageId=4936"}},{"type":"Feature","id":"sites_arkitekturore.164","geometry":{"type":"Point","coordinates":[20.2885757,42.65939864]},"geometry_name":"geom","properties":{"id":"ARH-164","emri":"Xhamia e Xhylfahatunit","lloji_trashegimise":"arkitekturore","kategoria":"objekt_fetar","periudha":"osman","periudha_detaj":"Osmane","komuna":"Pejë","rajon":"Kosovë","lat":42.6593986,"lon":20.2885757,"easting_kosovaref01":7441676.093,"northing_kosovaref01":4724655.56,"sistemi_projeksion":"EPSG:9141 (KOSOVAREF01 / Balkans zone 7)","koordinata_burimi":"OSM qendra e komunës: Pejë","saktesia_koordinates":"e përafërt (qendra e komunës)","gjendja":"e mirë","status_mbrojtjes":"e pa përcaktuar","pershkrim_i_shkurter":"Xhamia e Gjylfatynit Xhamia e Gjylfatynit ndodhet në lagjen Karagaqi në Pejë. Si objekt sakral islam është ndërtuar në periudhën e sundimit osman. Emri i kësaj xhamie ndërlidhet me legjendën mbi një grua me emrin Gjylfat...","burimi":"DTK","url_dtk":"https://dtk.rks-gov.net/Objekti?heritageId=3787","verifikuar":"po","shenime":"klasa=Monument; heritageId=3787"}},{"type":"Feature","id":"sites_arkitekturore.165","geometry":{"type":"Point","coordinates":[21.1925286,42.90780115]},"geometry_name":"geom","properties":{"id":"ARH-165","emri":"Mulli - Pronë e fshatit","lloji_trashegimise":"arkitekturore","kategoria":"monument","periudha":"i panjohur","periudha_detaj":null,"komuna":"Podujevë","rajon":"Kosovë","lat":42.9078011,"lon":21.1925286,"easting_kosovaref01":7515720.851,"northing_kosovaref01":4752020.074,"sistemi_projeksion":"EPSG:9141 (KOSOVAREF01 / Balkans zone 7)","koordinata_burimi":"DTK; korrigjuar (Podujevë  DTK 0,614+42 / 1,035+20)","saktesia_koordinates":"e mirë","gjendja":"e mirë","status_mbrojtjes":"e pa përcaktuar","pershkrim_i_shkurter":"Mulli - Pronë e fshatit, sipas gojëdhënave që janë përcjelle ne gjenerata, daton që nga shek. XVIII- të. Është ndërtuar për bluarjen e drithërave për nevojat e fshatit dhe ende është në funksion. Objekti është i përbërë ...","burimi":"DTK","url_dtk":"https://dtk.rks-gov.net/Objekti?heritageId=9147","verifikuar":"po","shenime":"klasa=Monument; heritageId=9147"}},{"type":"Feature","id":"sites_arkitekturore.166","geometry":{"type":"Point","coordinates":[20.7446333,42.21535284]},"geometry_name":"geom","properties":{"id":"ARH-166","emri":"Mulliri i Demë Ahmetit","lloji_trashegimise":"arkitekturore","kategoria":"monument","periudha":"i panjohur","periudha_detaj":null,"komuna":"Podujevë","rajon":"Kosovë","lat":42.2153528,"lon":20.7446333,"easting_kosovaref01":7478916.263,"northing_kosovaref01":4675121.287,"sistemi_projeksion":"EPSG:9141 (KOSOVAREF01 / Balkans zone 7)","koordinata_burimi":"DTK; DMS?decimal","saktesia_koordinates":"e mirë","gjendja":"e mirë","status_mbrojtjes":"e pa përcaktuar","pershkrim_i_shkurter":"Mulliri i Demë Ahmetit gjendet në fshatin Reçicë, komuna e Podujevës. Qasja për në mulli bëhet nga rruga e vetme që të shpie deri te monumenti. Mulliri gjendet i pozicionuar në pjesën lindore të Kosovës. Ky mulli është i...","burimi":"DTK","url_dtk":"https://dtk.rks-gov.net/Objekti?heritageId=9334","verifikuar":"po","shenime":"klasa=Monument; heritageId=9334"}},{"type":"Feature","id":"sites_arkitekturore.167","geometry":{"type":"Point","coordinates":[21.1925286,42.90780115]},"geometry_name":"geom","properties":{"id":"ARH-167","emri":"Shtëpi banimi - Avdullah Avdullahu","lloji_trashegimise":"arkitekturore","kategoria":"monument","periudha":"i panjohur","periudha_detaj":null,"komuna":"Podujevë","rajon":"Kosovë","lat":42.9078011,"lon":21.1925286,"easting_kosovaref01":7515720.851,"northing_kosovaref01":4752020.074,"sistemi_projeksion":"EPSG:9141 (KOSOVAREF01 / Balkans zone 7)","koordinata_burimi":"DTK; korrigjuar (Llaushë, Podujevë)","saktesia_koordinates":"e mirë","gjendja":"e mirë","status_mbrojtjes":"e pa përcaktuar","pershkrim_i_shkurter":"Shtëpia e banimit me etazhitet P+1, e ndërtuar në fillim të shek. XX, gjendet në fshatin Llaushë e Ulët në komunën e Podujevës. Shtëpia ka planimetri me bazë katrore, ndërtuar në sistem bondruk. Kati përdhese është ndë...","burimi":"DTK","url_dtk":"https://dtk.rks-gov.net/Objekti?heritageId=9046","verifikuar":"po","shenime":"klasa=Monument; heritageId=9046"}},{"type":"Feature","id":"sites_arkitekturore.168","geometry":{"type":"Point","coordinates":[21.162178,42.66475604]},"geometry_name":"geom","properties":{"id":"ARH-168","emri":"Arkivi i Prishtinës","lloji_trashegimise":"arkitekturore","kategoria":"monument","periudha":"i panjohur","periudha_detaj":null,"komuna":"Prishtinë","rajon":"Kosovë","lat":42.664756,"lon":21.162178,"easting_kosovaref01":7513294.49,"northing_kosovaref01":4725018.009,"sistemi_projeksion":"EPSG:9141 (KOSOVAREF01 / Balkans zone 7)","koordinata_burimi":"DTK; korrigjuar (Arkivi Prishtinë)","saktesia_koordinates":"e mirë","gjendja":"e mirë","status_mbrojtjes":"e pa përcaktuar","pershkrim_i_shkurter":"Ndërtesa e Arkivit Qendror të Prishtinës (AQP-së), ish-Shkolla e Mesme Teknike, gjendet në zonën e parë të trashëgimisë kulturo-historike të qytetit të Prishtinës. Viti i saktë i ndërtimit nuk dihet, por sipas të dhënave...","burimi":"DTK","url_dtk":"https://dtk.rks-gov.net/Objekti?heritageId=8515","verifikuar":"po","shenime":"klasa=Monument; heritageId=8515"}},{"type":"Feature","id":"sites_arkitekturore.169","geometry":{"type":"Point","coordinates":[21.163058,42.66624404]},"geometry_name":"geom","properties":{"id":"ARH-169","emri":"Biblioteka \"Hivzi Sylejmani\"","lloji_trashegimise":"arkitekturore","kategoria":"monument","periudha":"i panjohur","periudha_detaj":null,"komuna":"Prishtinë","rajon":"Kosovë","lat":42.666244,"lon":21.163058,"easting_kosovaref01":7513366.309,"northing_kosovaref01":4725183.427,"sistemi_projeksion":"EPSG:9141 (KOSOVAREF01 / Balkans zone 7)","koordinata_burimi":"DTK; DMS?decimal","saktesia_koordinates":"e mirë","gjendja":"e mirë","status_mbrojtjes":"e pa përcaktuar","pershkrim_i_shkurter":"Ndërtesa e Bibliotekës së Qytetit Hivzi Sylejmani sipas mbishkrimit në fasadë daton prej vitit 1930. Funksioni fillestar ishte banimi dhe shtëpia ishte pronë e një tregtari me prejardhje hebreje Jovan Miliq nga Prishti...","burimi":"DTK","url_dtk":"https://dtk.rks-gov.net/Objekti?heritageId=8819","verifikuar":"po","shenime":"klasa=Monument; heritageId=8819"}},{"type":"Feature","id":"sites_arkitekturore.170","geometry":{"type":"Point","coordinates":[20.7446333,42.21535284]},"geometry_name":"geom","properties":{"id":"ARH-170","emri":"Biblioteka Kombëtare e Kosovës","lloji_trashegimise":"arkitekturore","kategoria":"monument","periudha":"i panjohur","periudha_detaj":null,"komuna":"Prishtinë","rajon":"Kosovë","lat":42.2153528,"lon":20.7446333,"easting_kosovaref01":7478916.263,"northing_kosovaref01":4675121.287,"sistemi_projeksion":"EPSG:9141 (KOSOVAREF01 / Balkans zone 7)","koordinata_burimi":"DTK; DMS?decimal","saktesia_koordinates":"e mirë","gjendja":"e mirë","status_mbrojtjes":"e pa përcaktuar","pershkrim_i_shkurter":"Me themelimin e Universitetit të Prishtinës në vitin 1970, si dhe me ndryshimet kushtetuese të Federatës Jugosllave të bëra në vitin 1974, Kosova merr një pozicion shumë më të favorshëm sesa e kishte më parë. Të gjitha k...","burimi":"DTK","url_dtk":"https://dtk.rks-gov.net/Objekti?heritageId=9495","verifikuar":"po","shenime":"klasa=Monument; heritageId=9495"}},{"type":"Feature","id":"sites_arkitekturore.171","geometry":{"type":"Point","coordinates":[21.165408,42.66545304]},"geometry_name":"geom","properties":{"id":"ARH-171","emri":"Çarshi Xhamia - Xhamia e Gurit","lloji_trashegimise":"arkitekturore","kategoria":"objekt_fetar","periudha":"osman","periudha_detaj":"Osmane","komuna":"Prishtinë","rajon":"Kosovë","lat":42.665453,"lon":21.165408,"easting_kosovaref01":7513559.117,"northing_kosovaref01":4725095.941,"sistemi_projeksion":"EPSG:9141 (KOSOVAREF01 / Balkans zone 7)","koordinata_burimi":"DTK; DMS?decimal","saktesia_koordinates":"e mirë","gjendja":"e mirë","status_mbrojtjes":"e pa përcaktuar","pershkrim_i_shkurter":"Xhamia e Çarshisë gjendet në kompleksin e Prishtinës së vjetër, në pjesën qendrore të qytetit në fillim të rrugës Nazim Gafuri dhe asaj Zenel Salihu, përkatësisht në anën perëndimore të objektit të Muzeut të Kosovës ...","burimi":"DTK","url_dtk":"https://dtk.rks-gov.net/Objekti?heritageId=8638","verifikuar":"po","shenime":"klasa=Ansambël; heritageId=8638"}},{"type":"Feature","id":"sites_arkitekturore.172","geometry":{"type":"Point","coordinates":[21.16445599,42.66275604]},"geometry_name":"geom","properties":{"id":"ARH-172","emri":"Cezmja - në Sheshin e Dr. \"Ibrahim Rugova\"","lloji_trashegimise":"arkitekturore","kategoria":"monument","periudha":"i panjohur","periudha_detaj":null,"komuna":"Prishtinë","rajon":"Kosovë","lat":42.662756,"lon":21.164456,"easting_kosovaref01":7513481.66,"northing_kosovaref01":4724796.219,"sistemi_projeksion":"EPSG:9141 (KOSOVAREF01 / Balkans zone 7)","koordinata_burimi":"DTK; korrigjuar (Sheshi Ibrahim Rugova)","saktesia_koordinates":"e mirë","gjendja":"e mirë","status_mbrojtjes":"e pa përcaktuar","pershkrim_i_shkurter":"Çezma ka formë drejtkëndëshi dhe është e orientuar verilindje-jugperëndim. Është e murosur me gurë të formësuar të lidhur me llaç gëlqeror të bardhë. Në pjesën jugperëndimore ngrihet govata si pjesë përbërëse e çezmës. Ç...","burimi":"DTK","url_dtk":"https://dtk.rks-gov.net/Objekti?heritageId=9447","verifikuar":"po","shenime":"klasa=Monument; heritageId=9447"}},{"type":"Feature","id":"sites_arkitekturore.173","geometry":{"type":"Point","coordinates":[21.167592,42.66694404]},"geometry_name":"geom","properties":{"id":"ARH-173","emri":"Gjimnazi \"Sami Frashëri\"","lloji_trashegimise":"arkitekturore","kategoria":"monument","periudha":"moderne","periudha_detaj":"Moderne","komuna":"Prishtinë","rajon":"Kosovë","lat":42.666944,"lon":21.167592,"easting_kosovaref01":7513737.819,"northing_kosovaref01":4725261.907,"sistemi_projeksion":"EPSG:9141 (KOSOVAREF01 / Balkans zone 7)","koordinata_burimi":"DTK; DMS?decimal","saktesia_koordinates":"e mirë","gjendja":"e mirë","status_mbrojtjes":"e pa përcaktuar","pershkrim_i_shkurter":"Gjimnazi Sami Frashëri gjendet në zonën historike të qytetit të Prishtinës, në rrugën Ibrahim Lutfiu dhe është ndërtuar në vitin 1950, që asokohe konsiderohej si një qendër moderne. Gjimnazi Sami Frashëri njihet si...","burimi":"DTK","url_dtk":"https://dtk.rks-gov.net/Objekti?heritageId=9219","verifikuar":"po","shenime":"klasa=Monument; heritageId=9219"}},{"type":"Feature","id":"sites_arkitekturore.174","geometry":{"type":"Point","coordinates":[21.166522,42.66678104]},"geometry_name":"geom","properties":{"id":"ARH-174","emri":"Hamami i Madh","lloji_trashegimise":"arkitekturore","kategoria":"objekt_urban","periudha":"osman","periudha_detaj":"Osmane","komuna":"Prishtinë","rajon":"Kosovë","lat":42.666781,"lon":21.166522,"easting_kosovaref01":7513650.145,"northing_kosovaref01":4725243.628,"sistemi_projeksion":"EPSG:9141 (KOSOVAREF01 / Balkans zone 7)","koordinata_burimi":"DTK; DMS?decimal","saktesia_koordinates":"e mirë","gjendja":"e mirë","status_mbrojtjes":"e pa përcaktuar","pershkrim_i_shkurter":"Hamami i Madh në Prishtinë është monument i rëndësishëm dhe gjendet në një ansambël po aq të rëndësishëm urban në qendër të Prishtinës. Afërsia me tri xhamitë historike, Sahat Kullën, me disa shtëpi nën mbrojtje dhe me n...","burimi":"DTK","url_dtk":"https://dtk.rks-gov.net/Objekti?heritageId=8632","verifikuar":"po","shenime":"klasa=Monument; heritageId=8632"}},{"type":"Feature","id":"sites_arkitekturore.175","geometry":{"type":"Point","coordinates":[20.7446333,42.21535284]},"geometry_name":"geom","properties":{"id":"ARH-175","emri":"Ish Hotel Unioni","lloji_trashegimise":"arkitekturore","kategoria":"monument","periudha":"i panjohur","periudha_detaj":null,"komuna":"Prishtinë","rajon":"Kosovë","lat":42.2153528,"lon":20.7446333,"easting_kosovaref01":7478916.263,"northing_kosovaref01":4675121.287,"sistemi_projeksion":"EPSG:9141 (KOSOVAREF01 / Balkans zone 7)","koordinata_burimi":"DTK; DMS?decimal","saktesia_koordinates":"e mirë","gjendja":"e mirë","status_mbrojtjes":"e pa përcaktuar","pershkrim_i_shkurter":"Ndërtesa e ish-Hotel Union, aktualisht ndërtesë e Qendrës Tregtare Benetton, është një prej shembujve të ndërtesave të shquara të stilit arkitektonik të modernizmit, në periudhën e ndikimit austro-hungarez në Prishti...","burimi":"DTK","url_dtk":"https://dtk.rks-gov.net/Objekti?heritageId=9197","verifikuar":"po","shenime":"klasa=Monument; heritageId=9197"}},{"type":"Feature","id":"sites_arkitekturore.176","geometry":{"type":"Point","coordinates":[21.1775,42.65420004]},"geometry_name":"geom","properties":{"id":"ARH-176","emri":"Ish Spitali i TBC - Ministria e Shëndetsisë","lloji_trashegimise":"arkitekturore","kategoria":"monument","periudha":"i panjohur","periudha_detaj":null,"komuna":"Prishtinë","rajon":"Kosovë","lat":42.6542,"lon":21.1775,"easting_kosovaref01":7514552.968,"northing_kosovaref01":4723848.024,"sistemi_projeksion":"EPSG:9141 (KOSOVAREF01 / Balkans zone 7)","koordinata_burimi":"DTK; korrigjuar (Spitali TBC, Arbëria)","saktesia_koordinates":"e mirë","gjendja":"e mirë","status_mbrojtjes":"e pa përcaktuar","pershkrim_i_shkurter":"Ndërtesa P+1 në të cilën vepron Ministria e Shëndetësisë është ndërtuar në shek. XX dhe gjendet në lagjen Arbëria në Prishtinë. Ndërtesa i takon arkitekturës së periudhës së modernizmit me elemente neoklasike. Karakter...","burimi":"DTK","url_dtk":"https://dtk.rks-gov.net/Objekti?heritageId=9260","verifikuar":"po","shenime":"klasa=Monument; heritageId=9260"}},{"type":"Feature","id":"sites_arkitekturore.177","geometry":{"type":"Point","coordinates":[21.1640849,42.66387714]},"geometry_name":"geom","properties":{"id":"ARH-177","emri":"Kompleks Banimi - \"Etnoteatri\"","lloji_trashegimise":"arkitekturore","kategoria":"monument_arkitekture","periudha":"i panjohur","periudha_detaj":null,"komuna":"Prishtinë","rajon":"Kosovë","lat":42.6638771,"lon":21.1640849,"easting_kosovaref01":7513450.997,"northing_kosovaref01":4724920.686,"sistemi_projeksion":"EPSG:9141 (KOSOVAREF01 / Balkans zone 7)","koordinata_burimi":"DTK; korrigjuar (Etnoteatri)","saktesia_koordinates":"e mirë","gjendja":"e mirë","status_mbrojtjes":"e pa përcaktuar","pershkrim_i_shkurter":"Ky kompleks banimi është ndërtuar në fund të shek. XIX dhe përbëhet nga këto ndërtesa: - Shtëpia e banimit P+K - Shtëpiae banimit P+0 - Plemja Ndërtesat janë të organizuara rreth një boshti gjatësor në një anë ose në anë...","burimi":"DTK","url_dtk":"https://dtk.rks-gov.net/Objekti?heritageId=9936","verifikuar":"po","shenime":"klasa=Ansambël; heritageId=9936"}},{"type":"Feature","id":"sites_arkitekturore.178","geometry":{"type":"Point","coordinates":[21.167969,42.66863304]},"geometry_name":"geom","properties":{"id":"ARH-178","emri":"Kompleks banimi \"Emin Gjiku\" - Muzeu Etnologjik","lloji_trashegimise":"arkitekturore","kategoria":"monument_arkitekture","periudha":"osman","periudha_detaj":"Osmane","komuna":"Prishtinë","rajon":"Kosovë","lat":42.668633,"lon":21.167969,"easting_kosovaref01":7513768.35,"northing_kosovaref01":4725449.574,"sistemi_projeksion":"EPSG:9141 (KOSOVAREF01 / Balkans zone 7)","koordinata_burimi":"DTK; DMS?decimal","saktesia_koordinates":"e mirë","gjendja":"e mirë","status_mbrojtjes":"e pa përcaktuar","pershkrim_i_shkurter":"Kompleksi i banimit Emin Gjiku gjendet në bërthamën e vjetër të qytetit të Prishtinës, në verilindje të përfundimit të qendrës aktuale të qytetit, afër Hamamit të Madh dhe Xhamisë së Sulltan Mehmet Fatihut. Ansambli E...","burimi":"DTK","url_dtk":"https://dtk.rks-gov.net/Objekti?heritageId=8943","verifikuar":"po","shenime":"klasa=Ansambël; heritageId=8943"}},{"type":"Feature","id":"sites_arkitekturore.179","geometry":{"type":"Point","coordinates":[21.16546901,42.66553904]},"geometry_name":"geom","properties":{"id":"ARH-179","emri":"Kompleksi i Çarshisë së vjetër në Prishtinë me Çarshi Xhaminë, Xhaminë e Jashar Pashës, Shatërvanin e Vjetër, Sahat Kullën dhe Muzeun e Kosovës","lloji_trashegimise":"arkitekturore","kategoria":"objekt_fetar","periudha":"osman","periudha_detaj":"Osmane","komuna":"Prishtinë","rajon":"Kosovë","lat":42.665539,"lon":21.165469,"easting_kosovaref01":7513564.099,"northing_kosovaref01":4725105.503,"sistemi_projeksion":"EPSG:9141 (KOSOVAREF01 / Balkans zone 7)","koordinata_burimi":"DTK; DMS?decimal","saktesia_koordinates":"e mirë","gjendja":"e mirë","status_mbrojtjes":"e pa përcaktuar","pershkrim_i_shkurter":"Ky kompleks përfshin një grup të ndërtesave urbane të ndërtuara prej shek. XIV deri në shek. XIX. Të gjitha këto ndërtesa janë të vendosura në bërthamën e zonës historike të qytetit të Prishtinës, zonë kjo ndër të vetmet...","burimi":"DTK","url_dtk":"https://dtk.rks-gov.net/Objekti?heritageId=8942","verifikuar":"po","shenime":"klasa=Ansambël; heritageId=8942"}},{"type":"Feature","id":"sites_arkitekturore.180","geometry":{"type":"Point","coordinates":[21.192761,42.59844204]},"geometry_name":"geom","properties":{"id":"ARH-180","emri":"Manastiri i Graçanicës","lloji_trashegimise":"arkitekturore","kategoria":"objekt_fetar","periudha":"mesjetar","periudha_detaj":"Mesjetë e Vonë","komuna":"Prishtinë","rajon":"Kosovë","lat":42.598442,"lon":21.192761,"easting_kosovaref01":7515818.306,"northing_kosovaref01":4717657.476,"sistemi_projeksion":"EPSG:9141 (KOSOVAREF01 / Balkans zone 7)","koordinata_burimi":"DTK; DMS?decimal","saktesia_koordinates":"e mirë","gjendja":"e mirë","status_mbrojtjes":"e pa përcaktuar","pershkrim_i_shkurter":"Manastiri i Graçanicës gjendet në bregun e majtë të lumit Graçanka, në jug të Prishtinës. Manastiri i sotëm është rikonstruktim i një kishe të shek. XIV kushtuar Virgjërës Mari, e cila kishë ishte ndërtuar në themelet e ...","burimi":"DTK","url_dtk":"https://dtk.rks-gov.net/Objekti?heritageId=9199","verifikuar":"po","shenime":"klasa=Monument; heritageId=9199"}},{"type":"Feature","id":"sites_arkitekturore.181","geometry":{"type":"Point","coordinates":[21.165833,42.66555604]},"geometry_name":"geom","properties":{"id":"ARH-181","emri":"Muzeu i Kosovës","lloji_trashegimise":"arkitekturore","kategoria":"monument","periudha":"osman","periudha_detaj":"Osmane","komuna":"Prishtinë","rajon":"Kosovë","lat":42.665556,"lon":21.165833,"easting_kosovaref01":7513593.933,"northing_kosovaref01":4725107.45,"sistemi_projeksion":"EPSG:9141 (KOSOVAREF01 / Balkans zone 7)","koordinata_burimi":"DTK; DMS?decimal","saktesia_koordinates":"e mirë","gjendja":"e mirë","status_mbrojtjes":"e pa përcaktuar","pershkrim_i_shkurter":"Ndërtesa monumentale eklektike \"Muzeu i Kosovës\" (Konaku i Jashar Pashës), gjendet në zonën e ngushtë historike të qytetit të Prishtinës në rrugën Ibrahim Lutfiu dhe është ndërtuar rreth viteve 1885/86. Objekti është n...","burimi":"DTK","url_dtk":"https://dtk.rks-gov.net/Objekti?heritageId=8815","verifikuar":"po","shenime":"klasa=Monument; heritageId=8815"}},{"type":"Feature","id":"sites_arkitekturore.182","geometry":{"type":"Point","coordinates":[21.167214,42.66665604]},"geometry_name":"geom","properties":{"id":"ARH-182","emri":"Sahat Kulla","lloji_trashegimise":"arkitekturore","kategoria":"kulla","periudha":"osman","periudha_detaj":"Osmane","komuna":"Prishtinë","rajon":"Kosovë","lat":42.666656,"lon":21.167214,"easting_kosovaref01":7513706.897,"northing_kosovaref01":4725229.856,"sistemi_projeksion":"EPSG:9141 (KOSOVAREF01 / Balkans zone 7)","koordinata_burimi":"DTK; DMS?decimal","saktesia_koordinates":"e mirë","gjendja":"e mirë","status_mbrojtjes":"e pa përcaktuar","pershkrim_i_shkurter":"Sahat Kulla gjendet në bërthamën e zonës kulturo-historike të Prishtinës. Është ndërtesë me vlera kulturore, historike dhe arkitekturore e ndërtuar në shekullin XIX. Sahat Kulla gjendet në pjesën qendrore të pjesës së vj...","burimi":"DTK","url_dtk":"https://dtk.rks-gov.net/Objekti?heritageId=8620","verifikuar":"po","shenime":"klasa=Monument; heritageId=8620"}},{"type":"Feature","id":"sites_arkitekturore.183","geometry":{"type":"Point","coordinates":[21.165511,42.66554404]},"geometry_name":"geom","properties":{"id":"ARH-183","emri":"Shatërvani i vjetër","lloji_trashegimise":"arkitekturore","kategoria":"monument","periudha":"osman","periudha_detaj":"Osmane","komuna":"Prishtinë","rajon":"Kosovë","lat":42.665544,"lon":21.165511,"easting_kosovaref01":7513567.54,"northing_kosovaref01":4725106.065,"sistemi_projeksion":"EPSG:9141 (KOSOVAREF01 / Balkans zone 7)","koordinata_burimi":"DTK; DMS?decimal","saktesia_koordinates":"e mirë","gjendja":"e mirë","status_mbrojtjes":"e pa përcaktuar","pershkrim_i_shkurter":"Shatërvani i qytetit gjendet në kompleksin e Prishtinës së vjetër, në pjesën qendrore të qytetit në fillim të rr. Nazim Gafuri dhe asaj Zenel Salihi në oborrin e Xhamisë së Çarshisë, përkatësisht në anën perëndimore ...","burimi":"DTK","url_dtk":"https://dtk.rks-gov.net/Objekti?heritageId=8820","verifikuar":"po","shenime":"klasa=Monument; heritageId=8820"}},{"type":"Feature","id":"sites_arkitekturore.184","geometry":{"type":"Point","coordinates":[21.1598,42.66350004]},"geometry_name":"geom","properties":{"id":"ARH-184","emri":"Shkolla e parë shqipe","lloji_trashegimise":"arkitekturore","kategoria":"monument","periudha":"i panjohur","periudha_detaj":null,"komuna":"Prishtinë","rajon":"Kosovë","lat":42.6635,"lon":21.1598,"easting_kosovaref01":7513099.818,"northing_kosovaref01":4724878.127,"sistemi_projeksion":"EPSG:9141 (KOSOVAREF01 / Balkans zone 7)","koordinata_burimi":"DTK; korrigjuar (Shkolla e parë shqipe)","saktesia_koordinates":"e mirë","gjendja":"e mirë","status_mbrojtjes":"e pa përcaktuar","pershkrim_i_shkurter":"Ndërtesa e shkollës së parë shqipe gjendet në pjesën perëndimore të qendrës historike të Prishtinës, në trekëndëshin që e formojnë rrugët Trepça dhe Ilir Konushevci. Ndërtesa me etazhitet P+1 është ndërtuar në gjysmë...","burimi":"DTK","url_dtk":"https://dtk.rks-gov.net/Objekti?heritageId=9050","verifikuar":"po","shenime":"klasa=Monument; heritageId=9050"}},{"type":"Feature","id":"sites_arkitekturore.185","geometry":{"type":"Point","coordinates":[21.167689,42.66550304]},"geometry_name":"geom","properties":{"id":"ARH-185","emri":"Shkolla fillore \"Elena Gjika\"","lloji_trashegimise":"arkitekturore","kategoria":"monument","periudha":"moderne","periudha_detaj":"Moderne","komuna":"Prishtinë","rajon":"Kosovë","lat":42.665503,"lon":21.167689,"easting_kosovaref01":7513746.088,"northing_kosovaref01":4725101.863,"sistemi_projeksion":"EPSG:9141 (KOSOVAREF01 / Balkans zone 7)","koordinata_burimi":"DTK; DMS?decimal","saktesia_koordinates":"e mirë","gjendja":"e mirë","status_mbrojtjes":"e pa përcaktuar","pershkrim_i_shkurter":"Ndërtesa e shkollës fillore 'Elena Gjika' gjendet në këndin që lidhë rrugën 'Zenel Salihu' dhe rrugën ish 'Emin Duraku', që shtrihen në kufijtë e zonës historike të qytetit të Prishtinës. Shkolla fillore Elena Gjika ës...","burimi":"DTK","url_dtk":"https://dtk.rks-gov.net/Objekti?heritageId=8482","verifikuar":"po","shenime":"klasa=Monument; heritageId=8482"}},{"type":"Feature","id":"sites_arkitekturore.186","geometry":{"type":"Point","coordinates":[21.166933,42.66693304]},"geometry_name":"geom","properties":{"id":"ARH-186","emri":"Shtëpi banimi - Ish Akademia e Shkencave dhe e Arteve - Kosovë","lloji_trashegimise":"arkitekturore","kategoria":"monument","periudha":"i panjohur","periudha_detaj":null,"komuna":"Prishtinë","rajon":"Kosovë","lat":42.666933,"lon":21.166933,"easting_kosovaref01":7513683.802,"northing_kosovaref01":4725260.578,"sistemi_projeksion":"EPSG:9141 (KOSOVAREF01 / Balkans zone 7)","koordinata_burimi":"DTK; DMS?decimal","saktesia_koordinates":"e mirë","gjendja":"e mirë","status_mbrojtjes":"e pa përcaktuar","pershkrim_i_shkurter":"Shtëpia daton që nga shek. XIX dhe paraqet shembull të rrallë të arkitekturës së vjetër qytetare të banimit. Të dhënat flasin se shtëpia ishte njëra prej bujtinave të shumta në Prishtinë. Ishte pronë e Tefik Rushit Miras...","burimi":"DTK","url_dtk":"https://dtk.rks-gov.net/Objekti?heritageId=8637","verifikuar":"po","shenime":"klasa=Monument; heritageId=8637"}},{"type":"Feature","id":"sites_arkitekturore.187","geometry":{"type":"Point","coordinates":[21.164403,42.66189404]},"geometry_name":"geom","properties":{"id":"ARH-187","emri":"Shtëpi banimi - Luan Rudi","lloji_trashegimise":"arkitekturore","kategoria":"monument","periudha":"osman","periudha_detaj":"Osmane","komuna":"Prishtinë","rajon":"Kosovë","lat":42.661894,"lon":21.164403,"easting_kosovaref01":7513477.502,"northing_kosovaref01":4724700.464,"sistemi_projeksion":"EPSG:9141 (KOSOVAREF01 / Balkans zone 7)","koordinata_burimi":"DTK; DMS?decimal","saktesia_koordinates":"e mirë","gjendja":"e mirë","status_mbrojtjes":"e pa përcaktuar","pershkrim_i_shkurter":"Shtëpia e Luan Rudit i përket fundit të shek. XVIII-të dhe gjendet në rrugën 'Tringë Smajli' në qendër të Prishtinës. Funksioni fillestar ishte destinim banimi, mirëpo gjatë kohës përdhesja është shndërruar në hapësirë a...","burimi":"DTK","url_dtk":"https://dtk.rks-gov.net/Objekti?heritageId=7495","verifikuar":"po","shenime":"klasa=Monument; heritageId=7495"}},{"type":"Feature","id":"sites_arkitekturore.188","geometry":{"type":"Point","coordinates":[21.3245611,42.73858894]},"geometry_name":"geom","properties":{"id":"ARH-188","emri":"Shtëpi banimi - Muhamet Hasani","lloji_trashegimise":"arkitekturore","kategoria":"monument","periudha":"i panjohur","periudha_detaj":null,"komuna":"Prishtinë","rajon":"Kosovë","lat":42.7385889,"lon":21.3245611,"easting_kosovaref01":7526574.296,"northing_kosovaref01":4733257.388,"sistemi_projeksion":"EPSG:9141 (KOSOVAREF01 / Balkans zone 7)","koordinata_burimi":"DTK; DMS?decimal","saktesia_koordinates":"e mirë","gjendja":"e mirë","status_mbrojtjes":"e pa përcaktuar","pershkrim_i_shkurter":"Në Komunën e Prishtinës, në fshatin Keqekollë, gjendet shtëpia e banimit njëkatëshe e ndërtuar në shek. XVIII, që i takon tipit të banesave me kat me qoshk qendror të mbyllur. Shtëpia është vendosur në terren të pjerrët....","burimi":"DTK","url_dtk":"https://dtk.rks-gov.net/Objekti?heritageId=9901","verifikuar":"po","shenime":"klasa=Monument; heritageId=9901"}},{"type":"Feature","id":"sites_arkitekturore.189","geometry":{"type":"Point","coordinates":[21.164403,42.66189404]},"geometry_name":"geom","properties":{"id":"ARH-189","emri":"Shtëpi banimi (IMMK)","lloji_trashegimise":"arkitekturore","kategoria":"monument","periudha":"i panjohur","periudha_detaj":null,"komuna":"Prishtinë","rajon":"Kosovë","lat":42.661894,"lon":21.164403,"easting_kosovaref01":7513477.502,"northing_kosovaref01":4724700.464,"sistemi_projeksion":"EPSG:9141 (KOSOVAREF01 / Balkans zone 7)","koordinata_burimi":"DTK; korrigjuar (IMMK Prishtinë)","saktesia_koordinates":"e mirë","gjendja":"e mirë","status_mbrojtjes":"e pa përcaktuar","pershkrim_i_shkurter":"Shtëpia ku sot është i vendosur Instituti i Mbrojtjes së Monumenteve të Kosovës daton nga gjysma e dytë e shekullit XIX. U ndërtua nga Maliq Pasha, një zotëri feudal nga Kosova, dhe sot është në mbrojtje të shtetit, si n...","burimi":"DTK","url_dtk":"https://dtk.rks-gov.net/Objekti?heritageId=8940","verifikuar":"po","shenime":"klasa=Monument; heritageId=8940"}},{"type":"Feature","id":"sites_arkitekturore.190","geometry":{"type":"Point","coordinates":[21.170858,42.66606904]},"geometry_name":"geom","properties":{"id":"ARH-190","emri":"Shtëpi banimi e Hyjnilerëve","lloji_trashegimise":"arkitekturore","kategoria":"monument","periudha":"osman","periudha_detaj":"Osmane","komuna":"Prishtinë","rajon":"Kosovë","lat":42.666069,"lon":21.170858,"easting_kosovaref01":7514005.736,"northing_kosovaref01":4725165.252,"sistemi_projeksion":"EPSG:9141 (KOSOVAREF01 / Balkans zone 7)","koordinata_burimi":"DTK; DMS?decimal","saktesia_koordinates":"e mirë","gjendja":"e mirë","status_mbrojtjes":"e pa përcaktuar","pershkrim_i_shkurter":"Shtëpia e Hyjnilerëve i përket tipit të shtëpive qytetare të ndërtuara kah fundi i shek. XVIII dhe fillimi i shek. XX. Pjesa qendrore e shtëpisë është divanhanja në të cilën arrihet prej përdheses përmes shkallëve gjysmë...","burimi":"DTK","url_dtk":"https://dtk.rks-gov.net/Objekti?heritageId=8818","verifikuar":"po","shenime":"klasa=Monument; heritageId=8818"}},{"type":"Feature","id":"sites_arkitekturore.191","geometry":{"type":"Point","coordinates":[21.164,42.66200004]},"geometry_name":"geom","properties":{"id":"ARH-191","emri":"Trafo e rrymës","lloji_trashegimise":"arkitekturore","kategoria":"monument","periudha":"i panjohur","periudha_detaj":null,"komuna":"Prishtinë","rajon":"Kosovë","lat":42.662,"lon":21.164,"easting_kosovaref01":7513444.442,"northing_kosovaref01":4724712.174,"sistemi_projeksion":"EPSG:9141 (KOSOVAREF01 / Balkans zone 7)","koordinata_burimi":"DTK; korrigjuar (Trafo qendër)","saktesia_koordinates":"e mirë","gjendja":"e mirë","status_mbrojtjes":"e pa përcaktuar","pershkrim_i_shkurter":"Trafo e rrymës e ndërtuar në shek. XX. Është ndërtesë në funksion të nënstacionit si pjesë përbërëse e sistemit të prodhimit, transmetimit dhe shpërndarjes së energjisë elektrike. Kjo trafo e rrymës gjendet në qendrën hi...","burimi":"DTK","url_dtk":"https://dtk.rks-gov.net/Objekti?heritageId=9211","verifikuar":"po","shenime":"klasa=Monument; heritageId=9211"}},{"type":"Feature","id":"sites_arkitekturore.192","geometry":{"type":"Point","coordinates":[21.166322,42.66605604]},"geometry_name":"geom","properties":{"id":"ARH-192","emri":"Xhamia e Jashar Pashës","lloji_trashegimise":"arkitekturore","kategoria":"objekt_fetar","periudha":"i panjohur","periudha_detaj":null,"komuna":"Prishtinë","rajon":"Kosovë","lat":42.666056,"lon":21.166322,"easting_kosovaref01":7513633.909,"northing_kosovaref01":4725163.066,"sistemi_projeksion":"EPSG:9141 (KOSOVAREF01 / Balkans zone 7)","koordinata_burimi":"DTK; DMS?decimal","saktesia_koordinates":"e mirë","gjendja":"e mirë","status_mbrojtjes":"e pa përcaktuar","pershkrim_i_shkurter":"Në aksin rrugor Nazim Gafurri, si pjesë integrale e ansamblit tradicional arkitekturor të Xhamisë së Çarshisë, Shatërvanit, Muzeut të Kosovës, Sahat Kullës dhe Parkut Arkeologjik, tërësi e vendosur nën mbrojtje të shte...","burimi":"DTK","url_dtk":"https://dtk.rks-gov.net/Objekti?heritageId=8633","verifikuar":"po","shenime":"klasa=Monument; heritageId=8633"}},{"type":"Feature","id":"sites_arkitekturore.193","geometry":{"type":"Point","coordinates":[21.16472,42.66917004]},"geometry_name":"geom","properties":{"id":"ARH-193","emri":"Xhamia e Llapit","lloji_trashegimise":"arkitekturore","kategoria":"objekt_fetar","periudha":"osman","periudha_detaj":"Osmane","komuna":"Prishtinë","rajon":"Kosovë","lat":42.66917,"lon":21.16472,"easting_kosovaref01":7513501.914,"northing_kosovaref01":4725508.697,"sistemi_projeksion":"EPSG:9141 (KOSOVAREF01 / Balkans zone 7)","koordinata_burimi":"DTK; korrigjuar (Xhamia e Llapit)","saktesia_koordinates":"e mirë","gjendja":"e mirë","status_mbrojtjes":"e pa përcaktuar","pershkrim_i_shkurter":"Xhamia e Llapit ndodhet në pjesën periferike veriore të qendrës së vjetër të qytetit (Çarshia e Vjetër) të Prishtinës. Historikisht, është e njohur po ashtu me emrin Xhamia e Ramadanisë dhe i përket Periudhës Osmane. Shu...","burimi":"DTK","url_dtk":"https://dtk.rks-gov.net/Objekti?heritageId=8509","verifikuar":"po","shenime":"klasa=Monument; heritageId=8509"}},{"type":"Feature","id":"sites_arkitekturore.194","geometry":{"type":"Point","coordinates":[21.166939,42.66690604]},"geometry_name":"geom","properties":{"id":"ARH-194","emri":"Xhamia e Mbretit (Xhamia e Sulltan Mehmet Fatihut II, Xhamia e Madhe)","lloji_trashegimise":"arkitekturore","kategoria":"objekt_fetar","periudha":"osman","periudha_detaj":"Osmane","komuna":"Prishtinë","rajon":"Kosovë","lat":42.666906,"lon":21.166939,"easting_kosovaref01":7513684.3,"northing_kosovaref01":4725257.58,"sistemi_projeksion":"EPSG:9141 (KOSOVAREF01 / Balkans zone 7)","koordinata_burimi":"DTK; DMS?decimal","saktesia_koordinates":"e mirë","gjendja":"e mirë","status_mbrojtjes":"e pa përcaktuar","pershkrim_i_shkurter":"Xhamia e Sulltan Mehmet Fatihut II gjendet në bërthamën e qytetit të vjetër të Prishtinës, në afërsi të Hamamit të Madh (shek. XV), Sahat Kullës (shek. XIX), ndërtesës së vjetër të Akademisë së Shkencave dhe Arteve të Ko...","burimi":"DTK","url_dtk":"https://dtk.rks-gov.net/Objekti?heritageId=8622","verifikuar":"po","shenime":"klasa=Monument; heritageId=8622"}},{"type":"Feature","id":"sites_arkitekturore.195","geometry":{"type":"Point","coordinates":[20.799736,42.25109204]},"geometry_name":"geom","properties":{"id":"ARH-195","emri":"Gërmadhat e kalasë së Korishës me kishen paleokristiane","lloji_trashegimise":"arkitekturore","kategoria":"objekt_fetar","periudha":"antikitet_i_vone","periudha_detaj":"Antikiteti i Vonë","komuna":"Prizren","rajon":"Kosovë","lat":42.251092,"lon":20.799736,"easting_kosovaref01":7483475.012,"northing_kosovaref01":4679078.57,"sistemi_projeksion":"EPSG:9141 (KOSOVAREF01 / Balkans zone 7)","koordinata_burimi":"DTK; DMS?decimal","saktesia_koordinates":"e mirë","gjendja":"e mirë","status_mbrojtjes":"e pa përcaktuar","pershkrim_i_shkurter":"Gërmimet arkeologjike të zhvilluara në vitin 2002 dhe 2004 në kodrën e kalasë së Korishës, e njohur me mikrotoponimin Gralishta, nxorën konturat dhe u dokumentua planimetria e një kishe paleokristiane të shekullit VI. Ki...","burimi":"DTK","url_dtk":"https://dtk.rks-gov.net/Objekti?heritageId=8802","verifikuar":"po","shenime":"klasa=Monument; heritageId=8802"}},{"type":"Feature","id":"sites_arkitekturore.196","geometry":{"type":"Point","coordinates":[20.74155,42.21095804]},"geometry_name":"geom","properties":{"id":"ARH-196","emri":"Hamami i Gazi Mehmed Pashës","lloji_trashegimise":"arkitekturore","kategoria":"objekt_urban","periudha":"osman","periudha_detaj":"Osmane","komuna":"Prizren","rajon":"Kosovë","lat":42.210958,"lon":20.74155,"easting_kosovaref01":7478660.218,"northing_kosovaref01":4674633.939,"sistemi_projeksion":"EPSG:9141 (KOSOVAREF01 / Balkans zone 7)","koordinata_burimi":"DTK; DMS?decimal","saktesia_koordinates":"e mirë","gjendja":"e mirë","status_mbrojtjes":"e pa përcaktuar","pershkrim_i_shkurter":"Hamami i Gazi Mehmed Pashës gjendet në qendër të qytetit pranë Xhamisë së Kukli-Mehmed Beut dhe Xhamisë së Emin Pashës. Është ndërtuar në vitin 1563-74, nga Gazi Mehmet Pasha, Sanxhakbej i Shkodrës më 1573-4. Në portën k...","burimi":"DTK","url_dtk":"https://dtk.rks-gov.net/Objekti?heritageId=1571","verifikuar":"po","shenime":"klasa=Monument; heritageId=1571"}},{"type":"Feature","id":"sites_arkitekturore.197","geometry":{"type":"Point","coordinates":[20.762011,42.20172504]},"geometry_name":"geom","properties":{"id":"ARH-197","emri":"Hidroelektrana - Muzeu i Elektroekonomisë","lloji_trashegimise":"arkitekturore","kategoria":"monument","periudha":"i panjohur","periudha_detaj":null,"komuna":"Prizren","rajon":"Kosovë","lat":42.201725,"lon":20.762011,"easting_kosovaref01":7480346.788,"northing_kosovaref01":4673603.547,"sistemi_projeksion":"EPSG:9141 (KOSOVAREF01 / Balkans zone 7)","koordinata_burimi":"DTK; DMS?decimal","saktesia_koordinates":"e mirë","gjendja":"e mirë","status_mbrojtjes":"e pa përcaktuar","pershkrim_i_shkurter":"Në ambientin piktoresk të Grykës së Lumbardhit, 2.5 km larg Prizrenit gjendet objekti i Hidro-elektranës Prizrenasja. Është ndërtuar në vitin 1926-28 me kontributin e qytetarëve dhe kredive bankare. Ndërtesa është proj...","burimi":"DTK","url_dtk":"https://dtk.rks-gov.net/Objekti?heritageId=4591","verifikuar":"po","shenime":"klasa=Monument; heritageId=4591"}},{"type":"Feature","id":"sites_arkitekturore.198","geometry":{"type":"Point","coordinates":[20.745483,42.20932204]},"geometry_name":"geom","properties":{"id":"ARH-198","emri":"Kalaja e Prizrenit","lloji_trashegimise":"arkitekturore","kategoria":"monument","periudha":"romak","periudha_detaj":"Romake","komuna":"Prizren","rajon":"Kosovë","lat":42.209322,"lon":20.745483,"easting_kosovaref01":7478984.417,"northing_kosovaref01":4674451.258,"sistemi_projeksion":"EPSG:9141 (KOSOVAREF01 / Balkans zone 7)","koordinata_burimi":"DTK; DMS?decimal","saktesia_koordinates":"e mirë","gjendja":"e mirë","status_mbrojtjes":"e pa përcaktuar","pershkrim_i_shkurter":"Kalaja e Prizrenit përmban në vete një pjesë të rëndësishme të historisë së lashtë të qytetit. Pozicioni i saj topografik, dominues mbi qytetin, peizazhi natyror mjaft tërheqës dhe konfigurimi arkitektonik i menduar mjaf...","burimi":"DTK","url_dtk":"https://dtk.rks-gov.net/Objekti?heritageId=6229","verifikuar":"po","shenime":"klasa=Monument; heritageId=6229"}},{"type":"Feature","id":"sites_arkitekturore.199","geometry":{"type":"Point","coordinates":[20.607369,42.26586404]},"geometry_name":"geom","properties":{"id":"ARH-199","emri":"Kapella e At Shtjefën Gjeqovit","lloji_trashegimise":"arkitekturore","kategoria":"monument","periudha":"moderne","periudha_detaj":"Moderne","komuna":"Prizren","rajon":"Kosovë","lat":42.265864,"lon":20.607369,"easting_kosovaref01":7467609.196,"northing_kosovaref01":4680774.481,"sistemi_projeksion":"EPSG:9141 (KOSOVAREF01 / Balkans zone 7)","koordinata_burimi":"DTK; DMS?decimal","saktesia_koordinates":"e mirë","gjendja":"e mirë","status_mbrojtjes":"e pa përcaktuar","pershkrim_i_shkurter":"At Shtjefën Gjeqovi u lind më 1874 në Janjevë. Shkollën françeskane kreu në Shkodër dhe pastaj vazhdoi në Dërven, Foniq dhe Banja Lukë. Në shumë vende ka shërbyer si kishtar françeskan. Është marrë me letërsi, etnologji,...","burimi":"DTK","url_dtk":"https://dtk.rks-gov.net/Objekti?heritageId=4477","verifikuar":"po","shenime":"klasa=Monument; heritageId=4477"}},{"type":"Feature","id":"sites_arkitekturore.200","geometry":{"type":"Point","coordinates":[20.730903,42.21410304]},"geometry_name":"geom","properties":{"id":"ARH-200","emri":"Kërëk xhamia -Namazxhah","lloji_trashegimise":"arkitekturore","kategoria":"objekt_fetar","periudha":"osman","periudha_detaj":"Osmane","komuna":"Prizren","rajon":"Kosovë","lat":42.214103,"lon":20.730903,"easting_kosovaref01":7477782.215,"northing_kosovaref01":4674985.962,"sistemi_projeksion":"EPSG:9141 (KOSOVAREF01 / Balkans zone 7)","koordinata_burimi":"DTK; DMS?decimal","saktesia_koordinates":"e mirë","gjendja":"e mirë","status_mbrojtjes":"e pa përcaktuar","pershkrim_i_shkurter":"Namazxhahu gjendet në anën veri-perëndimore të qytetit pranë rrugës magjistrale Prizren-Gjakovë. Fjala Namazxhah rrjedh nga fjala persiane që d.m.th. vend për falje-lutje. Pas rënies së Prizrenit nën sundimin e Perandori...","burimi":"DTK","url_dtk":"https://dtk.rks-gov.net/Objekti?heritageId=1292","verifikuar":"po","shenime":"klasa=Monument; heritageId=1292"}},{"type":"Feature","id":"sites_arkitekturore.201","geometry":{"type":"Point","coordinates":[20.73633391,42.21301514]},"geometry_name":"geom","properties":{"id":"ARH-201","emri":"Kisha e Nikollës së Shenjtë","lloji_trashegimise":"arkitekturore","kategoria":"objekt_fetar","periudha":"mesjetar","periudha_detaj":"Mesjetë e Vonë","komuna":"Prizren","rajon":"Kosovë","lat":42.2130151,"lon":20.7363339,"easting_kosovaref01":7478230.24,"northing_kosovaref01":4674863.732,"sistemi_projeksion":"EPSG:9141 (KOSOVAREF01 / Balkans zone 7)","koordinata_burimi":"DTK; korrigjuar (Sredskë, Prizren)","saktesia_koordinates":"e mirë","gjendja":"e mirë","status_mbrojtjes":"e pa përcaktuar","pershkrim_i_shkurter":"Në lagjen Millaçiqi, në qendër të fshatit Sredskë, pranë shkollës fillore gjendet kisha kushtuar Shën Nikollës, e ndërtuar rreth vitit 1875. Fshati Sredskë gjendet 12 km në perëndim të Prizrenit, në krahun e majtë të aks...","burimi":"DTK","url_dtk":"https://dtk.rks-gov.net/Objekti?heritageId=8793","verifikuar":"po","shenime":"klasa=Monument; heritageId=8793"}},{"type":"Feature","id":"sites_arkitekturore.202","geometry":{"type":"Point","coordinates":[20.743389,42.20992804]},"geometry_name":"geom","properties":{"id":"ARH-202","emri":"Kisha e Shën Dielës - Dëftimi i Shën Mërisë","lloji_trashegimise":"arkitekturore","kategoria":"objekt_fetar","periudha":"mesjetar","periudha_detaj":"Mesjetë e Vonë","komuna":"Prizren","rajon":"Kosovë","lat":42.209928,"lon":20.743389,"easting_kosovaref01":7478811.717,"northing_kosovaref01":4674519.082,"sistemi_projeksion":"EPSG:9141 (KOSOVAREF01 / Balkans zone 7)","koordinata_burimi":"DTK; DMS?decimal","saktesia_koordinates":"e mirë","gjendja":"e mirë","status_mbrojtjes":"e pa përcaktuar","pershkrim_i_shkurter":"Kisha e Shën Dielës ndodhet në pjesën veri-perëndimore të zonës së Nënkalasë, gjegjësisht në Zonën Historike të Prizrenit. Në vitin 1966 gjatë gjurmimeve arkeologjike janë zbuluar rrënojat e këtij objekti. Pjesërisht jan...","burimi":"DTK","url_dtk":"https://dtk.rks-gov.net/Objekti?heritageId=8764","verifikuar":"po","shenime":"klasa=Monument; heritageId=8764"}},{"type":"Feature","id":"sites_arkitekturore.203","geometry":{"type":"Point","coordinates":[20.740103,42.20817804]},"geometry_name":"geom","properties":{"id":"ARH-203","emri":"Kisha e Shën Gjergjit (Sinodale)","lloji_trashegimise":"arkitekturore","kategoria":"objekt_fetar","periudha":"mesjetar","periudha_detaj":"Mesjetë e Vonë","komuna":"Prizren","rajon":"Kosovë","lat":42.208178,"lon":20.740103,"easting_kosovaref01":7478539.801,"northing_kosovaref01":4674325.538,"sistemi_projeksion":"EPSG:9141 (KOSOVAREF01 / Balkans zone 7)","koordinata_burimi":"DTK; DMS?decimal","saktesia_koordinates":"e mirë","gjendja":"e mirë","status_mbrojtjes":"e pa përcaktuar","pershkrim_i_shkurter":"Kisha e Shën Gjergjit (Sinodale) gjendet në pjesën e vjetër të qytetit, në lagjen Qafë-pazari përballë kishës së Shën Gjergj-Runoviqit. Objekti është ndërtuar në vitin 1887, kurse më vonë në vitin 1903 është ndërtuar këm...","burimi":"DTK","url_dtk":"https://dtk.rks-gov.net/Objekti?heritageId=9246","verifikuar":"po","shenime":"klasa=Monument; heritageId=9246"}},{"type":"Feature","id":"sites_arkitekturore.204","geometry":{"type":"Point","coordinates":[20.73633391,42.21301514]},"geometry_name":"geom","properties":{"id":"ARH-204","emri":"Kisha e Shën Gjergjit në Sreckë","lloji_trashegimise":"arkitekturore","kategoria":"objekt_fetar","periudha":"mesjetar","periudha_detaj":"Mesjetë e Vonë","komuna":"Prizren","rajon":"Kosovë","lat":42.2130151,"lon":20.7363339,"easting_kosovaref01":7478230.24,"northing_kosovaref01":4674863.732,"sistemi_projeksion":"EPSG:9141 (KOSOVAREF01 / Balkans zone 7)","koordinata_burimi":"DTK; korrigjuar (Sreckë)","saktesia_koordinates":"e mirë","gjendja":"e mirë","status_mbrojtjes":"e pa përcaktuar","pershkrim_i_shkurter":"Kisha pronësore e Shën Gjergjit gjendet në lagjen Millaqiki të fshatit Sreckë. Është objekt njëanijatësh me absidë gjysmë-harkore me dimensione të vogla. Muret janë të ndërtuara me gurë lumi të suvatosur me llaq balte dh...","burimi":"DTK","url_dtk":"https://dtk.rks-gov.net/Objekti?heritageId=8808","verifikuar":"po","shenime":"klasa=Monument; heritageId=8808"}},{"type":"Feature","id":"sites_arkitekturore.205","geometry":{"type":"Point","coordinates":[20.740044,42.20811104]},"geometry_name":"geom","properties":{"id":"ARH-205","emri":"Kisha e Shën Gjorgje Runoviqit","lloji_trashegimise":"arkitekturore","kategoria":"objekt_fetar","periudha":"mesjetar","periudha_detaj":"Mesjetë e Vonë","komuna":"Prizren","rajon":"Kosovë","lat":42.208111,"lon":20.740044,"easting_kosovaref01":7478534.906,"northing_kosovaref01":4674318.111,"sistemi_projeksion":"EPSG:9141 (KOSOVAREF01 / Balkans zone 7)","koordinata_burimi":"DTK; DMS?decimal","saktesia_koordinates":"e mirë","gjendja":"e mirë","status_mbrojtjes":"e pa përcaktuar","pershkrim_i_shkurter":"Kisha e Shën Gjergjit - Runoviqit gjendet në Zonën Historike të Prizrenit, në sheshin Shadërvan respektivisht në oborrin e Kishës Sinodale të Shën Gjergjit. Objekti është ndërtuar në fund të shek XV-të fillim të shek. XV...","burimi":"DTK","url_dtk":"https://dtk.rks-gov.net/Objekti?heritageId=8755","verifikuar":"po","shenime":"klasa=Monument; heritageId=8755"}},{"type":"Feature","id":"sites_arkitekturore.206","geometry":{"type":"Point","coordinates":[20.73939699,42.20828604]},"geometry_name":"geom","properties":{"id":"ARH-206","emri":"Kisha e Shën Nikollës - Tutiqëve","lloji_trashegimise":"arkitekturore","kategoria":"objekt_fetar","periudha":"mesjetar","periudha_detaj":"Mesjetë e Vonë","komuna":"Prizren","rajon":"Kosovë","lat":42.208286,"lon":20.739397,"easting_kosovaref01":7478481.541,"northing_kosovaref01":4674337.711,"sistemi_projeksion":"EPSG:9141 (KOSOVAREF01 / Balkans zone 7)","koordinata_burimi":"DTK; DMS?decimal","saktesia_koordinates":"e mirë","gjendja":"e mirë","status_mbrojtjes":"e pa përcaktuar","pershkrim_i_shkurter":"Kisha e Shën Nikollës Tutiqëve ndodhet në bërthamën e Zonës Historike të Prizrenit , në zonën e ashtuquajtur Papas Çarshi. Është ndërtuar në vitin 1331\\32 nga ana e Dragosllav Tutiqit ( murg Nikolla) dhe gruas së tij Be...","burimi":"DTK","url_dtk":"https://dtk.rks-gov.net/Objekti?heritageId=8754","verifikuar":"po","shenime":"klasa=Monument; heritageId=8754"}},{"type":"Feature","id":"sites_arkitekturore.207","geometry":{"type":"Point","coordinates":[21.4558556,42.28797784]},"geometry_name":"geom","properties":{"id":"ARH-207","emri":"Kisha e Shën Nikollës në Bogoshevcë","lloji_trashegimise":"arkitekturore","kategoria":"objekt_fetar","periudha":"mesjetar","periudha_detaj":"Mesjetë e Vonë","komuna":"Prizren","rajon":"Kosovë","lat":42.2879778,"lon":21.4558556,"easting_kosovaref01":7537593.495,"northing_kosovaref01":4683256.59,"sistemi_projeksion":"EPSG:9141 (KOSOVAREF01 / Balkans zone 7)","koordinata_burimi":"DTK; DMS?decimal","saktesia_koordinates":"e mirë","gjendja":"e mirë","status_mbrojtjes":"e pa përcaktuar","pershkrim_i_shkurter":"Kisha e Shën Nikollës gjendet në varrezat e fshatit Bogoshevcë. Është e ndërtuar gjatë shek. XVI nga ana e banorëve të fshatti. Kisha është një anijatëshe, ka planimetri drejtkëndëshe, me absidën trefaqëshe në pjesën lin...","burimi":"DTK","url_dtk":"https://dtk.rks-gov.net/Objekti?heritageId=8806","verifikuar":"po","shenime":"klasa=Monument; heritageId=8806"}},{"type":"Feature","id":"sites_arkitekturore.208","geometry":{"type":"Point","coordinates":[20.73633391,42.21301514]},"geometry_name":"geom","properties":{"id":"ARH-208","emri":"Kisha e Shën Nikollës në Drajqiq","lloji_trashegimise":"arkitekturore","kategoria":"objekt_fetar","periudha":"i panjohur","periudha_detaj":null,"komuna":"Prizren","rajon":"Kosovë","lat":42.2130151,"lon":20.7363339,"easting_kosovaref01":7478230.24,"northing_kosovaref01":4674863.732,"sistemi_projeksion":"EPSG:9141 (KOSOVAREF01 / Balkans zone 7)","koordinata_burimi":"DTK; korrigjuar (Drajqiq)","saktesia_koordinates":"e mirë","gjendja":"e mirë","status_mbrojtjes":"e pa përcaktuar","pershkrim_i_shkurter":"Kisha e Shën Nikollës gjendet në fshatin Drajqiq të Prizrenit. Kjo paraqet një ndërtesë të vogël, të ndërtuar në fund të shek. XVI. Baza e objektit është drejtkëndëshe e ndërtuar me gurë. Gjysma e kishës nga jashtë është...","burimi":"DTK","url_dtk":"https://dtk.rks-gov.net/Objekti?heritageId=8809","verifikuar":"po","shenime":"klasa=Monument; heritageId=8809"}},{"type":"Feature","id":"sites_arkitekturore.209","geometry":{"type":"Point","coordinates":[20.73633391,42.21301514]},"geometry_name":"geom","properties":{"id":"ARH-209","emri":"Kisha e Shën Nikollës në Mushnikovë","lloji_trashegimise":"arkitekturore","kategoria":"objekt_fetar","periudha":"mesjetar","periudha_detaj":"Mesjetë e Vonë","komuna":"Prizren","rajon":"Kosovë","lat":42.2130151,"lon":20.7363339,"easting_kosovaref01":7478230.24,"northing_kosovaref01":4674863.732,"sistemi_projeksion":"EPSG:9141 (KOSOVAREF01 / Balkans zone 7)","koordinata_burimi":"DTK; korrigjuar (Mushnikovë)","saktesia_koordinates":"e mirë","gjendja":"e mirë","status_mbrojtjes":"e pa përcaktuar","pershkrim_i_shkurter":"Kisha e Shën Nikollës gjendet në perëndim të fshatit Mushnikovë, 15.8 km larg Prizrenit. Është kishë një anijatëshe, me planimetri drejtkëndëshe me absidën trefaqëshe në pjesën lindore. Në bazë të tipologjisë së afreskev...","burimi":"DTK","url_dtk":"https://dtk.rks-gov.net/Objekti?heritageId=8810","verifikuar":"po","shenime":"klasa=Monument; heritageId=8810"}},{"type":"Feature","id":"sites_arkitekturore.210","geometry":{"type":"Point","coordinates":[20.73586899,42.21155804]},"geometry_name":"geom","properties":{"id":"ARH-210","emri":"Kisha e Shën Premtës (Kisha e Levishës)","lloji_trashegimise":"arkitekturore","kategoria":"objekt_fetar","periudha":"mesjetar","periudha_detaj":"Mesjetë e Vonë","komuna":"Prizren","rajon":"Kosovë","lat":42.211558,"lon":20.735869,"easting_kosovaref01":7478191.353,"northing_kosovaref01":4674702.016,"sistemi_projeksion":"EPSG:9141 (KOSOVAREF01 / Balkans zone 7)","koordinata_burimi":"DTK; DMS?decimal","saktesia_koordinates":"e mirë","gjendja":"e mirë","status_mbrojtjes":"e pa përcaktuar","pershkrim_i_shkurter":"Kisha e Shën Premtes, e cila gjendet në Zonën Historike të Prizrenit, u rindërtua me urdhërin e mbretit Millutin, më 1306/7. Punët meremetuese u udhëhoqën nga mjeshtrit e njohur të asaj kohe, Nikolla dhe Astrapa, të cilë...","burimi":"DTK","url_dtk":"https://dtk.rks-gov.net/Objekti?heritageId=6250","verifikuar":"po","shenime":"klasa=Monument; heritageId=6250"}},{"type":"Feature","id":"sites_arkitekturore.211","geometry":{"type":"Point","coordinates":[20.73633391,42.21301514]},"geometry_name":"geom","properties":{"id":"ARH-211","emri":"Kisha e Shën Premtës në Mushnikovë","lloji_trashegimise":"arkitekturore","kategoria":"objekt_fetar","periudha":"mesjetar","periudha_detaj":"Mesjetë e Vonë","komuna":"Prizren","rajon":"Kosovë","lat":42.2130151,"lon":20.7363339,"easting_kosovaref01":7478230.24,"northing_kosovaref01":4674863.732,"sistemi_projeksion":"EPSG:9141 (KOSOVAREF01 / Balkans zone 7)","koordinata_burimi":"DTK; korrigjuar (Mushnikovë)","saktesia_koordinates":"e mirë","gjendja":"e mirë","status_mbrojtjes":"e pa përcaktuar","pershkrim_i_shkurter":"Në fshatin Mushnikovë të Prizrenit gjendet Kisha e Shën Premtes. Kjo kishë është një objekt njëaniatësh me dimensione të vogla, me absidë pak të nxjerrë jashtë. Konstruksioni i brendshëm përbëhet nga qemerët gjysmërretho...","burimi":"DTK","url_dtk":"https://dtk.rks-gov.net/Objekti?heritageId=8807","verifikuar":"po","shenime":"klasa=Monument; heritageId=8807"}},{"type":"Feature","id":"sites_arkitekturore.212","geometry":{"type":"Point","coordinates":[20.74326101,42.20808104]},"geometry_name":"geom","properties":{"id":"ARH-212","emri":"Kisha e Shën Spasit","lloji_trashegimise":"arkitekturore","kategoria":"objekt_fetar","periudha":"mesjetar","periudha_detaj":"Mesjetë e Vonë","komuna":"Prizren","rajon":"Kosovë","lat":42.208081,"lon":20.743261,"easting_kosovaref01":7478800.531,"northing_kosovaref01":4674313.975,"sistemi_projeksion":"EPSG:9141 (KOSOVAREF01 / Balkans zone 7)","koordinata_burimi":"DTK; DMS?decimal","saktesia_koordinates":"e mirë","gjendja":"e mirë","status_mbrojtjes":"e pa përcaktuar","pershkrim_i_shkurter":"Kisha e Shën Spasit ndodhet në Zonën Historike të qytetit, respektivisht në pjesën juglindore të Nënkalasë. Në bazë të një burimi shkrimor(Hrisobulla e Dushanittë vitit 1348) ku ndër të tjerash përmendet edhe kjo kishë s...","burimi":"DTK","url_dtk":"https://dtk.rks-gov.net/Objekti?heritageId=8711","verifikuar":"po","shenime":"klasa=Monument; heritageId=8711"}},{"type":"Feature","id":"sites_arkitekturore.213","geometry":{"type":"Point","coordinates":[20.73633391,42.21301514]},"geometry_name":"geom","properties":{"id":"ARH-213","emri":"Kompleksi i Karabashit","lloji_trashegimise":"arkitekturore","kategoria":"monument","periudha":"osman","periudha_detaj":"Osmane","komuna":"Prizren","rajon":"Kosovë","lat":42.2130151,"lon":20.7363339,"easting_kosovaref01":7478230.24,"northing_kosovaref01":4674863.732,"sistemi_projeksion":"EPSG:9141 (KOSOVAREF01 / Balkans zone 7)","koordinata_burimi":"OSM qendra e komunës: Prizren","saktesia_koordinates":"e përafërt (qendra e komunës)","gjendja":"e mirë","status_mbrojtjes":"e pa përcaktuar","pershkrim_i_shkurter":"Kompleksi i Karabashit gjendet në pjesën jugperëndimore të Prizrenit, në anën e majtë të lumit Lumbardhi. Ky kompleks ka rëndësi të madhe historike, shpirtërore dhe arkitektonike pasi që paraqet varrezat më të vjetra të ...","burimi":"DTK","url_dtk":"https://dtk.rks-gov.net/Objekti?heritageId=1505","verifikuar":"po","shenime":"klasa=Monument; heritageId=1505"}},{"type":"Feature","id":"sites_arkitekturore.214","geometry":{"type":"Point","coordinates":[20.744825,42.21185304]},"geometry_name":"geom","properties":{"id":"ARH-214","emri":"Kompleksi i Mahallës së Marashit","lloji_trashegimise":"arkitekturore","kategoria":"monument_arkitekture","periudha":"osman","periudha_detaj":"Osmane","komuna":"Prizren","rajon":"Kosovë","lat":42.211853,"lon":20.744825,"easting_kosovaref01":7478930.927,"northing_kosovaref01":4674732.529,"sistemi_projeksion":"EPSG:9141 (KOSOVAREF01 / Balkans zone 7)","koordinata_burimi":"DTK; DMS?decimal","saktesia_koordinates":"e mirë","gjendja":"e mirë","status_mbrojtjes":"e pa përcaktuar","pershkrim_i_shkurter":"Në anën e majtë të Lumbardhit, rrëzë Kalasë, në pjesën lindore të Prizrenit, gjendet Kompleksi urban Marash. Në gjuhën arabe Marash d.m.th. vend freskimi. Ky kompleks është i pasur me burimet nëntokësore të ujërave, ...","burimi":"DTK","url_dtk":"https://dtk.rks-gov.net/Objekti?heritageId=8766","verifikuar":"po","shenime":"klasa=Tërësi; heritageId=8766"}},{"type":"Feature","id":"sites_arkitekturore.215","geometry":{"type":"Point","coordinates":[20.73633391,42.21301514]},"geometry_name":"geom","properties":{"id":"ARH-215","emri":"Kompleksi i Teqesë Sinani","lloji_trashegimise":"arkitekturore","kategoria":"objekt_fetar","periudha":"osman","periudha_detaj":"Osmane","komuna":"Prizren","rajon":"Kosovë","lat":42.2130151,"lon":20.7363339,"easting_kosovaref01":7478230.24,"northing_kosovaref01":4674863.732,"sistemi_projeksion":"EPSG:9141 (KOSOVAREF01 / Balkans zone 7)","koordinata_burimi":"OSM qendra e komunës: Prizren","saktesia_koordinates":"e përafërt (qendra e komunës)","gjendja":"e mirë","status_mbrojtjes":"e pa përcaktuar","pershkrim_i_shkurter":"Kompleksi i Teqesë Sinani gjendet në pjesën jugperëndimore të Prizrenit, në lagjen e Terzinjve. Teqeja e tarikatit Sinani është themeluar nga sheh Ali Efendi Rexhep Koro në vitin 1768, ndërsa pasuesit e tij ishin Sheh ...","burimi":"DTK","url_dtk":"https://dtk.rks-gov.net/Objekti?heritageId=1508","verifikuar":"po","shenime":"klasa=Monument; heritageId=1508"}},{"type":"Feature","id":"sites_arkitekturore.216","geometry":{"type":"Point","coordinates":[20.743578,42.21155304]},"geometry_name":"geom","properties":{"id":"ARH-216","emri":"Kompleksi Monumental i Lidhjes Shqiptare të Prizrenit","lloji_trashegimise":"arkitekturore","kategoria":"monument","periudha":"osman","periudha_detaj":"Osmane","komuna":"Prizren","rajon":"Kosovë","lat":42.211553,"lon":20.743578,"easting_kosovaref01":7478827.865,"northing_kosovaref01":4674699.518,"sistemi_projeksion":"EPSG:9141 (KOSOVAREF01 / Balkans zone 7)","koordinata_burimi":"DTK; DMS?decimal","saktesia_koordinates":"e mirë","gjendja":"e mirë","status_mbrojtjes":"e pa përcaktuar","pershkrim_i_shkurter":"Kompleksi i Lidhjes Shqiptare të Prizrenit, si tërësi urbane-arkitektonike në aspektin hapësinor është vendosur në bërthamën e vjetër të qytetit dhe ka vlerë të veçantë kulturo-historike, shoqërore dhe ambientale. Ky kom...","burimi":"DTK","url_dtk":"https://dtk.rks-gov.net/Objekti?heritageId=1664","verifikuar":"po","shenime":"klasa=Tërësi; heritageId=1664"}},{"type":"Feature","id":"sites_arkitekturore.217","geometry":{"type":"Point","coordinates":[20.73633391,42.21301514]},"geometry_name":"geom","properties":{"id":"ARH-217","emri":"Kroi i  Binbashit","lloji_trashegimise":"arkitekturore","kategoria":"monument","periudha":"osman","periudha_detaj":"Osmane","komuna":"Prizren","rajon":"Kosovë","lat":42.2130151,"lon":20.7363339,"easting_kosovaref01":7478230.24,"northing_kosovaref01":4674863.732,"sistemi_projeksion":"EPSG:9141 (KOSOVAREF01 / Balkans zone 7)","koordinata_burimi":"OSM qendra e komunës: Prizren","saktesia_koordinates":"e përafërt (qendra e komunës)","gjendja":"e mirë","status_mbrojtjes":"e pa përcaktuar","pershkrim_i_shkurter":"Kroi Binbashi gjendet në perëndim të zonës historike të Prizrenit, pranë Xhamisë IljazKuka dhe ndërtesës së Beledijes. Për kohën e ndërtimit dhe ndërtuesin e tij nuk posedojmë informata të sakta. Informatat që paraqite...","burimi":"DTK","url_dtk":"https://dtk.rks-gov.net/Objekti?heritageId=1541","verifikuar":"po","shenime":"klasa=Monument; heritageId=1541"}},{"type":"Feature","id":"sites_arkitekturore.218","geometry":{"type":"Point","coordinates":[20.742378,42.21019204]},"geometry_name":"geom","properties":{"id":"ARH-218","emri":"Kroi i Beledijës në Sheshin e Lidhjes","lloji_trashegimise":"arkitekturore","kategoria":"monument","periudha":"osman","periudha_detaj":"Osmane","komuna":"Prizren","rajon":"Kosovë","lat":42.210192,"lon":20.742378,"easting_kosovaref01":7478728.328,"northing_kosovaref01":4674548.655,"sistemi_projeksion":"EPSG:9141 (KOSOVAREF01 / Balkans zone 7)","koordinata_burimi":"DTK; DMS?decimal","saktesia_koordinates":"e mirë","gjendja":"e mirë","status_mbrojtjes":"e pa përcaktuar","pershkrim_i_shkurter":"Prizreni është i njohur për numrin e konsiderueshëm të krojeve publike. Një ndër krojet më me famë në qytet është edhe Kroi i BELEDIJES. Emrin e ka marr nga vetë objekti i Kuvendit Komunal të Prizrenit, që u ndërtua gjat...","burimi":"DTK","url_dtk":"https://dtk.rks-gov.net/Objekti?heritageId=1538","verifikuar":"po","shenime":"klasa=Monument; heritageId=1538"}},{"type":"Feature","id":"sites_arkitekturore.219","geometry":{"type":"Point","coordinates":[20.7363889,42.21250004]},"geometry_name":"geom","properties":{"id":"ARH-219","emri":"Kroi i Destan Kabashit","lloji_trashegimise":"arkitekturore","kategoria":"monument","periudha":"osman","periudha_detaj":"Osmane","komuna":"Prizren","rajon":"Kosovë","lat":42.2125,"lon":20.7363889,"easting_kosovaref01":7478234.604,"northing_kosovaref01":4674806.508,"sistemi_projeksion":"EPSG:9141 (KOSOVAREF01 / Balkans zone 7)","koordinata_burimi":"DTK; korrigjuar (DMS DTK)","saktesia_koordinates":"e mirë","gjendja":"e mirë","status_mbrojtjes":"e pa përcaktuar","pershkrim_i_shkurter":"Kroi i Destan Kabashit gjendet në oborrin e shtëpisë së tij, në veri të zonës historike të Prizrenit. Në bazë të fletës poseduese origjinale, kroi është ndërtuar në vitin 1898, në të njëjtin vit kur është ndërtuar edhe s...","burimi":"DTK","url_dtk":"https://dtk.rks-gov.net/Objekti?heritageId=8779","verifikuar":"po","shenime":"klasa=Monument; heritageId=8779"}},{"type":"Feature","id":"sites_arkitekturore.220","geometry":{"type":"Point","coordinates":[20.73691939,42.21128064]},"geometry_name":"geom","properties":{"id":"ARH-220","emri":"Kroi i Esma Hanëmit në oborrin e Muzeut Arkeologjik","lloji_trashegimise":"arkitekturore","kategoria":"monument","periudha":"osman","periudha_detaj":"Osmane","komuna":"Prizren","rajon":"Kosovë","lat":42.2112806,"lon":20.7369194,"easting_kosovaref01":7478277.987,"northing_kosovaref01":4674670.938,"sistemi_projeksion":"EPSG:9141 (KOSOVAREF01 / Balkans zone 7)","koordinata_burimi":"DTK; korrigjuar (DMS DTK)","saktesia_koordinates":"e mirë","gjendja":"e mirë","status_mbrojtjes":"e pa përcaktuar","pershkrim_i_shkurter":"Kroi i gurit gjendet në oborrin e Muzeut Arkeologjik të Prizrenit. Vendndodhja e tanishme e tij nuk është ajo e kohës së ndërtimit. Në vitin 1975 kroi është zhvendosur nga rruga Fehmi Lladrovci (ish Çlirimi i Popullit...","burimi":"DTK","url_dtk":"https://dtk.rks-gov.net/Objekti?heritageId=8778","verifikuar":"po","shenime":"klasa=Monument; heritageId=8778"}},{"type":"Feature","id":"sites_arkitekturore.221","geometry":{"type":"Point","coordinates":[20.73633391,42.21301514]},"geometry_name":"geom","properties":{"id":"ARH-221","emri":"Kroi i Perollëve","lloji_trashegimise":"arkitekturore","kategoria":"monument","periudha":"osman","periudha_detaj":"Osmane","komuna":"Prizren","rajon":"Kosovë","lat":42.2130151,"lon":20.7363339,"easting_kosovaref01":7478230.24,"northing_kosovaref01":4674863.732,"sistemi_projeksion":"EPSG:9141 (KOSOVAREF01 / Balkans zone 7)","koordinata_burimi":"OSM qendra e komunës: Prizren","saktesia_koordinates":"e përafërt (qendra e komunës)","gjendja":"e mirë","status_mbrojtjes":"e pa përcaktuar","pershkrim_i_shkurter":"Kroi i familjes Perolli gjendet në oborr të shtëpisë, në veri të zonës historike të Prizrenit. Në bazë të mbishkrimit të gdhendur në gurin ballor është ndërtuar në vitin 1846, nga Fejzullah Spahiu, i biri i Shuaip Pashë ...","burimi":"DTK","url_dtk":"https://dtk.rks-gov.net/Objekti?heritageId=9992","verifikuar":"po","shenime":"klasa=Monument; heritageId=9992"}},{"type":"Feature","id":"sites_arkitekturore.222","geometry":{"type":"Point","coordinates":[20.7377778,42.21083334]},"geometry_name":"geom","properties":{"id":"ARH-222","emri":"Kroi i Qor Agës","lloji_trashegimise":"arkitekturore","kategoria":"monument","periudha":"osman","periudha_detaj":"Osmane","komuna":"Prizren","rajon":"Kosovë","lat":42.2108333,"lon":20.7377778,"easting_kosovaref01":7478348.711,"northing_kosovaref01":4674621.04,"sistemi_projeksion":"EPSG:9141 (KOSOVAREF01 / Balkans zone 7)","koordinata_burimi":"DTK; korrigjuar (DMS DTK)","saktesia_koordinates":"e mirë","gjendja":"e mirë","status_mbrojtjes":"e pa përcaktuar","pershkrim_i_shkurter":"Kroi i Qor Agës gjendet në zonën historike të Prizrenit, në kuadër të kompleksit të Xhamisë së Haxhi Ramadanit (Qor Agës). Periudha e ndërtimit dhe ndërtuesi nuk janë të njohura deri më tani. Pasi që është i mbështetur n...","burimi":"DTK","url_dtk":"https://dtk.rks-gov.net/Objekti?heritageId=9487","verifikuar":"po","shenime":"klasa=Monument; heritageId=9487"}},{"type":"Feature","id":"sites_arkitekturore.223","geometry":{"type":"Point","coordinates":[20.740594,42.20986404]},"geometry_name":"geom","properties":{"id":"ARH-223","emri":"Kroi i Shatërvanit","lloji_trashegimise":"arkitekturore","kategoria":"monument","periudha":"osman","periudha_detaj":"Osmane","komuna":"Prizren","rajon":"Kosovë","lat":42.209864,"lon":20.740594,"easting_kosovaref01":7478580.913,"northing_kosovaref01":4674512.672,"sistemi_projeksion":"EPSG:9141 (KOSOVAREF01 / Balkans zone 7)","koordinata_burimi":"DTK; DMS?decimal","saktesia_koordinates":"e mirë","gjendja":"e mirë","status_mbrojtjes":"e pa përcaktuar","pershkrim_i_shkurter":"Në Zonën Historike të Prizrenit, në afërsi të Xhamisë së Sinan Pashës gjendet kroi i Shatërvanit. Supozohet se është ndërtuar në shek. XVII (pas ndërtimit të xhamisë së Sinan Pashës ). Baza e kroit është në formë katro...","burimi":"DTK","url_dtk":"https://dtk.rks-gov.net/Objekti?heritageId=1544","verifikuar":"po","shenime":"klasa=Monument; heritageId=1544"}},{"type":"Feature","id":"sites_arkitekturore.224","geometry":{"type":"Point","coordinates":[20.736667,42.21129704]},"geometry_name":"geom","properties":{"id":"ARH-224","emri":"Kulla e Sahatit - Muzeu Arkeologjik","lloji_trashegimise":"arkitekturore","kategoria":"kulla","periudha":"osman","periudha_detaj":"Osmane","komuna":"Prizren","rajon":"Kosovë","lat":42.211297,"lon":20.736667,"easting_kosovaref01":7478257.153,"northing_kosovaref01":4674672.824,"sistemi_projeksion":"EPSG:9141 (KOSOVAREF01 / Balkans zone 7)","koordinata_burimi":"DTK; DMS?decimal","saktesia_koordinates":"e mirë","gjendja":"e mirë","status_mbrojtjes":"e pa përcaktuar","pershkrim_i_shkurter":"Muzeu Arkeologjik është vendosur në hapësirat e hamamit, të ndërtuar në fundin e shekullit XV, respektivisht në vitin 1498. Ndërtuesi i këtij hamami supozohet të jetë Shemsudin Ahmed Beu. Në mungesë të burimeve të shkrua...","burimi":"DTK","url_dtk":"https://dtk.rks-gov.net/Objekti?heritageId=1574","verifikuar":"po","shenime":"klasa=Monument; heritageId=1574"}},{"type":"Feature","id":"sites_arkitekturore.225","geometry":{"type":"Point","coordinates":[20.72763301,42.33106904]},"geometry_name":"geom","properties":{"id":"ARH-225","emri":"Kulla e Sahatit e Mahmud Pashës","lloji_trashegimise":"arkitekturore","kategoria":"kulla","periudha":"osman","periudha_detaj":"Osmane","komuna":"Prizren","rajon":"Kosovë","lat":42.331069,"lon":20.727633,"easting_kosovaref01":7477553.771,"northing_kosovaref01":4687977.952,"sistemi_projeksion":"EPSG:9141 (KOSOVAREF01 / Balkans zone 7)","koordinata_burimi":"DTK; DMS?decimal","saktesia_koordinates":"e mirë","gjendja":"e mirë","status_mbrojtjes":"e pa përcaktuar","pershkrim_i_shkurter":"Sahat Kulla e Mahmud Pashës ndodhet në pjesën lindore të fshatit Mamushë gjegjësisht në oborrin e Xhamisë së Kamber Beut. Sipas burimeve shkrimore Mahmud Pashë Rrotlla e ndërtoi kullën në shek. XIX në shenjë bamirësie. M...","burimi":"DTK","url_dtk":"https://dtk.rks-gov.net/Objekti?heritageId=4339","verifikuar":"po","shenime":"klasa=Monument; heritageId=4339"}},{"type":"Feature","id":"sites_arkitekturore.226","geometry":{"type":"Point","coordinates":[20.741836,42.21036704]},"geometry_name":"geom","properties":{"id":"ARH-226","emri":"Minarja e Arasta xhamisë","lloji_trashegimise":"arkitekturore","kategoria":"objekt_fetar","periudha":"osman","periudha_detaj":"Osmane","komuna":"Prizren","rajon":"Kosovë","lat":42.210367,"lon":20.741836,"easting_kosovaref01":7478683.634,"northing_kosovaref01":4674568.227,"sistemi_projeksion":"EPSG:9141 (KOSOVAREF01 / Balkans zone 7)","koordinata_burimi":"DTK; DMS?decimal","saktesia_koordinates":"e mirë","gjendja":"e mirë","status_mbrojtjes":"e pa përcaktuar","pershkrim_i_shkurter":"Në pjesën e vjetër të Prizrenit në anën e djathtë të lumit Lumbardhë, Evrenos-Zade Jakup Beu mes viteve 1526 dhe 1538 ndërtoi mesxhidin (xhaminë) ku pastaj ndërtohet edhe minarja. Pasi që xhamia gjendej në kompleksin tra...","burimi":"DTK","url_dtk":"https://dtk.rks-gov.net/Objekti?heritageId=4501","verifikuar":"po","shenime":"klasa=Monument; heritageId=4501"}},{"type":"Feature","id":"sites_arkitekturore.227","geometry":{"type":"Point","coordinates":[20.73633391,42.21301514]},"geometry_name":"geom","properties":{"id":"ARH-227","emri":"Mulliri në Tabakhane","lloji_trashegimise":"arkitekturore","kategoria":"monument","periudha":"osman","periudha_detaj":"Osmane","komuna":"Prizren","rajon":"Kosovë","lat":42.2130151,"lon":20.7363339,"easting_kosovaref01":7478230.24,"northing_kosovaref01":4674863.732,"sistemi_projeksion":"EPSG:9141 (KOSOVAREF01 / Balkans zone 7)","koordinata_burimi":"OSM qendra e komunës: Prizren","saktesia_koordinates":"e përafërt (qendra e komunës)","gjendja":"e mirë","status_mbrojtjes":"e pa përcaktuar","pershkrim_i_shkurter":"Mulliri gjendet në kompleksin eTabakhanes, i cili shtrihet në bregun verior të Lumbardhit, në mes të Xhamisë së Ahmed-Beut, Xhamisë së Suziut dhe ndërtesës së Beledijes. Lagjja e Tabakhaneska marrë këtë emër pasi që ...","burimi":"DTK","url_dtk":"https://dtk.rks-gov.net/Objekti?heritageId=1553","verifikuar":"po","shenime":"klasa=Monument; heritageId=1553"}},{"type":"Feature","id":"sites_arkitekturore.228","geometry":{"type":"Point","coordinates":[20.741,42.21019704]},"geometry_name":"geom","properties":{"id":"ARH-228","emri":"Ndërtesa e familjes Shehu","lloji_trashegimise":"arkitekturore","kategoria":"monument","periudha":"osman","periudha_detaj":"Osmane","komuna":"Prizren","rajon":"Kosovë","lat":42.210197,"lon":20.741,"easting_kosovaref01":7478614.549,"northing_kosovaref01":4674549.555,"sistemi_projeksion":"EPSG:9141 (KOSOVAREF01 / Balkans zone 7)","koordinata_burimi":"DTK; DMS?decimal","saktesia_koordinates":"e mirë","gjendja":"e mirë","status_mbrojtjes":"e pa përcaktuar","pershkrim_i_shkurter":"Shtëpia familjes Shehu gjendet pranë Teqes Halveti në qendër të qytetit, gjegjësisht në Zonën Historike të Prizrenit. Është ndërtuar në shek. XVIII. Elementet që dominojnë në fasadë janë qoshku (doksati) prej druri që gj...","burimi":"DTK","url_dtk":"https://dtk.rks-gov.net/Objekti?heritageId=1694","verifikuar":"po","shenime":"klasa=Monument; heritageId=1694"}},{"type":"Feature","id":"sites_arkitekturore.229","geometry":{"type":"Point","coordinates":[20.73515801,42.21026104]},"geometry_name":"geom","properties":{"id":"ARH-229","emri":"Ndërtesa e Kuvendit të vjetër - Beledije","lloji_trashegimise":"arkitekturore","kategoria":"monument","periudha":"osman","periudha_detaj":"Osmane","komuna":"Prizren","rajon":"Kosovë","lat":42.210261,"lon":20.735158,"easting_kosovaref01":7478132.201,"northing_kosovaref01":4674558.145,"sistemi_projeksion":"EPSG:9141 (KOSOVAREF01 / Balkans zone 7)","koordinata_burimi":"DTK; DMS?decimal","saktesia_koordinates":"e mirë","gjendja":"e mirë","status_mbrojtjes":"e pa përcaktuar","pershkrim_i_shkurter":"Ndërtesa e Beledies - Kuvendit është ndërtuar në lagjen Tabakhane në shekullin XIX-të dhe ka shërbyer si Komunë për autoritetet Osmane në Prizren. Gjendet në kufirin perëndimor të Zonës Historike të Prizrenit, në bregun ...","burimi":"DTK","url_dtk":"https://dtk.rks-gov.net/Objekti?heritageId=2144","verifikuar":"po","shenime":"klasa=Monument; heritageId=2144"}},{"type":"Feature","id":"sites_arkitekturore.230","geometry":{"type":"Point","coordinates":[20.743631,42.21119704]},"geometry_name":"geom","properties":{"id":"ARH-230","emri":"Ndërtesa e Lidhjes së Prizrenit","lloji_trashegimise":"arkitekturore","kategoria":"monument","periudha":"osman","periudha_detaj":"Osmane","komuna":"Prizren","rajon":"Kosovë","lat":42.211197,"lon":20.743631,"easting_kosovaref01":7478832.123,"northing_kosovaref01":4674659.965,"sistemi_projeksion":"EPSG:9141 (KOSOVAREF01 / Balkans zone 7)","koordinata_burimi":"DTK; DMS?decimal","saktesia_koordinates":"e mirë","gjendja":"e mirë","status_mbrojtjes":"e pa përcaktuar","pershkrim_i_shkurter":"Ndërtesa e Lidhjes së Prizrenit gjendet në kuadër të Kompleksit të Gazi Mehmed Pashës, respektivisht në kuadër të Kompleksit të Lidhjes Shqiptare të Prizrenit. Kompleksi i Lidhjes Shqiptare të Prizrenit, si tërësi urbane...","burimi":"DTK","url_dtk":"https://dtk.rks-gov.net/Objekti?heritageId=8765","verifikuar":"po","shenime":"klasa=Monument; heritageId=8765"}},{"type":"Feature","id":"sites_arkitekturore.231","geometry":{"type":"Point","coordinates":[20.732331,42.20933904]},"geometry_name":"geom","properties":{"id":"ARH-231","emri":"Ndërtesa e shkollës së mesme Ryzhdije","lloji_trashegimise":"arkitekturore","kategoria":"monument","periudha":"osman","periudha_detaj":"Osmane","komuna":"Prizren","rajon":"Kosovë","lat":42.209339,"lon":20.732331,"easting_kosovaref01":7477898.456,"northing_kosovaref01":4674456.471,"sistemi_projeksion":"EPSG:9141 (KOSOVAREF01 / Balkans zone 7)","koordinata_burimi":"DTK; DMS?decimal","saktesia_koordinates":"e mirë","gjendja":"e mirë","status_mbrojtjes":"e pa përcaktuar","pershkrim_i_shkurter":"Shkolla e mesme Ryzhdie gjendet në perëndim të Zonës Historike të Prizrenit, respektivisht pranë Kompleksit të Tabahanës. Ndërtesa shtrihet në bregun jugor të Lumbardhit. Shkolla e mesme Ryzhdije u hap në vitin 1874 dhe ...","burimi":"DTK","url_dtk":"https://dtk.rks-gov.net/Objekti?heritageId=2153","verifikuar":"po","shenime":"klasa=Monument; heritageId=2153"}},{"type":"Feature","id":"sites_arkitekturore.232","geometry":{"type":"Point","coordinates":[20.734025,42.20953104]},"geometry_name":"geom","properties":{"id":"ARH-232","emri":"Nishani i Suziut","lloji_trashegimise":"arkitekturore","kategoria":"monument","periudha":"osman","periudha_detaj":"Osmane","komuna":"Prizren","rajon":"Kosovë","lat":42.209531,"lon":20.734025,"easting_kosovaref01":7478038.397,"northing_kosovaref01":4674477.358,"sistemi_projeksion":"EPSG:9141 (KOSOVAREF01 / Balkans zone 7)","koordinata_burimi":"DTK; DMS?decimal","saktesia_koordinates":"e mirë","gjendja":"e mirë","status_mbrojtjes":"e pa përcaktuar","pershkrim_i_shkurter":"Suzi efendiu në Prizren ka jetuar gjatë shek. XV-të. Në anën e majtë të Lumbardhit ka ndërtuar një mezxhid (xhami pa minare), një shkollë me leximore (bibliotekë), një çeshme (krua) dhe një urë prej gurit. Kjo lagje quhe...","burimi":"DTK","url_dtk":"https://dtk.rks-gov.net/Objekti?heritageId=1502","verifikuar":"po","shenime":"klasa=Monument; heritageId=1502"}},{"type":"Feature","id":"sites_arkitekturore.233","geometry":{"type":"Point","coordinates":[20.741064,42.21136904]},"geometry_name":"geom","properties":{"id":"ARH-233","emri":"Përmendore mbivarore e Emin Pashës","lloji_trashegimise":"arkitekturore","kategoria":"monument","periudha":"osman","periudha_detaj":"Osmane","komuna":"Prizren","rajon":"Kosovë","lat":42.211369,"lon":20.741064,"easting_kosovaref01":7478620.228,"northing_kosovaref01":4674679.709,"sistemi_projeksion":"EPSG:9141 (KOSOVAREF01 / Balkans zone 7)","koordinata_burimi":"DTK; DMS?decimal","saktesia_koordinates":"e mirë","gjendja":"e mirë","status_mbrojtjes":"e pa përcaktuar","pershkrim_i_shkurter":"Emin Pasha i takonte familjes Rrotllaj, familje aristokrate e Prizrenit që ka jetuar gjatë shek. XVIII-XIX. Emin Pasha ishte vëllau i Mahmud Pashës; që të dy ishin djemtë e Tahir Pashës mutesarif i Prizrenit. Familja Rro...","burimi":"DTK","url_dtk":"https://dtk.rks-gov.net/Objekti?heritageId=1535","verifikuar":"po","shenime":"klasa=Monument; heritageId=1535"}},{"type":"Feature","id":"sites_arkitekturore.234","geometry":{"type":"Point","coordinates":[20.7406083,42.21015834]},"geometry_name":"geom","properties":{"id":"ARH-234","emri":"Selamllëku i Shani Efendiut","lloji_trashegimise":"arkitekturore","kategoria":"monument","periudha":"osman","periudha_detaj":"Osmane","komuna":"Prizren","rajon":"Kosovë","lat":42.2101583,"lon":20.7406083,"easting_kosovaref01":7478582.193,"northing_kosovaref01":4674545.355,"sistemi_projeksion":"EPSG:9141 (KOSOVAREF01 / Balkans zone 7)","koordinata_burimi":"DTK; DMS?decimal","saktesia_koordinates":"e mirë","gjendja":"e mirë","status_mbrojtjes":"e pa përcaktuar","pershkrim_i_shkurter":"Selamllëku i Shani Efendiut gjendet në zonën e qendrës historike të Prizrenit, në lagjen e Farkëtarëve, me pjesën ballore të orientuar kah jugu. Ndërlidhet me shtëpinë e Shani Efendiut që ndodhet pranë selamllëkut, sep...","burimi":"DTK","url_dtk":"https://dtk.rks-gov.net/Objekti?heritageId=1829","verifikuar":"po","shenime":"klasa=Monument; heritageId=1829"}},{"type":"Feature","id":"sites_arkitekturore.235","geometry":{"type":"Point","coordinates":[20.738522,42.21208904]},"geometry_name":"geom","properties":{"id":"ARH-235","emri":"Shëpia e familjes Bilurdagu Grazhdo","lloji_trashegimise":"arkitekturore","kategoria":"monument","periudha":"osman","periudha_detaj":"Osmane","komuna":"Prizren","rajon":"Kosovë","lat":42.212089,"lon":20.738522,"easting_kosovaref01":7478410.586,"northing_kosovaref01":4674760.317,"sistemi_projeksion":"EPSG:9141 (KOSOVAREF01 / Balkans zone 7)","koordinata_burimi":"DTK; DMS?decimal","saktesia_koordinates":"e mirë","gjendja":"e mirë","status_mbrojtjes":"e pa përcaktuar","pershkrim_i_shkurter":"Shtëpia e familjes Grazhdo gjendet në pjesën rrafshinore të qytetit, në lagjen e Sarait të vjetër. Ky objekt është ndërtuar në shek. XVIII ndërsa është renovuar dhe adaptuar në shek.XIXtë në një hapësirë të madhe me obje...","burimi":"DTK","url_dtk":"https://dtk.rks-gov.net/Objekti?heritageId=1667","verifikuar":"po","shenime":"klasa=Monument; heritageId=1667"}},{"type":"Feature","id":"sites_arkitekturore.236","geometry":{"type":"Point","coordinates":[20.7446333,42.21535284]},"geometry_name":"geom","properties":{"id":"ARH-236","emri":"Shtëpia e Adem-aga Gjonit","lloji_trashegimise":"arkitekturore","kategoria":"monument","periudha":"osman","periudha_detaj":"Osmane","komuna":"Prizren","rajon":"Kosovë","lat":42.2153528,"lon":20.7446333,"easting_kosovaref01":7478916.263,"northing_kosovaref01":4675121.287,"sistemi_projeksion":"EPSG:9141 (KOSOVAREF01 / Balkans zone 7)","koordinata_burimi":"DTK; DMS?decimal","saktesia_koordinates":"e mirë","gjendja":"e mirë","status_mbrojtjes":"e pa përcaktuar","pershkrim_i_shkurter":"Prizreni është njëri prej qyteteve më të pasura me trashëgimi kulturore në Kosovë. Trashëgimia kulturore e Prizrenit shprehet në formën e saj ndërtimore dhe shpirtërore. Krahas objekteve fetare të njohura, në Prizren gje...","burimi":"DTK","url_dtk":"https://dtk.rks-gov.net/Objekti?heritageId=1688","verifikuar":"po","shenime":"klasa=Monument; heritageId=1688"}},{"type":"Feature","id":"sites_arkitekturore.237","geometry":{"type":"Point","coordinates":[20.7399056,42.21079724]},"geometry_name":"geom","properties":{"id":"ARH-237","emri":"Shtëpia e familjes Arapi","lloji_trashegimise":"arkitekturore","kategoria":"monument","periudha":"osman","periudha_detaj":"Osmane","komuna":"Prizren","rajon":"Kosovë","lat":42.2107972,"lon":20.7399056,"easting_kosovaref01":7478524.388,"northing_kosovaref01":4674616.493,"sistemi_projeksion":"EPSG:9141 (KOSOVAREF01 / Balkans zone 7)","koordinata_burimi":"DTK; DMS?decimal","saktesia_koordinates":"e mirë","gjendja":"e mirë","status_mbrojtjes":"e pa përcaktuar","pershkrim_i_shkurter":"Shtëpia e familjes Arapi gjendet në zonën e qendrës historike të Prizrenit, në lagjen e Saraçëve, me pjesën ballore të orientuar kah jugu. Shtëpia është ndërtuar në gjysmën e dytë të shekullit XIX dhe ka shërbyer për b...","burimi":"DTK","url_dtk":"https://dtk.rks-gov.net/Objekti?heritageId=2006","verifikuar":"po","shenime":"klasa=Monument; heritageId=2006"}},{"type":"Feature","id":"sites_arkitekturore.238","geometry":{"type":"Point","coordinates":[20.7345972,42.20578614]},"geometry_name":"geom","properties":{"id":"ARH-238","emri":"Shtëpia e familjes Bërlajolli","lloji_trashegimise":"arkitekturore","kategoria":"monument","periudha":"osman","periudha_detaj":"Osmane","komuna":"Prizren","rajon":"Kosovë","lat":42.2057861,"lon":20.7345972,"easting_kosovaref01":7478084.349,"northing_kosovaref01":4674061.278,"sistemi_projeksion":"EPSG:9141 (KOSOVAREF01 / Balkans zone 7)","koordinata_burimi":"DTK; DMS?decimal","saktesia_koordinates":"e mirë","gjendja":"e mirë","status_mbrojtjes":"e pa përcaktuar","pershkrim_i_shkurter":"Shtëpia e familjes Bërlajolli gjendet në pjesën perëndimore të qytetit, në lagjen e Sarajit. Ajo është ndërtuar në shekullin XIX dhe ka shërbyer për banim gjatë tërë kohës. Në afërsi ndodhen shtëpitë e Sarajit, posta...","burimi":"DTK","url_dtk":"https://dtk.rks-gov.net/Objekti?heritageId=9486","verifikuar":"po","shenime":"klasa=Monument; heritageId=9486"}},{"type":"Feature","id":"sites_arkitekturore.239","geometry":{"type":"Point","coordinates":[20.7435,42.21490004]},"geometry_name":"geom","properties":{"id":"ARH-239","emri":"Shtëpia e familjes Fishekçiu","lloji_trashegimise":"arkitekturore","kategoria":"monument","periudha":"osman","periudha_detaj":"Osmane","komuna":"Prizren","rajon":"Kosovë","lat":42.2149,"lon":20.7435,"easting_kosovaref01":7478822.543,"northing_kosovaref01":4675071.277,"sistemi_projeksion":"EPSG:9141 (KOSOVAREF01 / Balkans zone 7)","koordinata_burimi":"DTK; DMS?decimal","saktesia_koordinates":"e mirë","gjendja":"e mirë","status_mbrojtjes":"e pa përcaktuar","pershkrim_i_shkurter":"Shtëpia e Hëzër Fishekçiut gjendet në lagjen Bazhdarhane, me pjesën ballore të orientuar kah perëndimi. Në afërsi të shtëpisë gjenden disa shtëpi të tjera të vjetra: shtëpia e familjes Rekathati, shtëpia e familjes Aga...","burimi":"DTK","url_dtk":"https://dtk.rks-gov.net/Objekti?heritageId=1775","verifikuar":"po","shenime":"klasa=Monument; heritageId=1775"}},{"type":"Feature","id":"sites_arkitekturore.240","geometry":{"type":"Point","coordinates":[20.7345417,42.20550834]},"geometry_name":"geom","properties":{"id":"ARH-240","emri":"Shtëpia e familjes Hereni","lloji_trashegimise":"arkitekturore","kategoria":"monument","periudha":"osman","periudha_detaj":"Osmane","komuna":"Prizren","rajon":"Kosovë","lat":42.2055083,"lon":20.7345417,"easting_kosovaref01":7478079.67,"northing_kosovaref01":4674030.438,"sistemi_projeksion":"EPSG:9141 (KOSOVAREF01 / Balkans zone 7)","koordinata_burimi":"DTK; DMS?decimal","saktesia_koordinates":"e mirë","gjendja":"e mirë","status_mbrojtjes":"e pa përcaktuar","pershkrim_i_shkurter":"Shtëpia e Xhemajl Herenit gjendet në pjesën perëndimore të qytetit, në lagjen e Terzive, në zonën mbrojtëse. Pjesa ballore është e orientuar nga lindja. Shtëpia është e vendosur në kryqëzimin e rrugës kryesore dhe anës...","burimi":"DTK","url_dtk":"https://dtk.rks-gov.net/Objekti?heritageId=9977","verifikuar":"po","shenime":"klasa=Monument; heritageId=9977"}},{"type":"Feature","id":"sites_arkitekturore.241","geometry":{"type":"Point","coordinates":[20.73809401,42.20918104]},"geometry_name":"geom","properties":{"id":"ARH-241","emri":"Shtëpia e familjes Kirajtani","lloji_trashegimise":"arkitekturore","kategoria":"monument","periudha":"osman","periudha_detaj":"Osmane","komuna":"Prizren","rajon":"Kosovë","lat":42.209181,"lon":20.738094,"easting_kosovaref01":7478374.256,"northing_kosovaref01":4674437.445,"sistemi_projeksion":"EPSG:9141 (KOSOVAREF01 / Balkans zone 7)","koordinata_burimi":"DTK; DMS?decimal","saktesia_koordinates":"e mirë","gjendja":"e mirë","status_mbrojtjes":"e pa përcaktuar","pershkrim_i_shkurter":"Shtëpia e Familjes Kirjatani gjendet në Zonën Historike të Prizrenit dhe është ndërtuar në fillim të shek. XIX. Është shtëpi qytetare me karakteristika vendore, e formësuar në dy kate dhe bodrum. E projektuar si shtëpi m...","burimi":"DTK","url_dtk":"https://dtk.rks-gov.net/Objekti?heritageId=8631","verifikuar":"po","shenime":"klasa=Monument; heritageId=8631"}},{"type":"Feature","id":"sites_arkitekturore.242","geometry":{"type":"Point","coordinates":[20.7404667,42.21123614]},"geometry_name":"geom","properties":{"id":"ARH-242","emri":"Shtëpia e familjes Myftiu","lloji_trashegimise":"arkitekturore","kategoria":"monument","periudha":"osman","periudha_detaj":"Osmane","komuna":"Prizren","rajon":"Kosovë","lat":42.2112361,"lon":20.7404667,"easting_kosovaref01":7478570.866,"northing_kosovaref01":4674665.098,"sistemi_projeksion":"EPSG:9141 (KOSOVAREF01 / Balkans zone 7)","koordinata_burimi":"DTK; DMS?decimal","saktesia_koordinates":"e mirë","gjendja":"e mirë","status_mbrojtjes":"e pa përcaktuar","pershkrim_i_shkurter":"Shtëpia e familjes Myftiu gjendet në zonën e qendrës historike të Prizrenit, me pjesën ballore të orientuar kah lindja. Në kuadër të shtëpisë gjendet oborri, një shtëpi e vjetër, e cila dikur ka shërbyer për banimin e sh...","burimi":"DTK","url_dtk":"https://dtk.rks-gov.net/Objekti?heritageId=1781","verifikuar":"po","shenime":"klasa=Monument; heritageId=1781"}},{"type":"Feature","id":"sites_arkitekturore.243","geometry":{"type":"Point","coordinates":[20.7405806,42.21041394]},"geometry_name":"geom","properties":{"id":"ARH-243","emri":"Shtëpia e familjes Paçarizi","lloji_trashegimise":"arkitekturore","kategoria":"monument","periudha":"osman","periudha_detaj":"Osmane","komuna":"Prizren","rajon":"Kosovë","lat":42.2104139,"lon":20.7405806,"easting_kosovaref01":7478579.992,"northing_kosovaref01":4674573.751,"sistemi_projeksion":"EPSG:9141 (KOSOVAREF01 / Balkans zone 7)","koordinata_burimi":"DTK; DMS?decimal","saktesia_koordinates":"e mirë","gjendja":"e mirë","status_mbrojtjes":"e pa përcaktuar","pershkrim_i_shkurter":"Shtëpia e familjes Paçarizi gjendet në zonën e qendrës historike të Prizrenit, në lagjet e Saraçëve dhe të Farkëtarëve me pjesën ballore të orientuar kah veriu. Shtëpia është e ndërtuar rreth shekujve XVIII-XIX dhe k...","burimi":"DTK","url_dtk":"https://dtk.rks-gov.net/Objekti?heritageId=2117","verifikuar":"po","shenime":"klasa=Monument; heritageId=2117"}},{"type":"Feature","id":"sites_arkitekturore.244","geometry":{"type":"Point","coordinates":[21.2274833,42.35082504]},"geometry_name":"geom","properties":{"id":"ARH-244","emri":"Shtëpia e familjes Pomaku","lloji_trashegimise":"arkitekturore","kategoria":"monument","periudha":"osman","periudha_detaj":"Osmane","komuna":"Prizren","rajon":"Kosovë","lat":42.350825,"lon":21.2274833,"easting_kosovaref01":7518741.417,"northing_kosovaref01":4690161.363,"sistemi_projeksion":"EPSG:9141 (KOSOVAREF01 / Balkans zone 7)","koordinata_burimi":"DTK; DMS?decimal","saktesia_koordinates":"e mirë","gjendja":"e mirë","status_mbrojtjes":"e pa përcaktuar","pershkrim_i_shkurter":"Shtëpia e familjes Pomaku ndodhet në lagjen e vjetër Saraçhane, në qendër të Zonës Historike të Prizrenit. Është ndërtuar gjatë shek. XVIII. Kjo shtëpi është simbol i arkitekturës tradicionale të banimit, me elemente kar...","burimi":"DTK","url_dtk":"https://dtk.rks-gov.net/Objekti?heritageId=1778","verifikuar":"po","shenime":"klasa=Monument; heritageId=1778"}},{"type":"Feature","id":"sites_arkitekturore.245","geometry":{"type":"Point","coordinates":[20.7436056,42.21570834]},"geometry_name":"geom","properties":{"id":"ARH-245","emri":"Shtëpia e familjes Rekathati","lloji_trashegimise":"arkitekturore","kategoria":"monument","periudha":"osman","periudha_detaj":"Osmane","komuna":"Prizren","rajon":"Kosovë","lat":42.2157083,"lon":20.7436056,"easting_kosovaref01":7478831.532,"northing_kosovaref01":4675161.026,"sistemi_projeksion":"EPSG:9141 (KOSOVAREF01 / Balkans zone 7)","koordinata_burimi":"DTK; DMS?decimal","saktesia_koordinates":"e mirë","gjendja":"e mirë","status_mbrojtjes":"e pa përcaktuar","pershkrim_i_shkurter":"Shtëpia e familjes Rekathati gjendet në lagjen Bazhdarhane, me pjesën ballore të orientuar kah jugu. Shtëpia është ndërtuar në fund të shekullit XIX, ndërsa sipas mbishkrimit mbi hajat, fasada ballore është e rregullua...","burimi":"DTK","url_dtk":"https://dtk.rks-gov.net/Objekti?heritageId=1970","verifikuar":"po","shenime":"klasa=Monument; heritageId=1970"}},{"type":"Feature","id":"sites_arkitekturore.246","geometry":{"type":"Point","coordinates":[20.61875561,42.27478334]},"geometry_name":"geom","properties":{"id":"ARH-246","emri":"Shtëpia e Katarina Josipit","lloji_trashegimise":"arkitekturore","kategoria":"monument","periudha":"osman","periudha_detaj":"Osmane","komuna":"Prizren","rajon":"Kosovë","lat":42.2747833,"lon":20.6187556,"easting_kosovaref01":7468552.99,"northing_kosovaref01":4681760.86,"sistemi_projeksion":"EPSG:9141 (KOSOVAREF01 / Balkans zone 7)","koordinata_burimi":"DTK; DMS?decimal","saktesia_koordinates":"e mirë","gjendja":"e mirë","status_mbrojtjes":"e pa përcaktuar","pershkrim_i_shkurter":"Kate Dulaj, apo siç njihet me emrin Katarina Josipi, u lind në vitin 1928 dhe jetoi në Zym për 5 vite. Ka qenë aktorja e parë shqiptare në Teatrin Kombëtar të Prishtinës, ku punoi 20 vite, prej vitit 1949. Vdiq në vitin ...","burimi":"DTK","url_dtk":"https://dtk.rks-gov.net/Objekti?heritageId=9282","verifikuar":"po","shenime":"klasa=Monument; heritageId=9282"}},{"type":"Feature","id":"sites_arkitekturore.247","geometry":{"type":"Point","coordinates":[21.22563329,42.35422784]},"geometry_name":"geom","properties":{"id":"ARH-247","emri":"Shtëpia e Shehzades","lloji_trashegimise":"arkitekturore","kategoria":"monument","periudha":"osman","periudha_detaj":"Osmane","komuna":"Prizren","rajon":"Kosovë","lat":42.3542278,"lon":21.2256333,"easting_kosovaref01":7518588,"northing_kosovaref01":4690538.903,"sistemi_projeksion":"EPSG:9141 (KOSOVAREF01 / Balkans zone 7)","koordinata_burimi":"DTK; DMS?decimal","saktesia_koordinates":"e mirë","gjendja":"e mirë","status_mbrojtjes":"e pa përcaktuar","pershkrim_i_shkurter":"Shtëpia e Musa-Efendi Shehzades gjendet në pjesën rrafshinore të qytetit në rrugën e Sarajit të Vjetër dhe është ndërtuar në fund të shek. XVIII. Në shek. XIX është bërë renovimi i rrënjësishëm sidomos në enterier, ndë...","burimi":"DTK","url_dtk":"https://dtk.rks-gov.net/Objekti?heritageId=1937","verifikuar":"po","shenime":"klasa=Monument; heritageId=1937"}},{"type":"Feature","id":"sites_arkitekturore.248","geometry":{"type":"Point","coordinates":[20.7436833,42.21246394]},"geometry_name":"geom","properties":{"id":"ARH-248","emri":"Shtëpia e Ymer Prizrenit","lloji_trashegimise":"arkitekturore","kategoria":"monument","periudha":"osman","periudha_detaj":"Osmane","komuna":"Prizren","rajon":"Kosovë","lat":42.2124639,"lon":20.7436833,"easting_kosovaref01":7478836.864,"northing_kosovaref01":4674800.662,"sistemi_projeksion":"EPSG:9141 (KOSOVAREF01 / Balkans zone 7)","koordinata_burimi":"DTK; DMS?decimal","saktesia_koordinates":"e mirë","gjendja":"e mirë","status_mbrojtjes":"e pa përcaktuar","pershkrim_i_shkurter":"Shtëpia e Ymer Prizrenit gjendet në pjesën juglindore të qytetit, në zonën e qendrës historike të Prizrenit. Gjendet në lagjen e Rahlinit, me pjesën ballore të orientuar kah jugu. Në afërsi të shtëpisë gjendet shtëpia ...","burimi":"DTK","url_dtk":"https://dtk.rks-gov.net/Objekti?heritageId=1790","verifikuar":"po","shenime":"klasa=Monument; heritageId=1790"}},{"type":"Feature","id":"sites_arkitekturore.249","geometry":{"type":"Point","coordinates":[20.7425028,42.21092224]},"geometry_name":"geom","properties":{"id":"ARH-249","emri":"Shtëpia e Zija beut","lloji_trashegimise":"arkitekturore","kategoria":"monument","periudha":"osman","periudha_detaj":"Osmane","komuna":"Prizren","rajon":"Kosovë","lat":42.2109222,"lon":20.7425028,"easting_kosovaref01":7478738.877,"northing_kosovaref01":4674629.725,"sistemi_projeksion":"EPSG:9141 (KOSOVAREF01 / Balkans zone 7)","koordinata_burimi":"DTK; DMS?decimal","saktesia_koordinates":"e mirë","gjendja":"e mirë","status_mbrojtjes":"e pa përcaktuar","pershkrim_i_shkurter":"Shtëpia e Zija Beut gjendet në zonën e qendrës historike të Prizrenit, në lagjen e vjetër të Arastës. Gjendet afër minares Arasta, Hamamit dhe Xhamisë së Gazi Mehmet Pashës, Kompleksit Monumental të Lidhjes Shqiptare...","burimi":"DTK","url_dtk":"https://dtk.rks-gov.net/Objekti?heritageId=1958","verifikuar":"po","shenime":"klasa=Monument; heritageId=1958"}},{"type":"Feature","id":"sites_arkitekturore.250","geometry":{"type":"Point","coordinates":[20.733594,42.21022204]},"geometry_name":"geom","properties":{"id":"ARH-250","emri":"Tabakhana (përpunimi lëkurës)","lloji_trashegimise":"arkitekturore","kategoria":"ure","periudha":"osman","periudha_detaj":"Osmane","komuna":"Prizren","rajon":"Kosovë","lat":42.210222,"lon":20.733594,"easting_kosovaref01":7478003.049,"northing_kosovaref01":4674554.216,"sistemi_projeksion":"EPSG:9141 (KOSOVAREF01 / Balkans zone 7)","koordinata_burimi":"DTK; DMS?decimal","saktesia_koordinates":"e mirë","gjendja":"e mirë","status_mbrojtjes":"e pa përcaktuar","pershkrim_i_shkurter":"Kompleksi i Tabakhanës gjendet në anën e djathtë të Lumbardhit në mes të Xhamisë së Ahmed-Beut, Xhamisë së Suziut dhe ndërtesës së Beledijes. Lagjja e Tabakhanës ka marrë këtë emër pasi që aty bëhej përpunimi i lëkurës m...","burimi":"DTK","url_dtk":"https://dtk.rks-gov.net/Objekti?heritageId=8780","verifikuar":"po","shenime":"klasa=Ansambël; heritageId=8780"}},{"type":"Feature","id":"sites_arkitekturore.251","geometry":{"type":"Point","coordinates":[20.74067499,42.21030304]},"geometry_name":"geom","properties":{"id":"ARH-251","emri":"Teqja  Halveti","lloji_trashegimise":"arkitekturore","kategoria":"objekt_fetar","periudha":"osman","periudha_detaj":"Osmane","komuna":"Prizren","rajon":"Kosovë","lat":42.210303,"lon":20.740675,"easting_kosovaref01":7478587.749,"northing_kosovaref01":4674561.41,"sistemi_projeksion":"EPSG:9141 (KOSOVAREF01 / Balkans zone 7)","koordinata_burimi":"DTK; DMS?decimal","saktesia_koordinates":"e mirë","gjendja":"e mirë","status_mbrojtjes":"e pa përcaktuar","pershkrim_i_shkurter":"Teqja e Halvetive gjendet në Zonën Historike të Prizrenit, në kuadër të lagjes së vjetër të Saraçhanes. Teqja është ndërtesë sakrale islame dhe i përket tarikatit Halveti (rrjedh nga fjala arabe \"halwet-vetmia). Emrin e...","burimi":"DTK","url_dtk":"https://dtk.rks-gov.net/Objekti?heritageId=1469","verifikuar":"po","shenime":"klasa=Monument; heritageId=1469"}},{"type":"Feature","id":"sites_arkitekturore.252","geometry":{"type":"Point","coordinates":[20.74655799,42.21413904]},"geometry_name":"geom","properties":{"id":"ARH-252","emri":"Teqja e Kaderive Zingjirli","lloji_trashegimise":"arkitekturore","kategoria":"objekt_fetar","periudha":"osman","periudha_detaj":"Osmane","komuna":"Prizren","rajon":"Kosovë","lat":42.214139,"lon":20.746558,"easting_kosovaref01":7479074.77,"northing_kosovaref01":4674986,"sistemi_projeksion":"EPSG:9141 (KOSOVAREF01 / Balkans zone 7)","koordinata_burimi":"DTK; DMS?decimal","saktesia_koordinates":"e mirë","gjendja":"e mirë","status_mbrojtjes":"e pa përcaktuar","pershkrim_i_shkurter":"Teqja e Kaderive, dega Zingjirli gjendet në lagjen e Kurillës në pjesën veri-lindore të Prizrenit. Ky tarikat është ndër më të vjetrit në Prizren. Është themeluar rreth viteve1655 nga Sheh Hasan-baba nga Horosani. Komple...","burimi":"DTK","url_dtk":"https://dtk.rks-gov.net/Objekti?heritageId=1475","verifikuar":"po","shenime":"klasa=Monument; heritageId=1475"}},{"type":"Feature","id":"sites_arkitekturore.253","geometry":{"type":"Point","coordinates":[20.7334083,42.22032784]},"geometry_name":"geom","properties":{"id":"ARH-253","emri":"Tyrbja e Dallgën Babës","lloji_trashegimise":"arkitekturore","kategoria":"monument","periudha":"osman","periudha_detaj":"Osmane","komuna":"Prizren","rajon":"Kosovë","lat":42.2203278,"lon":20.7334083,"easting_kosovaref01":7477991.225,"northing_kosovaref01":4675676.679,"sistemi_projeksion":"EPSG:9141 (KOSOVAREF01 / Balkans zone 7)","koordinata_burimi":"DTK; DMS?decimal","saktesia_koordinates":"e mirë","gjendja":"e mirë","status_mbrojtjes":"e pa përcaktuar","pershkrim_i_shkurter":"Tyrbja e Dallgën Babës gjendet në lagjen Ortakoll, me pjesën ballore të orientuar kah lindja. Në kuadër të tyrbes gjendet një oborr i vogël dhe një ndërtesë për mbikëqyrjen e tij. Tyrbja gjendet përballë xhamisë së re ...","burimi":"DTK","url_dtk":"https://dtk.rks-gov.net/Objekti?heritageId=1493","verifikuar":"po","shenime":"klasa=Monument; heritageId=1493"}},{"type":"Feature","id":"sites_arkitekturore.254","geometry":{"type":"Point","coordinates":[20.7334972,42.20780004]},"geometry_name":"geom","properties":{"id":"ARH-254","emri":"Tyrbja e Kalender Babës","lloji_trashegimise":"arkitekturore","kategoria":"monument","periudha":"osman","periudha_detaj":"Osmane","komuna":"Prizren","rajon":"Kosovë","lat":42.2078,"lon":20.7334972,"easting_kosovaref01":7477994.215,"northing_kosovaref01":4674285.238,"sistemi_projeksion":"EPSG:9141 (KOSOVAREF01 / Balkans zone 7)","koordinata_burimi":"DTK; DMS?decimal","saktesia_koordinates":"e mirë","gjendja":"e mirë","status_mbrojtjes":"e pa përcaktuar","pershkrim_i_shkurter":"Tyrbja e Kalender Babës gjendet në lagjen e Terzi-Mëhallës në mes të rrugëve Indrit Cara-Kavaja dhe Zahir Pajaziti, me pjesën ballore të orientuar kah veriu. Në afërsi të tyrbes gjendet ndërtesa e Islahanes dhe Gji...","burimi":"DTK","url_dtk":"https://dtk.rks-gov.net/Objekti?heritageId=1514","verifikuar":"po","shenime":"klasa=Monument; heritageId=1514"}},{"type":"Feature","id":"sites_arkitekturore.255","geometry":{"type":"Point","coordinates":[20.7327694,42.20982784]},"geometry_name":"geom","properties":{"id":"ARH-255","emri":"Tyrbja e Musa Efendiut","lloji_trashegimise":"arkitekturore","kategoria":"monument","periudha":"osman","periudha_detaj":"Osmane","komuna":"Prizren","rajon":"Kosovë","lat":42.2098278,"lon":20.7327694,"easting_kosovaref01":7477934.825,"northing_kosovaref01":4674510.647,"sistemi_projeksion":"EPSG:9141 (KOSOVAREF01 / Balkans zone 7)","koordinata_burimi":"DTK; DMS?decimal","saktesia_koordinates":"e mirë","gjendja":"e mirë","status_mbrojtjes":"e pa përcaktuar","pershkrim_i_shkurter":"Tyrbja e Sheh Kutub Musa Efendiut gjendet në lagjen e Tabkhanes, pranë teqesë së rrënuar, shtëpisë së familjes Shehu dhe Xhamisë së Ahmed Beut. Teqeja është e ndërtuar në vitin 1575, ndërsa tyrbja më vonë. Tyrbja është...","burimi":"DTK","url_dtk":"https://dtk.rks-gov.net/Objekti?heritageId=1487","verifikuar":"po","shenime":"klasa=Monument; heritageId=1487"}},{"type":"Feature","id":"sites_arkitekturore.256","geometry":{"type":"Point","coordinates":[20.74060601,42.20956404]},"geometry_name":"geom","properties":{"id":"ARH-256","emri":"Ura e vjetër e gurit në Prizren","lloji_trashegimise":"arkitekturore","kategoria":"monument","periudha":"osman","periudha_detaj":"Osmane","komuna":"Prizren","rajon":"Kosovë","lat":42.209564,"lon":20.740606,"easting_kosovaref01":7478581.803,"northing_kosovaref01":4674479.349,"sistemi_projeksion":"EPSG:9141 (KOSOVAREF01 / Balkans zone 7)","koordinata_burimi":"DTK; DMS?decimal","saktesia_koordinates":"e mirë","gjendja":"e mirë","status_mbrojtjes":"e pa përcaktuar","pershkrim_i_shkurter":"Përmes Prizrenit kalon lumi Lumbardh i cili e ndan qytetin në dy pjesë, pothuajse të barabarta. Mbi Lumbardhin e Prizrenit, në rrjedhat e historisë, u ngritën shumë ura por pa dyshim më e veçanta që u shndërrua në simbol...","burimi":"DTK","url_dtk":"https://dtk.rks-gov.net/Objekti?heritageId=1550","verifikuar":"po","shenime":"klasa=Monument; heritageId=1550"}},{"type":"Feature","id":"sites_arkitekturore.257","geometry":{"type":"Point","coordinates":[20.774125,42.19160804]},"geometry_name":"geom","properties":{"id":"ARH-257","emri":"Ura e vjetër në grykën e Lumbardhit (Bistricë)","lloji_trashegimise":"arkitekturore","kategoria":"monument","periudha":"osman","periudha_detaj":"Osmane","komuna":"Prizren","rajon":"Kosovë","lat":42.191608,"lon":20.774125,"easting_kosovaref01":7481344.191,"northing_kosovaref01":4672477.171,"sistemi_projeksion":"EPSG:9141 (KOSOVAREF01 / Balkans zone 7)","koordinata_burimi":"DTK; DMS?decimal","saktesia_koordinates":"e mirë","gjendja":"e mirë","status_mbrojtjes":"e pa përcaktuar","pershkrim_i_shkurter":"Në Grykën piktoreske të Lumbardhit, 5 km në verilindje të Prizrenit, në afërsi të gërmadhave të Manastirit të Kryeengjujve Mihail dhe Gabriel, e në anën e djathtë të rrugës së tanishme Prizren-Sredskë-Prevallë, gjendet U...","burimi":"DTK","url_dtk":"https://dtk.rks-gov.net/Objekti?heritageId=8714","verifikuar":"po","shenime":"klasa=Monument; heritageId=8714"}},{"type":"Feature","id":"sites_arkitekturore.258","geometry":{"type":"Point","coordinates":[20.73633391,42.21301514]},"geometry_name":"geom","properties":{"id":"ARH-258","emri":"Xhamia e Ahmed Beut","lloji_trashegimise":"arkitekturore","kategoria":"objekt_fetar","periudha":"osman","periudha_detaj":"Osmane","komuna":"Prizren","rajon":"Kosovë","lat":42.2130151,"lon":20.7363339,"easting_kosovaref01":7478230.24,"northing_kosovaref01":4674863.732,"sistemi_projeksion":"EPSG:9141 (KOSOVAREF01 / Balkans zone 7)","koordinata_burimi":"OSM qendra e komunës: Prizren","saktesia_koordinates":"e përafërt (qendra e komunës)","gjendja":"e mirë","status_mbrojtjes":"e pa përcaktuar","pershkrim_i_shkurter":"Xhamia e Ahmed Beut gjendet në lagjen e Tabakhanes, në pjesën perëndimore të Prizrenit. Në mungesë të mbishkrimit nuk posedojmë informata rreth vitit të saktë të ndërtimit. Në bazë të shkrimeve të vjetra, në këtë lokac...","burimi":"DTK","url_dtk":"https://dtk.rks-gov.net/Objekti?heritageId=1376","verifikuar":"po","shenime":"klasa=Monument; heritageId=1376"}},{"type":"Feature","id":"sites_arkitekturore.259","geometry":{"type":"Point","coordinates":[20.74170281,42.21388614]},"geometry_name":"geom","properties":{"id":"ARH-259","emri":"Xhamia e Çatip Sinanit","lloji_trashegimise":"arkitekturore","kategoria":"objekt_fetar","periudha":"osman","periudha_detaj":"Osmane","komuna":"Prizren","rajon":"Kosovë","lat":42.2138861,"lon":20.7417028,"easting_kosovaref01":7478673.82,"northing_kosovaref01":4674959.115,"sistemi_projeksion":"EPSG:9141 (KOSOVAREF01 / Balkans zone 7)","koordinata_burimi":"DTK; DMS?decimal","saktesia_koordinates":"e mirë","gjendja":"e mirë","status_mbrojtjes":"e pa përcaktuar","pershkrim_i_shkurter":"Xhamia e Çatip Sinanit-Levisha gjendet në pjesën lindore të qytetit, në lagjen më të njëjtën emër, në veri të lagjes së Gazi Mehmet Pashës. Gjendet në kënd, në kryqëzimin e rrugës kryesore dhe të asaj anësore, në afërs...","burimi":"DTK","url_dtk":"https://dtk.rks-gov.net/Objekti?heritageId=1367","verifikuar":"po","shenime":"klasa=Monument; heritageId=1367"}},{"type":"Feature","id":"sites_arkitekturore.260","geometry":{"type":"Point","coordinates":[20.73633391,42.21301514]},"geometry_name":"geom","properties":{"id":"ARH-260","emri":"Xhamia e Çohaxhi Mahmudit","lloji_trashegimise":"arkitekturore","kategoria":"objekt_fetar","periudha":"osman","periudha_detaj":"Osmane","komuna":"Prizren","rajon":"Kosovë","lat":42.2130151,"lon":20.7363339,"easting_kosovaref01":7478230.24,"northing_kosovaref01":4674863.732,"sistemi_projeksion":"EPSG:9141 (KOSOVAREF01 / Balkans zone 7)","koordinata_burimi":"OSM qendra e komunës: Prizren","saktesia_koordinates":"e përafërt (qendra e komunës)","gjendja":"e mirë","status_mbrojtjes":"e pa përcaktuar","pershkrim_i_shkurter":"Xhamia e Çohaxhi Mahmudit gjendet në lagjen e Tabakhanes, në pjesën perëndimore të Prizrenit. Sipas mbishkrimit në hyrje të saj, ndërtimin e xhamisë e ka filluar Çohaxhi Mahmud Çelebiu gjatë shek. XVIII. Pas vrasjes së...","burimi":"DTK","url_dtk":"https://dtk.rks-gov.net/Objekti?heritageId=1418","verifikuar":"po","shenime":"klasa=Monument; heritageId=1418"}},{"type":"Feature","id":"sites_arkitekturore.261","geometry":{"type":"Point","coordinates":[20.741247,42.21125304]},"geometry_name":"geom","properties":{"id":"ARH-261","emri":"Xhamia e Emin Pashës","lloji_trashegimise":"arkitekturore","kategoria":"objekt_fetar","periudha":"osman","periudha_detaj":"Osmane","komuna":"Prizren","rajon":"Kosovë","lat":42.211253,"lon":20.741247,"easting_kosovaref01":7478635.299,"northing_kosovaref01":4674666.78,"sistemi_projeksion":"EPSG:9141 (KOSOVAREF01 / Balkans zone 7)","koordinata_burimi":"DTK; DMS?decimal","saktesia_koordinates":"e mirë","gjendja":"e mirë","status_mbrojtjes":"e pa përcaktuar","pershkrim_i_shkurter":"Pranë hamamit të Gazi Mehmed Pashës, në lagjen Saraçhane, Emin Pasha (i cili ka qenë Sanxhakbeu i Prizrenit prej vitit 1789 deri më 1843) e ndërtoi xhaminë, mejtepin dhe objektet tjera përcjellëse. Viti i ndërtimit të xh...","burimi":"DTK","url_dtk":"https://dtk.rks-gov.net/Objekti?heritageId=1316","verifikuar":"po","shenime":"klasa=Monument; heritageId=1316"}},{"type":"Feature","id":"sites_arkitekturore.262","geometry":{"type":"Point","coordinates":[20.7377778,42.21083334]},"geometry_name":"geom","properties":{"id":"ARH-262","emri":"Xhamia e Haxhi Ramadanit","lloji_trashegimise":"arkitekturore","kategoria":"objekt_fetar","periudha":"osman","periudha_detaj":"Osmane","komuna":"Prizren","rajon":"Kosovë","lat":42.2108333,"lon":20.7377778,"easting_kosovaref01":7478348.711,"northing_kosovaref01":4674621.04,"sistemi_projeksion":"EPSG:9141 (KOSOVAREF01 / Balkans zone 7)","koordinata_burimi":"DTK; korrigjuar (DMS DTK)","saktesia_koordinates":"e mirë","gjendja":"e mirë","status_mbrojtjes":"e pa përcaktuar","pershkrim_i_shkurter":"Xhamia e Haxhi Ramadanit gjendet në zonën historike të Prizrenit. Është ndërtuar nga Haxhi Ramadani gjatë shek. XVII. Që nga koha kur është ndërtuar e deri më tani ka kryer funksionin fetar si xhami e lagjes. Kompleksi i...","burimi":"DTK","url_dtk":"https://dtk.rks-gov.net/Objekti?heritageId=1373","verifikuar":"po","shenime":"klasa=Monument; heritageId=1373"}},{"type":"Feature","id":"sites_arkitekturore.263","geometry":{"type":"Point","coordinates":[20.736492,42.20914404]},"geometry_name":"geom","properties":{"id":"ARH-263","emri":"Xhamia e Ilijaz Kukës","lloji_trashegimise":"arkitekturore","kategoria":"objekt_fetar","periudha":"osman","periudha_detaj":"Osmane","komuna":"Prizren","rajon":"Kosovë","lat":42.209144,"lon":20.736492,"easting_kosovaref01":7478241.965,"northing_kosovaref01":4674433.743,"sistemi_projeksion":"EPSG:9141 (KOSOVAREF01 / Balkans zone 7)","koordinata_burimi":"DTK; DMS?decimal","saktesia_koordinates":"e mirë","gjendja":"e mirë","status_mbrojtjes":"e pa përcaktuar","pershkrim_i_shkurter":"Xhamia e Iliaz Kukës gjendet në rrjedhën e majtë të Lumbardhit afër kroit Binbashi, në kufirin perëndimor të Zonës Historike të Prizrenit. Viti i ndërtimit nuk dihet pasi që mbishkrimi i kohës së ndërtimit është humbur...","burimi":"DTK","url_dtk":"https://dtk.rks-gov.net/Objekti?heritageId=1307","verifikuar":"po","shenime":"klasa=Monument; heritageId=1307"}},{"type":"Feature","id":"sites_arkitekturore.264","geometry":{"type":"Point","coordinates":[20.740847,42.21054704]},"geometry_name":"geom","properties":{"id":"ARH-264","emri":"Xhamia e Kukli Mehmed Beut - Saraçit","lloji_trashegimise":"arkitekturore","kategoria":"objekt_fetar","periudha":"osman","periudha_detaj":"Osmane","komuna":"Prizren","rajon":"Kosovë","lat":42.210547,"lon":20.740847,"easting_kosovaref01":7478602.034,"northing_kosovaref01":4674588.467,"sistemi_projeksion":"EPSG:9141 (KOSOVAREF01 / Balkans zone 7)","koordinata_burimi":"DTK; DMS?decimal","saktesia_koordinates":"e mirë","gjendja":"e mirë","status_mbrojtjes":"e pa përcaktuar","pershkrim_i_shkurter":"Xhamia e Kukli beut - Saraçhanës gjendet në qendër të qytetit, në lagjen Saraçhane e cila njihej si lagje ku zejtarët përpunonin rripa dhe elemente tjera nga lëkura dhe mbahej tregu i drithit. Ndërtesa gjendet pranë Teqe...","burimi":"DTK","url_dtk":"https://dtk.rks-gov.net/Objekti?heritageId=1325","verifikuar":"po","shenime":"klasa=Monument; heritageId=1325"}},{"type":"Feature","id":"sites_arkitekturore.265","geometry":{"type":"Point","coordinates":[20.743031,42.21140604]},"geometry_name":"geom","properties":{"id":"ARH-265","emri":"Xhamia e Mehmed Pashës","lloji_trashegimise":"arkitekturore","kategoria":"objekt_fetar","periudha":"osman","periudha_detaj":"Osmane","komuna":"Prizren","rajon":"Kosovë","lat":42.211406,"lon":20.743031,"easting_kosovaref01":7478782.652,"northing_kosovaref01":4674683.327,"sistemi_projeksion":"EPSG:9141 (KOSOVAREF01 / Balkans zone 7)","koordinata_burimi":"DTK; DMS?decimal","saktesia_koordinates":"e mirë","gjendja":"e mirë","status_mbrojtjes":"e pa përcaktuar","pershkrim_i_shkurter":"Xhamia e Mehmed Pashës (Bajrakli) gjendet në qendër të qytetit në kuadër të Zonës Historike dhe ka vlerë të veçantë kulturo-historike. Gazi Mehmed Pasha ndërtoi kompleksin me xhaminë, tyrben, medresenë, bibliotekën, ders...","burimi":"DTK","url_dtk":"https://dtk.rks-gov.net/Objekti?heritageId=1310","verifikuar":"po","shenime":"klasa=Monument; heritageId=1310"}},{"type":"Feature","id":"sites_arkitekturore.266","geometry":{"type":"Point","coordinates":[20.73782499,42.20828304]},"geometry_name":"geom","properties":{"id":"ARH-266","emri":"Xhamia e Myderriz Ali Efendiut","lloji_trashegimise":"arkitekturore","kategoria":"objekt_fetar","periudha":"osman","periudha_detaj":"Osmane","komuna":"Prizren","rajon":"Kosovë","lat":42.208283,"lon":20.737825,"easting_kosovaref01":7478351.737,"northing_kosovaref01":4674337.776,"sistemi_projeksion":"EPSG:9141 (KOSOVAREF01 / Balkans zone 7)","koordinata_burimi":"DTK; DMS?decimal","saktesia_koordinates":"e mirë","gjendja":"e mirë","status_mbrojtjes":"e pa përcaktuar","pershkrim_i_shkurter":"Xhamia e Myderriz Ali Efendiut është ndërtuar në vitin 1581 dhe supozohet se është ndërtuar mbi themelet e një shkolle (mejtepit) të vjetër. Objekti gjendet në perëndim të Zonës Historike të Prizrenit, në mes të Kishës K...","burimi":"DTK","url_dtk":"https://dtk.rks-gov.net/Objekti?heritageId=1283","verifikuar":"po","shenime":"klasa=Monument; heritageId=1283"}},{"type":"Feature","id":"sites_arkitekturore.267","geometry":{"type":"Point","coordinates":[20.73633391,42.21301514]},"geometry_name":"geom","properties":{"id":"ARH-267","emri":"Xhamia e Sejdi Beut","lloji_trashegimise":"arkitekturore","kategoria":"objekt_fetar","periudha":"osman","periudha_detaj":"Osmane","komuna":"Prizren","rajon":"Kosovë","lat":42.2130151,"lon":20.7363339,"easting_kosovaref01":7478230.24,"northing_kosovaref01":4674863.732,"sistemi_projeksion":"EPSG:9141 (KOSOVAREF01 / Balkans zone 7)","koordinata_burimi":"OSM qendra e komunës: Prizren","saktesia_koordinates":"e përafërt (qendra e komunës)","gjendja":"e mirë","status_mbrojtjes":"e pa përcaktuar","pershkrim_i_shkurter":"Xhamia e Sejdi Beut gjendet në zonën historike të Prizrenit, në bregun jugor të lumit Lumbardhi. Data e saktë e ndërtimit nuk dihet, por sipas mbishkrimit dhe dokumenteve besohet se ndërtuesi i xhamisë është Sejdi Beu. S...","burimi":"DTK","url_dtk":"https://dtk.rks-gov.net/Objekti?heritageId=1364","verifikuar":"po","shenime":"klasa=Monument; heritageId=1364"}},{"type":"Feature","id":"sites_arkitekturore.268","geometry":{"type":"Point","coordinates":[20.741336,42.20895304]},"geometry_name":"geom","properties":{"id":"ARH-268","emri":"Xhamia e Sinan Pashës","lloji_trashegimise":"arkitekturore","kategoria":"objekt_fetar","periudha":"osman","periudha_detaj":"Osmane","komuna":"Prizren","rajon":"Kosovë","lat":42.208953,"lon":20.741336,"easting_kosovaref01":7478641.873,"northing_kosovaref01":4674411.305,"sistemi_projeksion":"EPSG:9141 (KOSOVAREF01 / Balkans zone 7)","koordinata_burimi":"DTK; DMS?decimal","saktesia_koordinates":"e mirë","gjendja":"e mirë","status_mbrojtjes":"e pa përcaktuar","pershkrim_i_shkurter":"Xhamia e Sinan Pashës ndodhet në Zonën Historike të qytetit të Prizrenit. Është ndërtuar në vitin 1615 nga ana e Sofi Sinan Pashës - person i shquar, njeri i dijes, me pozitë të rëndësishme në administratën Osmane. Me po...","burimi":"DTK","url_dtk":"https://dtk.rks-gov.net/Objekti?heritageId=1268","verifikuar":"po","shenime":"klasa=Monument; heritageId=1268"}},{"type":"Feature","id":"sites_arkitekturore.269","geometry":{"type":"Point","coordinates":[20.733894,42.20940604]},"geometry_name":"geom","properties":{"id":"ARH-269","emri":"Xhamia e Suziut","lloji_trashegimise":"arkitekturore","kategoria":"objekt_fetar","periudha":"osman","periudha_detaj":"Osmane","komuna":"Prizren","rajon":"Kosovë","lat":42.209406,"lon":20.733894,"easting_kosovaref01":7478027.537,"northing_kosovaref01":4674463.508,"sistemi_projeksion":"EPSG:9141 (KOSOVAREF01 / Balkans zone 7)","koordinata_burimi":"DTK; DMS?decimal","saktesia_koordinates":"e mirë","gjendja":"e mirë","status_mbrojtjes":"e pa përcaktuar","pershkrim_i_shkurter":"Suzi Efendiu është një ndër poetët më të vjetër të këtyre trevave. Nuk dihet data as vendi i saktë i lindjes por dihet se në pjesën më të madhe të jetës ka punuar dhe vepruar në Prizren, ku edhe ka vdekur në vitin 1524/5...","burimi":"DTK","url_dtk":"https://dtk.rks-gov.net/Objekti?heritageId=1304","verifikuar":"po","shenime":"klasa=Monument; heritageId=1304"}},{"type":"Feature","id":"sites_arkitekturore.270","geometry":{"type":"Point","coordinates":[20.7446333,42.21535284]},"geometry_name":"geom","properties":{"id":"ARH-270","emri":"Xhamia e Terxhyman Iskenderit","lloji_trashegimise":"arkitekturore","kategoria":"objekt_fetar","periudha":"osman","periudha_detaj":"Osmane","komuna":"Prizren","rajon":"Kosovë","lat":42.2153528,"lon":20.7446333,"easting_kosovaref01":7478916.263,"northing_kosovaref01":4675121.287,"sistemi_projeksion":"EPSG:9141 (KOSOVAREF01 / Balkans zone 7)","koordinata_burimi":"DTK; DMS?decimal","saktesia_koordinates":"e mirë","gjendja":"e mirë","status_mbrojtjes":"e pa përcaktuar","pershkrim_i_shkurter":"Xhamia e Terxhyman Iskender Beut gjendet në pjesën verilindore të Prizrenit. Në mungesë të mbishkrimit, nuk dihet data e saktë e ndërtimit të xhamisë. Duke u bazuar në dokumentet e vjetra besohet se ajo është ndërtuar pa...","burimi":"DTK","url_dtk":"https://dtk.rks-gov.net/Objekti?heritageId=1370","verifikuar":"po","shenime":"klasa=Monument; heritageId=1370"}},{"type":"Feature","id":"sites_arkitekturore.271","geometry":{"type":"Point","coordinates":[20.7342167,42.20625004]},"geometry_name":"geom","properties":{"id":"ARH-271","emri":"Xhamia e Terzi-Mëhallës","lloji_trashegimise":"arkitekturore","kategoria":"objekt_fetar","periudha":"osman","periudha_detaj":"Osmane","komuna":"Prizren","rajon":"Kosovë","lat":42.20625,"lon":20.7342167,"easting_kosovaref01":7478053.09,"northing_kosovaref01":4674112.9,"sistemi_projeksion":"EPSG:9141 (KOSOVAREF01 / Balkans zone 7)","koordinata_burimi":"DTK; DMS?decimal","saktesia_koordinates":"e mirë","gjendja":"e mirë","status_mbrojtjes":"e pa përcaktuar","pershkrim_i_shkurter":"Xhamia gjendet në lagjen e Terzive, në kryqëzimin e rrugës kryesore dhe të asaj anësore me pjesën ballore të orientuar kah veriperëndimi. Bazuar në dokumente të ndryshme xhamia quhet xhamia e Terzi Memit, Terzi Memishi...","burimi":"DTK","url_dtk":"https://dtk.rks-gov.net/Objekti?heritageId=1463","verifikuar":"po","shenime":"klasa=Monument; heritageId=1463"}},{"type":"Feature","id":"sites_arkitekturore.272","geometry":{"type":"Point","coordinates":[20.6527389,42.39987364]},"geometry_name":"geom","properties":{"id":"ARH-272","emri":"Kroi i vjetër","lloji_trashegimise":"arkitekturore","kategoria":"monument","periudha":"osman","periudha_detaj":"Osmane","komuna":"Rahovec","rajon":"Kosovë","lat":42.3998736,"lon":20.6527389,"easting_kosovaref01":7471412.825,"northing_kosovaref01":4695642.517,"sistemi_projeksion":"EPSG:9141 (KOSOVAREF01 / Balkans zone 7)","koordinata_burimi":"OSM qendra e komunës: Rahovec","saktesia_koordinates":"e përafërt (qendra e komunës)","gjendja":"e mirë","status_mbrojtjes":"e pa përcaktuar","pershkrim_i_shkurter":"Kroi i gurit, ndryshe i quajtur edhe si Kroi i Haxhive, gjendet në pjesën jugperëndimore të qendrës së vjetër të Rahovecit. Në bazë të mbishkrimit në gjuhën osmane, është ndërtuar në vitin 1813. Kroi prej kohës kur është...","burimi":"DTK","url_dtk":"https://dtk.rks-gov.net/Objekti?heritageId=5704","verifikuar":"po","shenime":"klasa=Monument; heritageId=5704"}},{"type":"Feature","id":"sites_arkitekturore.273","geometry":{"type":"Point","coordinates":[20.6527389,42.39987364]},"geometry_name":"geom","properties":{"id":"ARH-273","emri":"Kulla e Hajrullah Çantës","lloji_trashegimise":"arkitekturore","kategoria":"kulla","periudha":"osman","periudha_detaj":"Osmane","komuna":"Rahovec","rajon":"Kosovë","lat":42.3998736,"lon":20.6527389,"easting_kosovaref01":7471412.825,"northing_kosovaref01":4695642.517,"sistemi_projeksion":"EPSG:9141 (KOSOVAREF01 / Balkans zone 7)","koordinata_burimi":"OSM qendra e komunës: Rahovec","saktesia_koordinates":"e përafërt (qendra e komunës)","gjendja":"e mirë","status_mbrojtjes":"e pa përcaktuar","pershkrim_i_shkurter":"Kulla-shtëpi e Hajrullah Çantës gjendet në Rahovec, në sheshin Republika. Supozohet të jetë ndërtuar kah fundi i shek. XVIII. Prej kohës kur është ndërtuar e deri tani ka pësuar mjaft transformime, si në aspektin fizik...","burimi":"DTK","url_dtk":"https://dtk.rks-gov.net/Objekti?heritageId=5701","verifikuar":"po","shenime":"klasa=Monument; heritageId=5701"}},{"type":"Feature","id":"sites_arkitekturore.274","geometry":{"type":"Point","coordinates":[20.6527389,42.39987364]},"geometry_name":"geom","properties":{"id":"ARH-274","emri":"Kulla e Ismet Çemegës","lloji_trashegimise":"arkitekturore","kategoria":"kulla","periudha":"osman","periudha_detaj":"Osmane","komuna":"Rahovec","rajon":"Kosovë","lat":42.3998736,"lon":20.6527389,"easting_kosovaref01":7471412.825,"northing_kosovaref01":4695642.517,"sistemi_projeksion":"EPSG:9141 (KOSOVAREF01 / Balkans zone 7)","koordinata_burimi":"OSM qendra e komunës: Rahovec","saktesia_koordinates":"e përafërt (qendra e komunës)","gjendja":"e mirë","status_mbrojtjes":"e pa përcaktuar","pershkrim_i_shkurter":"Kulla e Ismet Çmegës gjendet në qendrën e vjetër të Rahovecit,në sheshin Vrella. Është ndërtuar gjatë shek. XIX nga ana e Dervish Meriqit, kurse tani është në pronësi të familjes Çmega. Ndërtesa i ka veçoritë karakteri...","burimi":"DTK","url_dtk":"https://dtk.rks-gov.net/Objekti?heritageId=9270","verifikuar":"po","shenime":"klasa=Monument; heritageId=9270"}},{"type":"Feature","id":"sites_arkitekturore.275","geometry":{"type":"Point","coordinates":[20.6527389,42.39987364]},"geometry_name":"geom","properties":{"id":"ARH-275","emri":"Kulla e Mahmud Pashës","lloji_trashegimise":"arkitekturore","kategoria":"kulla","periudha":"osman","periudha_detaj":"Osmane","komuna":"Rahovec","rajon":"Kosovë","lat":42.3998736,"lon":20.6527389,"easting_kosovaref01":7471412.825,"northing_kosovaref01":4695642.517,"sistemi_projeksion":"EPSG:9141 (KOSOVAREF01 / Balkans zone 7)","koordinata_burimi":"OSM qendra e komunës: Rahovec","saktesia_koordinates":"e përafërt (qendra e komunës)","gjendja":"e mirë","status_mbrojtjes":"e pa përcaktuar","pershkrim_i_shkurter":"Kulla e Mahmud Pashës gjendet në qendër të fshatit Opterushë, 8 km në lindje të Rahovecit. Në popull njihet si Kulla e Mahmud Pashës dhe supozohet që është ndërtuar gjatë shek. XIX nga Mahmud Pashë Rrotulli, i cili ka nd...","burimi":"DTK","url_dtk":"https://dtk.rks-gov.net/Objekti?heritageId=5629","verifikuar":"po","shenime":"klasa=Monument; heritageId=5629"}},{"type":"Feature","id":"sites_arkitekturore.276","geometry":{"type":"Point","coordinates":[20.6082,42.43877224]},"geometry_name":"geom","properties":{"id":"ARH-276","emri":"Minarja e xhamisë së fshatit Drenoc","lloji_trashegimise":"arkitekturore","kategoria":"objekt_fetar","periudha":"osman","periudha_detaj":"Osmane","komuna":"Rahovec","rajon":"Kosovë","lat":42.4387722,"lon":20.6082,"easting_kosovaref01":7467766.225,"northing_kosovaref01":4699978.952,"sistemi_projeksion":"EPSG:9141 (KOSOVAREF01 / Balkans zone 7)","koordinata_burimi":"DTK; DMS?decimal","saktesia_koordinates":"e mirë","gjendja":"e mirë","status_mbrojtjes":"e pa përcaktuar","pershkrim_i_shkurter":"Komuna e Rahovecit dhe fshatrat e saj, respektivisht territori i tyre, ishte një qendër e rëndësishme kulturore por edhe administrative gjatë periudhave të ndryshme, banuar që nga antikiteti, gjë që dëshmojnë gjetjet e r...","burimi":"DTK","url_dtk":"https://dtk.rks-gov.net/Objekti?heritageId=5743","verifikuar":"po","shenime":"klasa=Monument; heritageId=5743"}},{"type":"Feature","id":"sites_arkitekturore.277","geometry":{"type":"Point","coordinates":[20.657625,42.40208604]},"geometry_name":"geom","properties":{"id":"ARH-277","emri":"Sahat kulla - Rahovec","lloji_trashegimise":"arkitekturore","kategoria":"kulla","periudha":"osman","periudha_detaj":"Osmane","komuna":"Rahovec","rajon":"Kosovë","lat":42.402086,"lon":20.657625,"easting_kosovaref01":7471816.049,"northing_kosovaref01":4695886.616,"sistemi_projeksion":"EPSG:9141 (KOSOVAREF01 / Balkans zone 7)","koordinata_burimi":"DTK; DMS?decimal","saktesia_koordinates":"e mirë","gjendja":"e mirë","status_mbrojtjes":"e pa përcaktuar","pershkrim_i_shkurter":"Sahat Kulla ndodhet në lagjen Gradina, në qendrën e vjetër të Rahovecit. Është ndërtuar nga Mahmud Pashë Rrotulli gjatë shek. XVIII. Mbi portën në anën veri-lindore në gur të gdhendur gjendet mbishkrimi në gjuhën osmane ...","burimi":"DTK","url_dtk":"https://dtk.rks-gov.net/Objekti?heritageId=5632","verifikuar":"po","shenime":"klasa=Monument; heritageId=5632"}},{"type":"Feature","id":"sites_arkitekturore.278","geometry":{"type":"Point","coordinates":[20.6527389,42.39987364]},"geometry_name":"geom","properties":{"id":"ARH-278","emri":"Shtëpia e familjes Spasiç","lloji_trashegimise":"arkitekturore","kategoria":"monument","periudha":"osman","periudha_detaj":"Osmane","komuna":"Rahovec","rajon":"Kosovë","lat":42.3998736,"lon":20.6527389,"easting_kosovaref01":7471412.825,"northing_kosovaref01":4695642.517,"sistemi_projeksion":"EPSG:9141 (KOSOVAREF01 / Balkans zone 7)","koordinata_burimi":"OSM qendra e komunës: Rahovec","saktesia_koordinates":"e përafërt (qendra e komunës)","gjendja":"e mirë","status_mbrojtjes":"e pa përcaktuar","pershkrim_i_shkurter":"Shtëpia e familjes Spasiç gjendet në qendër të fshatit Hoçë e Madhe, rreth 5 km në lindje të Rahovecit. Shtëpia është ndërtuar nga Sima dhe Spasa Nedeljkoviç gjatë viteve 1830-1835, të cilët pas ndërtimit të shtëpisë kan...","burimi":"DTK","url_dtk":"https://dtk.rks-gov.net/Objekti?heritageId=9269","verifikuar":"po","shenime":"klasa=Monument; heritageId=9269"}},{"type":"Feature","id":"sites_arkitekturore.279","geometry":{"type":"Point","coordinates":[20.6527389,42.39987364]},"geometry_name":"geom","properties":{"id":"ARH-279","emri":"Teqja e Melamive","lloji_trashegimise":"arkitekturore","kategoria":"objekt_fetar","periudha":"osman","periudha_detaj":"Osmane","komuna":"Rahovec","rajon":"Kosovë","lat":42.3998736,"lon":20.6527389,"easting_kosovaref01":7471412.825,"northing_kosovaref01":4695642.517,"sistemi_projeksion":"EPSG:9141 (KOSOVAREF01 / Balkans zone 7)","koordinata_burimi":"OSM qendra e komunës: Rahovec","saktesia_koordinates":"e përafërt (qendra e komunës)","gjendja":"e mirë","status_mbrojtjes":"e pa përcaktuar","pershkrim_i_shkurter":"Teqeja e tarikatit Melami gjendet në pjesën perëndimore të qendrës së vjetër të Rahovecit. Kjo teqe është themeluar nga Sheh Abdyl Maliq Efendi Hilmiu në vitin 1887, ndërsa pasuesit e tij ishin Sheh Emin Efendi Durguti d...","burimi":"DTK","url_dtk":"https://dtk.rks-gov.net/Objekti?heritageId=5707","verifikuar":"po","shenime":"klasa=Monument; heritageId=5707"}},{"type":"Feature","id":"sites_arkitekturore.280","geometry":{"type":"Point","coordinates":[20.65747801,42.40033904]},"geometry_name":"geom","properties":{"id":"ARH-280","emri":"Teqja Halveti","lloji_trashegimise":"arkitekturore","kategoria":"objekt_fetar","periudha":"osman","periudha_detaj":"Osmane","komuna":"Rahovec","rajon":"Kosovë","lat":42.400339,"lon":20.657478,"easting_kosovaref01":7471803.166,"northing_kosovaref01":4695692.626,"sistemi_projeksion":"EPSG:9141 (KOSOVAREF01 / Balkans zone 7)","koordinata_burimi":"DTK; DMS?decimal","saktesia_koordinates":"e mirë","gjendja":"e mirë","status_mbrojtjes":"e pa përcaktuar","pershkrim_i_shkurter":"Teqeja e Madhe në Rahovec i takon tarikatit Halveti. Ky objekt sakral islam gjendet në qendër të qytetit të Rahovecit. Teqeja e Halvetive në Rahovec është ndërtuar në vitin 1145 sipas hicrit/ 1732 viti kalendarik. Themel...","burimi":"DTK","url_dtk":"https://dtk.rks-gov.net/Objekti?heritageId=5650","verifikuar":"po","shenime":"klasa=Monument; heritageId=5650"}},{"type":"Feature","id":"sites_arkitekturore.281","geometry":{"type":"Point","coordinates":[20.65118331,42.30518614]},"geometry_name":"geom","properties":{"id":"ARH-281","emri":"Tyrbja e Baba Hasanit","lloji_trashegimise":"arkitekturore","kategoria":"monument","periudha":"osman","periudha_detaj":"Osmane","komuna":"Rahovec","rajon":"Kosovë","lat":42.3051861,"lon":20.6511833,"easting_kosovaref01":7471241.631,"northing_kosovaref01":4685126.175,"sistemi_projeksion":"EPSG:9141 (KOSOVAREF01 / Balkans zone 7)","koordinata_burimi":"DTK; DMS?decimal","saktesia_koordinates":"e mirë","gjendja":"e mirë","status_mbrojtjes":"e pa përcaktuar","pershkrim_i_shkurter":"Tyrbja e Dervish Hasanit, e cila në popull njihet si tyrbja e Baba Hasanit, gjendet në fshatin Krushë e Vogël, pranë magjistrales Prizren  Gjakovë, komuna e Prizrenit, me pjesën ballore të orientuar kah lindje-perëndimi...","burimi":"DTK","url_dtk":"https://dtk.rks-gov.net/Objekti?heritageId=9253","verifikuar":"po","shenime":"klasa=Monument; heritageId=9253"}},{"type":"Feature","id":"sites_arkitekturore.282","geometry":{"type":"Point","coordinates":[20.6527389,42.39987364]},"geometry_name":"geom","properties":{"id":"ARH-282","emri":"Ura e gurit","lloji_trashegimise":"arkitekturore","kategoria":"monument","periudha":"osman","periudha_detaj":"Osmane","komuna":"Rahovec","rajon":"Kosovë","lat":42.3998736,"lon":20.6527389,"easting_kosovaref01":7471412.825,"northing_kosovaref01":4695642.517,"sistemi_projeksion":"EPSG:9141 (KOSOVAREF01 / Balkans zone 7)","koordinata_burimi":"OSM qendra e komunës: Rahovec","saktesia_koordinates":"e përafërt (qendra e komunës)","gjendja":"e mirë","status_mbrojtjes":"e pa përcaktuar","pershkrim_i_shkurter":"Ura është ndërtuar mbi lumin Remnik, i cili kalon përgjatë fshatit Fortesë. Fshati Fortesë gjendet 7 km në jugperëndim të Rahovecit. Duke u bazuar në teknikën e ndërtimit, materialet dhe formën, supozohet se ura daton ng...","burimi":"DTK","url_dtk":"https://dtk.rks-gov.net/Objekti?heritageId=9271","verifikuar":"po","shenime":"klasa=Monument; heritageId=9271"}},{"type":"Feature","id":"sites_arkitekturore.283","geometry":{"type":"Point","coordinates":[20.6527389,42.39987364]},"geometry_name":"geom","properties":{"id":"ARH-283","emri":"Xhamia e fshatit Xërxë","lloji_trashegimise":"arkitekturore","kategoria":"objekt_fetar","periudha":"i panjohur","periudha_detaj":null,"komuna":"Rahovec","rajon":"Kosovë","lat":42.3998736,"lon":20.6527389,"easting_kosovaref01":7471412.825,"northing_kosovaref01":4695642.517,"sistemi_projeksion":"EPSG:9141 (KOSOVAREF01 / Balkans zone 7)","koordinata_burimi":"OSM qendra e komunës: Rahovec","saktesia_koordinates":"e përafërt (qendra e komunës)","gjendja":"e mirë","status_mbrojtjes":"e pa përcaktuar","pershkrim_i_shkurter":"Xhamia gjendet në qendër të fshatit Xërxë, 10 km në jugperëndim të Rahovecit. Në bazë të mbishkrimit në hyrje, është ndërtuar nga Hysein Spahiu në vitin 1900. Që nga koha kur është ndërtuar e deri më tani ka kryer funksi...","burimi":"DTK","url_dtk":"https://dtk.rks-gov.net/Objekti?heritageId=5746","verifikuar":"po","shenime":"klasa=Monument; heritageId=5746"}},{"type":"Feature","id":"sites_arkitekturore.284","geometry":{"type":"Point","coordinates":[21.0363448,42.43418034]},"geometry_name":"geom","properties":{"id":"ARH-284","emri":"Kulla e familjes Fejzullahu","lloji_trashegimise":"arkitekturore","kategoria":"kulla","periudha":"osman","periudha_detaj":"Osmane","komuna":"Shtime","rajon":"Kosovë","lat":42.4341803,"lon":21.0363448,"easting_kosovaref01":7502990.339,"northing_kosovaref01":4699395.196,"sistemi_projeksion":"EPSG:9141 (KOSOVAREF01 / Balkans zone 7)","koordinata_burimi":"OSM qendra e komunës: Shtime","saktesia_koordinates":"e përafërt (qendra e komunës)","gjendja":"e mirë","status_mbrojtjes":"e pa përcaktuar","pershkrim_i_shkurter":"Fshati Zotaj gjendet 9 km në lindje të Shtimës. Shtëpia e familjes Fejzullahu gjendet në hyrje të fshatit dhe ka vlera të trashëgimisë kulturore arkitektonike, karakteristike për Rrafshin e Kosovës. Duke u bazuar në stil...","burimi":"DTK","url_dtk":"https://dtk.rks-gov.net/Objekti?heritageId=9281","verifikuar":"po","shenime":"klasa=Monument; heritageId=9281"}},{"type":"Feature","id":"sites_arkitekturore.285","geometry":{"type":"Point","coordinates":[20.765622,42.63625004]},"geometry_name":"geom","properties":{"id":"ARH-285","emri":"Kullë - Rexhë Gashi","lloji_trashegimise":"arkitekturore","kategoria":"kulla","periudha":"osman","periudha_detaj":"Osmane","komuna":"Skënderaj","rajon":"Kosovë","lat":42.63625,"lon":20.765622,"easting_kosovaref01":7480778.16,"northing_kosovaref01":4721865.588,"sistemi_projeksion":"EPSG:9141 (KOSOVAREF01 / Balkans zone 7)","koordinata_burimi":"DTK; DMS?decimal","saktesia_koordinates":"e mirë","gjendja":"e mirë","status_mbrojtjes":"e pa përcaktuar","pershkrim_i_shkurter":"Në lagjen Gashi, fshati Abri e Ulët, Komuna e Skenderajt, gjendet kulla dykatëshe (Sipas njësimit në popull ) e Rexhë Gashit. Si mbase të dhënave që na i ofroi njëri nga pasardhësit e familjes Gashi, konkretisht Miftar G...","burimi":"DTK","url_dtk":"https://dtk.rks-gov.net/Objekti?heritageId=8047","verifikuar":"po","shenime":"klasa=Monument; heritageId=8047"}},{"type":"Feature","id":"sites_arkitekturore.286","geometry":{"type":"Point","coordinates":[20.73646099,42.68277804]},"geometry_name":"geom","properties":{"id":"ARH-286","emri":"Mulli - Jetish Mala","lloji_trashegimise":"arkitekturore","kategoria":"monument","periudha":"moderne","periudha_detaj":"Moderne","komuna":"Skënderaj","rajon":"Kosovë","lat":42.682778,"lon":20.736461,"easting_kosovaref01":7478402.711,"northing_kosovaref01":4727040.729,"sistemi_projeksion":"EPSG:9141 (KOSOVAREF01 / Balkans zone 7)","koordinata_burimi":"DTK; DMS?decimal","saktesia_koordinates":"e mirë","gjendja":"e mirë","status_mbrojtjes":"e pa përcaktuar","pershkrim_i_shkurter":"Në fshatin Kopiliq i Ulët, sa i përket ndërtimeve, ende është në këmbë, por në gjendje shumë të keqe, Mulliri i Mujë Shalës. Mulliri gjendet në pjesën lindore fshatin Kopiliq i Ulët të Skenderajt, në lagjen e Malsylëve, ...","burimi":"DTK","url_dtk":"https://dtk.rks-gov.net/Objekti?heritageId=8065","verifikuar":"po","shenime":"klasa=Monument; heritageId=8065"}},{"type":"Feature","id":"sites_arkitekturore.287","geometry":{"type":"Point","coordinates":[20.780625,42.79618904]},"geometry_name":"geom","properties":{"id":"ARH-287","emri":"Mulliri i Zenel, Mehdi dhe Pajazit Beka","lloji_trashegimise":"arkitekturore","kategoria":"monument","periudha":"osman","periudha_detaj":"Osmane","komuna":"Skënderaj","rajon":"Kosovë","lat":42.796189,"lon":20.780625,"easting_kosovaref01":7482054.732,"northing_kosovaref01":4739627.699,"sistemi_projeksion":"EPSG:9141 (KOSOVAREF01 / Balkans zone 7)","koordinata_burimi":"DTK; DMS?decimal","saktesia_koordinates":"e mirë","gjendja":"e mirë","status_mbrojtjes":"e pa përcaktuar","pershkrim_i_shkurter":"Në pjesën jugore të fshatit Kuqicë, komuna e Skenderajt, gjendet mulliri i familjes Beka. Sipas të dhënave të pronarit, ky objekt u ndërtua afërsisht para 300 viteve. Gjithmonë ky objekt ka kryer funksionin e mullirit, s...","burimi":"DTK","url_dtk":"https://dtk.rks-gov.net/Objekti?heritageId=5818","verifikuar":"po","shenime":"klasa=Monument; heritageId=5818"}},{"type":"Feature","id":"sites_arkitekturore.288","geometry":{"type":"Point","coordinates":[20.719458,42.64898304]},"geometry_name":"geom","properties":{"id":"ARH-288","emri":"Shtëpi banimi - Tahir Rrahmani","lloji_trashegimise":"arkitekturore","kategoria":"monument","periudha":"i panjohur","periudha_detaj":null,"komuna":"Skënderaj","rajon":"Kosovë","lat":42.648983,"lon":20.719458,"easting_kosovaref01":7476996.841,"northing_kosovaref01":4723291.427,"sistemi_projeksion":"EPSG:9141 (KOSOVAREF01 / Balkans zone 7)","koordinata_burimi":"DTK; DMS?decimal","saktesia_koordinates":"e mirë","gjendja":"e mirë","status_mbrojtjes":"e pa përcaktuar","pershkrim_i_shkurter":"Në lagjen Baliaj të fshatit Açarevë, komuna e Skenderajt, gjendet kulla dykatëshe e Tahir Rrahmanit. Sipas Tahir Rrahmanit këtë kullë e ka ndërtuar babagjyshi, Rrahman Azemi. Kulla është ndërtuar në dhjetëvjetëshin e f...","burimi":"DTK","url_dtk":"https://dtk.rks-gov.net/Objekti?heritageId=5710","verifikuar":"po","shenime":"klasa=Monument; heritageId=5710"}},{"type":"Feature","id":"sites_arkitekturore.289","geometry":{"type":"Point","coordinates":[20.7891645,42.74756904]},"geometry_name":"geom","properties":{"id":"ARH-289","emri":"Shtëpi banimi-Fetah Loshi","lloji_trashegimise":"arkitekturore","kategoria":"monument","periudha":"i panjohur","periudha_detaj":null,"komuna":"Skënderaj","rajon":"Kosovë","lat":42.747569,"lon":20.7891645,"easting_kosovaref01":7482739.783,"northing_kosovaref01":4734225.342,"sistemi_projeksion":"EPSG:9141 (KOSOVAREF01 / Balkans zone 7)","koordinata_burimi":"OSM qendra e komunës: Skënderaj","saktesia_koordinates":"e përafërt (qendra e komunës)","gjendja":"e mirë","status_mbrojtjes":"e pa përcaktuar","pershkrim_i_shkurter":"Në fshatin Pemishtë (Padalishtë), komuna e Skenderajt, gjendet shtëpia e banimit, (sipas njësimit në popull) Çardaku i Ukë Fetahut. Sipas të dhënave të marra nga banorët e asaj lagjeje e sidomos të moshuarit Musa Loshi, ...","burimi":"DTK","url_dtk":"https://dtk.rks-gov.net/Objekti?heritageId=8347","verifikuar":"po","shenime":"klasa=Monument; heritageId=8347"}},{"type":"Feature","id":"sites_arkitekturore.290","geometry":{"type":"Point","coordinates":[20.648319,42.81794404]},"geometry_name":"geom","properties":{"id":"ARH-290","emri":"Xhamia në Syriganë","lloji_trashegimise":"arkitekturore","kategoria":"objekt_fetar","periudha":"i panjohur","periudha_detaj":null,"komuna":"Skënderaj","rajon":"Kosovë","lat":42.817944,"lon":20.648319,"easting_kosovaref01":7471241.934,"northing_kosovaref01":4742080.845,"sistemi_projeksion":"EPSG:9141 (KOSOVAREF01 / Balkans zone 7)","koordinata_burimi":"DTK; DMS?decimal","saktesia_koordinates":"e mirë","gjendja":"e mirë","status_mbrojtjes":"e pa përcaktuar","pershkrim_i_shkurter":"Xhamia e Syriganës  Syriganë, Skenderaj Xhamia e Syriganës ndodhet mes lagjeve Kamberaj dhe Kajtazi që shtrihen përgjatë luginës së lumit Gujafq. Xhamia u ndërtua në vitin 1825 me iniciativën e xhematit të fshatit S...","burimi":"DTK","url_dtk":"https://dtk.rks-gov.net/Objekti?heritageId=9349","verifikuar":"po","shenime":"klasa=Monument; heritageId=9349"}},{"type":"Feature","id":"sites_arkitekturore.291","geometry":{"type":"Point","coordinates":[20.983775,42.29040804]},"geometry_name":"geom","properties":{"id":"ARH-291","emri":"Gërmadhat e Kishës së Shën Mërisë në Mushtishtë","lloji_trashegimise":"arkitekturore","kategoria":"objekt_fetar","periudha":"mesjetar","periudha_detaj":"Mesjetë e Vonë","komuna":"Suharekë","rajon":"Kosovë","lat":42.290408,"lon":20.983775,"easting_kosovaref01":7498662.01,"northing_kosovaref01":4683426.007,"sistemi_projeksion":"EPSG:9141 (KOSOVAREF01 / Balkans zone 7)","koordinata_burimi":"DTK; DMS?decimal","saktesia_koordinates":"e mirë","gjendja":"e mirë","status_mbrojtjes":"e pa përcaktuar","pershkrim_i_shkurter":"Kompleksi i Kishës së Shën Mërisë gjendet në fshatin Mushtishtë të Komunës së Suharekës. Supozohet të jetë ndërtuar në pjesën e pare të shek.XIV (~ 1315) nga Dragoslav Jovani, i cili ia kushtoi kishën Shën Mërisë. Baza e...","burimi":"DTK","url_dtk":"https://dtk.rks-gov.net/Objekti?heritageId=8824","verifikuar":"po","shenime":"klasa=Monument; heritageId=8824"}},{"type":"Feature","id":"sites_arkitekturore.292","geometry":{"type":"Point","coordinates":[20.866475,42.36118304]},"geometry_name":"geom","properties":{"id":"ARH-292","emri":"Kisha e Shën Gjergjit në Reçanë","lloji_trashegimise":"arkitekturore","kategoria":"objekt_fetar","periudha":"mesjetar","periudha_detaj":"Mesjetë e Vonë","komuna":"Suharekë","rajon":"Kosovë","lat":42.361183,"lon":20.866475,"easting_kosovaref01":7489001.23,"northing_kosovaref01":4691295.388,"sistemi_projeksion":"EPSG:9141 (KOSOVAREF01 / Balkans zone 7)","koordinata_burimi":"DTK; DMS?decimal","saktesia_koordinates":"e mirë","gjendja":"e mirë","status_mbrojtjes":"e pa përcaktuar","pershkrim_i_shkurter":"Kisha e Shën Gjergjit gjendet në fshatin Reçanë të Suharekës. Për kohën e ndërtimit të kishës nuk ka informata të sakta, por supozohet se i takon shek. XIV. Objekti në fjalë ka qenë me dimensione të vogla me bazë në form...","burimi":"DTK","url_dtk":"https://dtk.rks-gov.net/Objekti?heritageId=8822","verifikuar":"po","shenime":"klasa=Monument; heritageId=8822"}},{"type":"Feature","id":"sites_arkitekturore.293","geometry":{"type":"Point","coordinates":[20.9221444,42.40602504]},"geometry_name":"geom","properties":{"id":"ARH-293","emri":"Kulla e Jonuz Hasan Tafollit","lloji_trashegimise":"arkitekturore","kategoria":"kulla","periudha":"osman","periudha_detaj":"Osmane","komuna":"Suharekë","rajon":"Kosovë","lat":42.406025,"lon":20.9221444,"easting_kosovaref01":7493591.413,"northing_kosovaref01":4696270.273,"sistemi_projeksion":"EPSG:9141 (KOSOVAREF01 / Balkans zone 7)","koordinata_burimi":"DTK; DMS?decimal","saktesia_koordinates":"e mirë","gjendja":"e mirë","status_mbrojtjes":"e pa përcaktuar","pershkrim_i_shkurter":"Kulla e Jonuz HasanTafollit gjendet në fshatin Çadrak të komunës së Suharekës. Gjendet në lagjen Tafolli, me fasadën ballore të orientuar kah juglindja. Në kuadër të kullës gjendet oborri dhe një shtëpi e re. Në afërsi...","burimi":"DTK","url_dtk":"https://dtk.rks-gov.net/Objekti?heritageId=3937","verifikuar":"po","shenime":"klasa=Monument; heritageId=3937"}},{"type":"Feature","id":"sites_arkitekturore.294","geometry":{"type":"Point","coordinates":[20.9155278,42.33717504]},"geometry_name":"geom","properties":{"id":"ARH-294","emri":"Mulliri i vjetër i familjes Buzhala","lloji_trashegimise":"arkitekturore","kategoria":"monument","periudha":"moderne","periudha_detaj":"Moderne","komuna":"Suharekë","rajon":"Kosovë","lat":42.337175,"lon":20.9155278,"easting_kosovaref01":7493039.177,"northing_kosovaref01":4688623.665,"sistemi_projeksion":"EPSG:9141 (KOSOVAREF01 / Balkans zone 7)","koordinata_burimi":"DTK; DMS?decimal","saktesia_koordinates":"e mirë","gjendja":"e mirë","status_mbrojtjes":"e pa përcaktuar","pershkrim_i_shkurter":"Mulliri i vjetër i familjes Buzhala gjendet në fshatin Budakovë, në lagjenBuzhala, komuna e Suharekës, pranë rrugës që lidh fshatin Vraniq me fshatin Buzhalë. Qasja në mulli mundësohet nga një rrugë dytësore që lidhet ...","burimi":"DTK","url_dtk":"https://dtk.rks-gov.net/Objekti?heritageId=3946","verifikuar":"po","shenime":"klasa=Monument; heritageId=3946"}},{"type":"Feature","id":"sites_arkitekturore.295","geometry":{"type":"Point","coordinates":[21.3571197,42.31879974]},"geometry_name":"geom","properties":{"id":"ARH-295","emri":"Kisha e Shën Ndout në Binçë","lloji_trashegimise":"arkitekturore","kategoria":"objekt_fetar","periudha":"moderne","periudha_detaj":"Moderne","komuna":"Viti","rajon":"Kosovë","lat":42.3187997,"lon":21.3571197,"easting_kosovaref01":7529436.571,"northing_kosovaref01":4686641.055,"sistemi_projeksion":"EPSG:9141 (KOSOVAREF01 / Balkans zone 7)","koordinata_burimi":"OSM qendra e komunës: Viti","saktesia_koordinates":"e përafërt (qendra e komunës)","gjendja":"e mirë","status_mbrojtjes":"e pa përcaktuar","pershkrim_i_shkurter":"Kisha e Shën Ndout gjendet në fshatin Binçë të komunës së Vitisë. Ndërtimi i saj ka filluar në vitin 1968, kurse është hapur për besimtarët më 1972. Në oborr të saj gjendet edhe shtëpia e famullisë dhe kuvendi i motrave....","burimi":"DTK","url_dtk":"https://dtk.rks-gov.net/Objekti?heritageId=883","verifikuar":"po","shenime":"klasa=Monument; heritageId=883"}},{"type":"Feature","id":"sites_arkitekturore.296","geometry":{"type":"Point","coordinates":[21.3571197,42.31879974]},"geometry_name":"geom","properties":{"id":"ARH-296","emri":"Manastiri i Binaçit","lloji_trashegimise":"arkitekturore","kategoria":"objekt_fetar","periudha":"mesjetar","periudha_detaj":"Mesjetë e Vonë","komuna":"Viti","rajon":"Kosovë","lat":42.3187997,"lon":21.3571197,"easting_kosovaref01":7529436.571,"northing_kosovaref01":4686641.055,"sistemi_projeksion":"EPSG:9141 (KOSOVAREF01 / Balkans zone 7)","koordinata_burimi":"OSM qendra e komunës: Viti","saktesia_koordinates":"e përafërt (qendra e komunës)","gjendja":"e mirë","status_mbrojtjes":"e pa përcaktuar","pershkrim_i_shkurter":"Në fshatin Buzovik, komuna e Vitisë, gjendet Manastiri i Shën Mëhillit, që daton nga shek. XIV. Manastiri përbëhej nga objekti i kishës dhe konakut dhe rrethojës prej muri. Manastiri tashmë është shkatërruar. Kisha shtri...","burimi":"DTK","url_dtk":"https://dtk.rks-gov.net/Objekti?heritageId=8587","verifikuar":"po","shenime":"klasa=Monument; heritageId=8587"}},{"type":"Feature","id":"sites_arkitekturore.297","geometry":{"type":"Point","coordinates":[21.3571197,42.31879974]},"geometry_name":"geom","properties":{"id":"ARH-297","emri":"Ndërtesa e Shkollës Fillore në Gjuhën Shqipe","lloji_trashegimise":"arkitekturore","kategoria":"monument","periudha":"osman","periudha_detaj":"Osmane","komuna":"Viti","rajon":"Kosovë","lat":42.3187997,"lon":21.3571197,"easting_kosovaref01":7529436.571,"northing_kosovaref01":4686641.055,"sistemi_projeksion":"EPSG:9141 (KOSOVAREF01 / Balkans zone 7)","koordinata_burimi":"OSM qendra e komunës: Viti","saktesia_koordinates":"e përafërt (qendra e komunës)","gjendja":"e mirë","status_mbrojtjes":"e pa përcaktuar","pershkrim_i_shkurter":"Shkolla e Parë Shqipe në Kosovë  Kisha e Shën Gjergjit gjendet në fshatin Stubëll e Epërme, komuna e Vitisë. Historiku i saj është më i hershëm sesa koha e emërtimit të saj dhe pikërisht është fjala për Kolegjin e Shën ...","burimi":"DTK","url_dtk":"https://dtk.rks-gov.net/Objekti?heritageId=8575","verifikuar":"po","shenime":"klasa=Monument; heritageId=8575"}},{"type":"Feature","id":"sites_arkitekturore.298","geometry":{"type":"Point","coordinates":[21.3571197,42.31879974]},"geometry_name":"geom","properties":{"id":"ARH-298","emri":"Oda e Haxhi Ahmetit","lloji_trashegimise":"arkitekturore","kategoria":"monument","periudha":"osman","periudha_detaj":"Osmane","komuna":"Viti","rajon":"Kosovë","lat":42.3187997,"lon":21.3571197,"easting_kosovaref01":7529436.571,"northing_kosovaref01":4686641.055,"sistemi_projeksion":"EPSG:9141 (KOSOVAREF01 / Balkans zone 7)","koordinata_burimi":"OSM qendra e komunës: Viti","saktesia_koordinates":"e përafërt (qendra e komunës)","gjendja":"e mirë","status_mbrojtjes":"e pa përcaktuar","pershkrim_i_shkurter":"Në fshatin Remnik, 16 km në jug të Gjilanit, gjendet një kompleks i banimit fshatar që daton nga shek. XIX. Kompleksi përbëhet nga shtëpia e banimit për shfrytëzim familjar dhe oda që shfrytëzohej për pritje të mysafirëv...","burimi":"DTK","url_dtk":"https://dtk.rks-gov.net/Objekti?heritageId=8401","verifikuar":"po","shenime":"klasa=Monument; heritageId=8401"}},{"type":"Feature","id":"sites_arkitekturore.299","geometry":{"type":"Point","coordinates":[20.7446333,42.21535284]},"geometry_name":"geom","properties":{"id":"ARH-299","emri":"Shtëpi me çardak e Sejdi Ismajl Budrigës","lloji_trashegimise":"arkitekturore","kategoria":"monument","periudha":"osman","periudha_detaj":"Osmane","komuna":"Viti","rajon":"Kosovë","lat":42.2153528,"lon":20.7446333,"easting_kosovaref01":7478916.263,"northing_kosovaref01":4675121.287,"sistemi_projeksion":"EPSG:9141 (KOSOVAREF01 / Balkans zone 7)","koordinata_burimi":"DTK; DMS?decimal","saktesia_koordinates":"e mirë","gjendja":"e mirë","status_mbrojtjes":"e pa përcaktuar","pershkrim_i_shkurter":"Në fshatin Budrigë e Epërme, të komunës së Gjilanit, gjendet shtëpia e Sejdi Ismajl Budrigës. Kjo shtëpi është ndërtuar diku rreth viteve 1908-1912. Shtëpia i ka dy etazhe: përdhesën dhe katin e parë. Në përdhesë gjende...","burimi":"DTK","url_dtk":"https://dtk.rks-gov.net/Objekti?heritageId=3916","verifikuar":"po","shenime":"klasa=Monument; heritageId=3916"}},{"type":"Feature","id":"sites_arkitekturore.300","geometry":{"type":"Point","coordinates":[21.3571197,42.31879974]},"geometry_name":"geom","properties":{"id":"ARH-300","emri":"Shtëpia e Haxhi Ahmetit","lloji_trashegimise":"arkitekturore","kategoria":"monument","periudha":"osman","periudha_detaj":"Osmane","komuna":"Viti","rajon":"Kosovë","lat":42.3187997,"lon":21.3571197,"easting_kosovaref01":7529436.571,"northing_kosovaref01":4686641.055,"sistemi_projeksion":"EPSG:9141 (KOSOVAREF01 / Balkans zone 7)","koordinata_burimi":"OSM qendra e komunës: Viti","saktesia_koordinates":"e përafërt (qendra e komunës)","gjendja":"e mirë","status_mbrojtjes":"e pa përcaktuar","pershkrim_i_shkurter":"Në fshatin Remnik, 16 km në jug të Gjilanit, gjendet një kompleks i banimit fshatar që daton nga shek. XIX. Kompleksi përbëhet nga shtëpia e banimit për shfrytëzim familjar dhe oda që shfrytëzohej për pritje të mysafirëv...","burimi":"DTK","url_dtk":"https://dtk.rks-gov.net/Objekti?heritageId=8398","verifikuar":"po","shenime":"klasa=Monument; heritageId=8398"}},{"type":"Feature","id":"sites_arkitekturore.301","geometry":{"type":"Point","coordinates":[21.3571197,42.31879974]},"geometry_name":"geom","properties":{"id":"ARH-301","emri":"Xhamia e Gërmovës","lloji_trashegimise":"arkitekturore","kategoria":"objekt_fetar","periudha":"osman","periudha_detaj":"Osmane","komuna":"Viti","rajon":"Kosovë","lat":42.3187997,"lon":21.3571197,"easting_kosovaref01":7529436.571,"northing_kosovaref01":4686641.055,"sistemi_projeksion":"EPSG:9141 (KOSOVAREF01 / Balkans zone 7)","koordinata_burimi":"OSM qendra e komunës: Viti","saktesia_koordinates":"e përafërt (qendra e komunës)","gjendja":"e mirë","status_mbrojtjes":"e pa përcaktuar","pershkrim_i_shkurter":"Xhamia e Gërmovës ndodhet në fshatin Gërmovë të komunës së Vitisë. Supozohet që është ndërtuar diku në vitin 1827, edhe pse në disa shënime përmendet shekulli XIV, e diku edhe viti 1447. Xhamia e parë, përkatësisht kati ...","burimi":"DTK","url_dtk":"https://dtk.rks-gov.net/Objekti?heritageId=2915","verifikuar":"po","shenime":"klasa=Monument; heritageId=2915"}},{"type":"Feature","id":"sites_arkitekturore.302","geometry":{"type":"Point","coordinates":[21.3571197,42.31879974]},"geometry_name":"geom","properties":{"id":"ARH-302","emri":"Xhamia e Sllatinës së Epërme","lloji_trashegimise":"arkitekturore","kategoria":"objekt_fetar","periudha":"osman","periudha_detaj":"Osmane","komuna":"Viti","rajon":"Kosovë","lat":42.3187997,"lon":21.3571197,"easting_kosovaref01":7529436.571,"northing_kosovaref01":4686641.055,"sistemi_projeksion":"EPSG:9141 (KOSOVAREF01 / Balkans zone 7)","koordinata_burimi":"OSM qendra e komunës: Viti","saktesia_koordinates":"e përafërt (qendra e komunës)","gjendja":"e mirë","status_mbrojtjes":"e pa përcaktuar","pershkrim_i_shkurter":"Në fshatin Sllatinë e Epërme, 25 km në jug-perëndim të Gjilanit, gjendet një xhami e ndërtuar në vitet e para të shek. XX. Nga mbishkrimi mbi derën hyrëse të xhamisë, viti i ndërtimit të xhamisë shënon viti 1321-1325 sip...","burimi":"DTK","url_dtk":"https://dtk.rks-gov.net/Objekti?heritageId=8560","verifikuar":"po","shenime":"klasa=Monument; heritageId=8560"}},{"type":"Feature","id":"sites_arkitekturore.303","geometry":{"type":"Point","coordinates":[20.964261,42.82163104]},"geometry_name":"geom","properties":{"id":"ARH-303","emri":"Hamami i Vjetër","lloji_trashegimise":"arkitekturore","kategoria":"objekt_urban","periudha":"osman","periudha_detaj":"Osmane","komuna":"Vushtrri","rajon":"Kosovë","lat":42.821631,"lon":20.964261,"easting_kosovaref01":7497077.684,"northing_kosovaref01":4742431.023,"sistemi_projeksion":"EPSG:9141 (KOSOVAREF01 / Balkans zone 7)","koordinata_burimi":"DTK; DMS?decimal","saktesia_koordinates":"e mirë","gjendja":"e mirë","status_mbrojtjes":"e pa përcaktuar","pershkrim_i_shkurter":"Hamami i Gazi Ali Beut gjendet në bërthamën e qendrës së vjetër të qytetit të Vushtrrisë. Hamami i Vushtrrisë është ndërtuar nga Gazi Ali Beut në fund të shek.XIV dhe fillim të shek.XV. Objekti sanitar publik kishte funk...","burimi":"DTK","url_dtk":"https://dtk.rks-gov.net/Objekti?heritageId=8706","verifikuar":"po","shenime":"klasa=Monument; heritageId=8706"}},{"type":"Feature","id":"sites_arkitekturore.304","geometry":{"type":"Point","coordinates":[20.964653,42.82248904]},"geometry_name":"geom","properties":{"id":"ARH-304","emri":"Ish Arkivi Historik","lloji_trashegimise":"arkitekturore","kategoria":"monument","periudha":"i panjohur","periudha_detaj":null,"komuna":"Vushtrri","rajon":"Kosovë","lat":42.822489,"lon":20.964653,"easting_kosovaref01":7497109.777,"northing_kosovaref01":4742526.314,"sistemi_projeksion":"EPSG:9141 (KOSOVAREF01 / Balkans zone 7)","koordinata_burimi":"DTK; DMS?decimal","saktesia_koordinates":"e mirë","gjendja":"e mirë","status_mbrojtjes":"e pa përcaktuar","pershkrim_i_shkurter":"Në qytetin e Vushtrrisë, përballë objektit të Komunës, gjendet shtëpia e ish-Arkivit Historik. Koha e ndërtimit të këtij monumenti i takon shek. XX. Objekti me etazhe P+K, me bazament guri, është ndërtuar nga tullat e ar...","burimi":"DTK","url_dtk":"https://dtk.rks-gov.net/Objekti?heritageId=9958","verifikuar":"po","shenime":"klasa=Monument; heritageId=9958"}},{"type":"Feature","id":"sites_arkitekturore.305","geometry":{"type":"Point","coordinates":[20.967503,42.82226704]},"geometry_name":"geom","properties":{"id":"ARH-305","emri":"Kështjella \"Kalaja\" Kulla e Vjetër","lloji_trashegimise":"arkitekturore","kategoria":"kulla","periudha":"i panjohur","periudha_detaj":null,"komuna":"Vushtrri","rajon":"Kosovë","lat":42.822267,"lon":20.967503,"easting_kosovaref01":7497342.804,"northing_kosovaref01":4742501.561,"sistemi_projeksion":"EPSG:9141 (KOSOVAREF01 / Balkans zone 7)","koordinata_burimi":"DTK; DMS?decimal","saktesia_koordinates":"e mirë","gjendja":"e mirë","status_mbrojtjes":"e pa përcaktuar","pershkrim_i_shkurter":"Kalaja ndodhet në qendër të bërthamës së vjetër të qytetit të Vushtrrisë Sipas Historianëve shqiptarë Dr. Skender Riza, Dr. Jahja Drançolli dhe të tjerë thonë se kalaja u ndërtua gjatë periudhës së hershme Iliro-Dardane....","burimi":"DTK","url_dtk":"https://dtk.rks-gov.net/Objekti?heritageId=8708","verifikuar":"po","shenime":"klasa=Monument; heritageId=8708"}},{"type":"Feature","id":"sites_arkitekturore.306","geometry":{"type":"Point","coordinates":[21.049642,42.82427204]},"geometry_name":"geom","properties":{"id":"ARH-306","emri":"Kisha Samadrexhë - Kisha e Shën Llazarit","lloji_trashegimise":"arkitekturore","kategoria":"objekt_fetar","periudha":"mesjetar","periudha_detaj":"Mesjetë e Hershme","komuna":"Vushtrri","rajon":"Kosovë","lat":42.824272,"lon":21.049642,"easting_kosovaref01":7504058.967,"northing_kosovaref01":4742724.956,"sistemi_projeksion":"EPSG:9141 (KOSOVAREF01 / Balkans zone 7)","koordinata_burimi":"DTK; DMS?decimal","saktesia_koordinates":"e mirë","gjendja":"e mirë","status_mbrojtjes":"e pa përcaktuar","pershkrim_i_shkurter":"Në Samdrexhë fshat ky 6m në lindje të qytetit të Vushtrrisë gjendet kisha e Samdrexhës. Sipas gojedhenave të popullit kisha u ndërtua në shek XIV nga vendasit e këtij vendbanimi përkushtuar Shen Jovanit. Që nga ndërtimi ...","burimi":"DTK","url_dtk":"https://dtk.rks-gov.net/Objekti?heritageId=8705","verifikuar":"po","shenime":"klasa=Monument; heritageId=8705"}},{"type":"Feature","id":"sites_arkitekturore.307","geometry":{"type":"Point","coordinates":[20.871581,42.80689704]},"geometry_name":"geom","properties":{"id":"ARH-307","emri":"Kulla e Kadri Hysenit","lloji_trashegimise":"arkitekturore","kategoria":"kulla","periudha":"osman","periudha_detaj":"Osmane","komuna":"Vushtrri","rajon":"Kosovë","lat":42.806897,"lon":20.871581,"easting_kosovaref01":7489496.908,"northing_kosovaref01":4740801.778,"sistemi_projeksion":"EPSG:9141 (KOSOVAREF01 / Balkans zone 7)","koordinata_burimi":"DTK; DMS?decimal","saktesia_koordinates":"e mirë","gjendja":"e mirë","status_mbrojtjes":"e pa përcaktuar","pershkrim_i_shkurter":"Ashlani si vendbanim përmendet në shek. XV. Sipas të dhënave për herë të parë përmendet në DEFTER-I MUFASSAL-I VILAYET-I VLK të vitit 869 ( Defterin e gjerë kadastral të regjistrimit të vitit 1455). Fshati ishte i njohur...","burimi":"DTK","url_dtk":"https://dtk.rks-gov.net/Objekti?heritageId=9236","verifikuar":"po","shenime":"klasa=Monument; heritageId=9236"}},{"type":"Feature","id":"sites_arkitekturore.308","geometry":{"type":"Point","coordinates":[20.93958601,42.87269404]},"geometry_name":"geom","properties":{"id":"ARH-308","emri":"Mulliri i Hajrizit - Mulliri i Zotnisë","lloji_trashegimise":"arkitekturore","kategoria":"monument","periudha":"i panjohur","periudha_detaj":null,"komuna":"Vushtrri","rajon":"Kosovë","lat":42.872694,"lon":20.939586,"easting_kosovaref01":7495064.12,"northing_kosovaref01":4748104.183,"sistemi_projeksion":"EPSG:9141 (KOSOVAREF01 / Balkans zone 7)","koordinata_burimi":"DTK; DMS?decimal","saktesia_koordinates":"e mirë","gjendja":"e mirë","status_mbrojtjes":"e pa përcaktuar","pershkrim_i_shkurter":"Në lagjen Mustafa të fshatit Smrekovnicë, komuna e Vushtrrisë, në pjesën veriore, në distancë nga qyteti i Vushtrrisë 7,5 km, gjendet (sipas njësimit në popull) Mulliri i Zotnisë. Mullirin thuhet se e ka ndërtuar Zotër...","burimi":"DTK","url_dtk":"https://dtk.rks-gov.net/Objekti?heritageId=9846","verifikuar":"po","shenime":"klasa=Monument; heritageId=9846"}},{"type":"Feature","id":"sites_arkitekturore.309","geometry":{"type":"Point","coordinates":[20.941536,42.86667504]},"geometry_name":"geom","properties":{"id":"ARH-309","emri":"Muri i Zotnisë","lloji_trashegimise":"arkitekturore","kategoria":"monument","periudha":"i panjohur","periudha_detaj":null,"komuna":"Vushtrri","rajon":"Kosovë","lat":42.866675,"lon":20.941536,"easting_kosovaref01":7495222.972,"northing_kosovaref01":4747435.485,"sistemi_projeksion":"EPSG:9141 (KOSOVAREF01 / Balkans zone 7)","koordinata_burimi":"DTK; DMS?decimal","saktesia_koordinates":"e mirë","gjendja":"e mirë","status_mbrojtjes":"e pa përcaktuar","pershkrim_i_shkurter":"Në lagjen Kajtazi të fshatit Smrekovnicë, komuna e Vushtrrisë, në një distancë afro 7 km, gjendet (sipas njësimit në popull) Muri i Zotnisë. Murin thuhet se e ka ndërtuar Zotnia i fshatit, i cili edhe ka qenë përgjegjë...","burimi":"DTK","url_dtk":"https://dtk.rks-gov.net/Objekti?heritageId=9876","verifikuar":"po","shenime":"klasa=Monument; heritageId=9876"}},{"type":"Feature","id":"sites_arkitekturore.310","geometry":{"type":"Point","coordinates":[20.96432199,42.81978904]},"geometry_name":"geom","properties":{"id":"ARH-310","emri":"Shtëpi banimi - Mahmut Pashë Gjinolli","lloji_trashegimise":"arkitekturore","kategoria":"monument","periudha":"moderne","periudha_detaj":"Moderne","komuna":"Vushtrri","rajon":"Kosovë","lat":42.819789,"lon":20.964322,"easting_kosovaref01":7497082.585,"northing_kosovaref01":4742226.415,"sistemi_projeksion":"EPSG:9141 (KOSOVAREF01 / Balkans zone 7)","koordinata_burimi":"DTK; DMS?decimal","saktesia_koordinates":"e mirë","gjendja":"e mirë","status_mbrojtjes":"e pa përcaktuar","pershkrim_i_shkurter":"Shtëpia e Mahmut Pashë Gjinollit gjendet në pjesën perëndimore të qytetit të Vushtrrisë afër lumit Tërstenë. Sipas të dhënave historike dhe banorëve lokal shtëpia në fjalë besohet të jetë ndërtuar kah fundi i shek. XIX f...","burimi":"DTK","url_dtk":"https://dtk.rks-gov.net/Objekti?heritageId=9152","verifikuar":"po","shenime":"klasa=Monument; heritageId=9152"}},{"type":"Feature","id":"sites_arkitekturore.311","geometry":{"type":"Point","coordinates":[20.96515,42.82075804]},"geometry_name":"geom","properties":{"id":"ARH-311","emri":"Shtëpi banimi - Shaban Aga","lloji_trashegimise":"arkitekturore","kategoria":"monument","periudha":"osman","periudha_detaj":"Osmane","komuna":"Vushtrri","rajon":"Kosovë","lat":42.820758,"lon":20.96515,"easting_kosovaref01":7497150.336,"northing_kosovaref01":4742334.021,"sistemi_projeksion":"EPSG:9141 (KOSOVAREF01 / Balkans zone 7)","koordinata_burimi":"DTK; DMS?decimal","saktesia_koordinates":"e mirë","gjendja":"e mirë","status_mbrojtjes":"e pa përcaktuar","pershkrim_i_shkurter":"Shtëpia e Shaban Agës Në bërthamën e vjetër të qytetit të Vushtrrisë në afërsi të shtëpisë së Mahmut Pash Gjinollit në oborrin e gjerë është ndërtuar shtëpia e Shaban Agës. Shtëpia i takon ndërtimit të viteve të fundit t...","burimi":"DTK","url_dtk":"https://dtk.rks-gov.net/Objekti?heritageId=9127","verifikuar":"po","shenime":"klasa=Monument; heritageId=9127"}},{"type":"Feature","id":"sites_arkitekturore.312","geometry":{"type":"Point","coordinates":[20.969261,42.81925004]},"geometry_name":"geom","properties":{"id":"ARH-312","emri":"Shtëpia e familjes Pantina","lloji_trashegimise":"arkitekturore","kategoria":"monument","periudha":"moderne","periudha_detaj":"Moderne","komuna":"Vushtrri","rajon":"Kosovë","lat":42.81925,"lon":20.969261,"easting_kosovaref01":7497486.429,"northing_kosovaref01":4742166.384,"sistemi_projeksion":"EPSG:9141 (KOSOVAREF01 / Balkans zone 7)","koordinata_burimi":"DTK; DMS?decimal","saktesia_koordinates":"e mirë","gjendja":"e mirë","status_mbrojtjes":"e pa përcaktuar","pershkrim_i_shkurter":"Shtëpia e familjes Bunjaku është ndërtuar në fillim të shek XX. Kjo shtëpi ndodhet në lagjen e Pantinave, lagje kjo e bërthamës së vjetër të qytetit të Vushtrrisë. Shtëpia që nga koha e ndërtimit e deri më sot ka pasur f...","burimi":"DTK","url_dtk":"https://dtk.rks-gov.net/Objekti?heritageId=9237","verifikuar":"po","shenime":"klasa=Monument; heritageId=9237"}},{"type":"Feature","id":"sites_arkitekturore.313","geometry":{"type":"Point","coordinates":[20.890114,42.80923604]},"geometry_name":"geom","properties":{"id":"ARH-313","emri":"Shtëpia e Zejnullah Beut","lloji_trashegimise":"arkitekturore","kategoria":"monument","periudha":"i panjohur","periudha_detaj":null,"komuna":"Vushtrri","rajon":"Kosovë","lat":42.809236,"lon":20.890114,"easting_kosovaref01":7491013.018,"northing_kosovaref01":4741059.447,"sistemi_projeksion":"EPSG:9141 (KOSOVAREF01 / Balkans zone 7)","koordinata_burimi":"DTK; DMS?decimal","saktesia_koordinates":"e mirë","gjendja":"e mirë","status_mbrojtjes":"e pa përcaktuar","pershkrim_i_shkurter":"Shtëpia e Zejnullah Beut, ndërtim i shek. XX, me vendndodhje në fshatin Balincë, fshat ky në veriperëndim të Vushtrrisë, karakterizohet me arkitekturën e saj të veçantë që është realizuar në fshat. Shtëpia-kullë kishte d...","burimi":"DTK","url_dtk":"https://dtk.rks-gov.net/Objekti?heritageId=9128","verifikuar":"po","shenime":"klasa=Monument; heritageId=9128"}},{"type":"Feature","id":"sites_arkitekturore.314","geometry":{"type":"Point","coordinates":[21.054222,42.84722804]},"geometry_name":"geom","properties":{"id":"ARH-314","emri":"Shtëpia e Zymer Musiqit","lloji_trashegimise":"arkitekturore","kategoria":"monument","periudha":"osman","periudha_detaj":"Osmane","komuna":"Vushtrri","rajon":"Kosovë","lat":42.847228,"lon":21.054222,"easting_kosovaref01":7504431.809,"northing_kosovaref01":4745275.103,"sistemi_projeksion":"EPSG:9141 (KOSOVAREF01 / Balkans zone 7)","koordinata_burimi":"DTK; DMS?decimal","saktesia_koordinates":"e mirë","gjendja":"e mirë","status_mbrojtjes":"e pa përcaktuar","pershkrim_i_shkurter":"Shtëpia me vlera arkitektonike popullore e familjarëve Musiqi dhe Mulaku gjendet në Fshatin Ceceli, Fshat ky i cili emërohet në bazë të shenjtores Sicilia. Është i regjistruar në Muhasebe-i Vilajet-i RUMELI DEFTERI 1530 ...","burimi":"DTK","url_dtk":"https://dtk.rks-gov.net/Objekti?heritageId=9235","verifikuar":"po","shenime":"klasa=Monument; heritageId=9235"}},{"type":"Feature","id":"sites_arkitekturore.315","geometry":{"type":"Point","coordinates":[20.960122,42.82332504]},"geometry_name":"geom","properties":{"id":"ARH-315","emri":"Ura e Vjetër e Gurit","lloji_trashegimise":"arkitekturore","kategoria":"monument","periudha":"i panjohur","periudha_detaj":null,"komuna":"Vushtrri","rajon":"Kosovë","lat":42.823325,"lon":20.960122,"easting_kosovaref01":7496739.334,"northing_kosovaref01":4742619.341,"sistemi_projeksion":"EPSG:9141 (KOSOVAREF01 / Balkans zone 7)","koordinata_burimi":"DTK; DMS?decimal","saktesia_koordinates":"e mirë","gjendja":"e mirë","status_mbrojtjes":"e pa përcaktuar","pershkrim_i_shkurter":"Në perëndim të qytetit të Vushtrrisë në rrugën e vjetër Vushtrri - Mitrovicë gjendet Ura e Vjetër e Gurit me nëntë harqe Ura e Gurit i takon shek. XIV. Në rrjedhën e mesme të lumit Sitnicë kjo vepër kishte funksion të li...","burimi":"DTK","url_dtk":"https://dtk.rks-gov.net/Objekti?heritageId=8707","verifikuar":"po","shenime":"klasa=Monument; heritageId=8707"}},{"type":"Feature","id":"sites_arkitekturore.316","geometry":{"type":"Point","coordinates":[20.963833,42.82085304]},"geometry_name":"geom","properties":{"id":"ARH-316","emri":"Xhamia e Gazi Ali Beut","lloji_trashegimise":"arkitekturore","kategoria":"objekt_fetar","periudha":"osman","periudha_detaj":"Osmane","komuna":"Vushtrri","rajon":"Kosovë","lat":42.820853,"lon":20.963833,"easting_kosovaref01":7497042.65,"northing_kosovaref01":4742344.619,"sistemi_projeksion":"EPSG:9141 (KOSOVAREF01 / Balkans zone 7)","koordinata_burimi":"DTK; DMS?decimal","saktesia_koordinates":"e mirë","gjendja":"e mirë","status_mbrojtjes":"e pa përcaktuar","pershkrim_i_shkurter":"Xhamia e Gazi Ali Beut ndodhet në bërthamen e vjetër të qytetit të Vushtrrisë, në largësi prej 100m nga Hamami i vjetër. Xhamia u ndërtua nga mesi i shek.XV. Që nga fillimi e deri në ditët e sotme Xhamia gjithherë ka she...","burimi":"DTK","url_dtk":"https://dtk.rks-gov.net/Objekti?heritageId=8700","verifikuar":"po","shenime":"klasa=Monument; heritageId=8700"}},{"type":"Feature","id":"sites_arkitekturore.317","geometry":{"type":"Point","coordinates":[20.862061,42.92854404]},"geometry_name":"geom","properties":{"id":"ARH-317","emri":"Kompleki i Ndërtesave të Isë Boletinit","lloji_trashegimise":"arkitekturore","kategoria":"monument","periudha":"osman","periudha_detaj":"Osmane","komuna":"Zveçan","rajon":"Kosovë","lat":42.928544,"lon":20.862061,"easting_kosovaref01":7488740.421,"northing_kosovaref01":4754315.444,"sistemi_projeksion":"EPSG:9141 (KOSOVAREF01 / Balkans zone 7)","koordinata_burimi":"DTK; DMS?decimal","saktesia_koordinates":"e mirë","gjendja":"e mirë","status_mbrojtjes":"e pa përcaktuar","pershkrim_i_shkurter":"Kompleksi i kullave të Boletinëve gjendet në fshatin Boletin, në komunën e Zveçanit. Kullat si vendbanim i fortifikuar familjar i Boletinëve - u ngritën në fund të shek. XIX. Kullat e Isa Boletinit u shkatërruan tri herë...","burimi":"DTK","url_dtk":"https://dtk.rks-gov.net/Objekti?heritageId=7","verifikuar":"po","shenime":"klasa=Monument; heritageId=7"}},{"type":"Feature","id":"sites_arkitekturore.318","geometry":{"type":"Point","coordinates":[20.862761,42.92762504]},"geometry_name":"geom","properties":{"id":"ARH-318","emri":"Manastiri i Sokolicës","lloji_trashegimise":"arkitekturore","kategoria":"objekt_fetar","periudha":"mesjetar","periudha_detaj":"Mesjetë e Hershme","komuna":"Zveçan","rajon":"Kosovë","lat":42.927625,"lon":20.862761,"easting_kosovaref01":7488797.393,"northing_kosovaref01":4754213.268,"sistemi_projeksion":"EPSG:9141 (KOSOVAREF01 / Balkans zone 7)","koordinata_burimi":"DTK; DMS?decimal","saktesia_koordinates":"e mirë","gjendja":"e mirë","status_mbrojtjes":"e pa përcaktuar","pershkrim_i_shkurter":"Manastiri i Sokolicës gjendet në shpatet e kodrës së Sokolicës, 10 km në lindje të Zveçanit, në afërsi të Mitrovicës. Manastir i Sokolicës i është dedikuar për nderin e Virgjëreshës së Shenjtë. Supozohet se kisha e manas...","burimi":"DTK","url_dtk":"https://dtk.rks-gov.net/Objekti?heritageId=8699","verifikuar":"po","shenime":"klasa=Monument; heritageId=8699"}}],"totalFeatures":318,"numberMatched":318,"numberReturned":318,"timeStamp":"2026-05-28T16:57:17.440Z","crs":{"type":"name","properties":{"name":"urn:ogc:def:crs:EPSG::4326"}}}